{
  "fc.bias": {
    "max": 0.15565836429595947,
    "mean": 0.062839183605143
  },
  "fc.weight": {
    "max": 2.393634557723999,
    "mean": 1.0986564564704895
  }
}