{
  "fc.bias": {
    "max": 0.15545685589313507,
    "mean": 0.05677543630291309
  },
  "fc.weight": {
    "max": 2.3754613399505615,
    "mean": 0.9952888131993157
  }
}