{
  "fc.bias": {
    "max": 0.16488884389400482,
    "mean": 0.057406180165708066
  },
  "fc.weight": {
    "max": 2.689039945602417,
    "mean": 1.0043049548353469
  }
}