{
  "fc.bias": {
    "max": 0.1492844820022583,
    "mean": 0.06037131908216647
  },
  "fc.weight": {
    "max": 2.328533887863159,
    "mean": 1.0528928283282688
  }
}