{
  "fc.bias": {
    "max": 0.2830297350883484,
    "mean": 0.17463957650320872
  },
  "fc.weight": {
    "max": 4.601919651031494,
    "mean": 3.044631086077009
  }
}