{
  "fc.bias": {
    "max": 0.11521441489458084,
    "mean": 0.056088085110698425
  },
  "fc.weight": {
    "max": 1.896674633026123,
    "mean": 0.9760580946717944
  }
}