{
  "fc.bias": {
    "max": 0.16885524988174438,
    "mean": 0.09016872423035757
  },
  "fc.weight": {
    "max": 2.5570216178894043,
    "mean": 1.5660990078108652
  }
}