{
  "fc.bias": {
    "max": 0.0993235781788826,
    "mean": 0.05376000091433525
  },
  "fc.weight": {
    "max": 1.6987903118133545,
    "mean": 0.9433300786358969
  }
}