{
  "fc.bias": {
    "max": 0.2226266860961914,
    "mean": 0.11722072245819228
  },
  "fc.weight": {
    "max": 3.499497413635254,
    "mean": 2.032237380572728
  }
}