{
  "fc.bias": {
    "max": 0.15721148252487183,
    "mean": 0.07668207131326199
  },
  "fc.weight": {
    "max": 2.4749302864074707,
    "mean": 1.3262962079048157
  }
}