{
  "fc.bias": {
    "max": 0.13633839786052704,
    "mean": 0.07179576311792646
  },
  "fc.weight": {
    "max": 2.222517251968384,
    "mean": 1.2483239555358887
  }
}