{
  "fc.bias": {
    "max": 0.09455262124538422,
    "mean": 0.049673023684216396
  },
  "fc.weight": {
    "max": 1.6490436792373657,
    "mean": 0.8713291648456029
  }
}