{
  "fc.bias": {
    "max": 0.10697662830352783,
    "mean": 0.048821908586791585
  },
  "fc.weight": {
    "max": 1.7237181663513184,
    "mean": 0.8582172226054328
  }
}