{
  "fc.bias": {
    "max": 0.13851261138916016,
    "mean": 0.0572201010797705
  },
  "fc.weight": {
    "max": 2.247831344604492,
    "mean": 0.9981616512366703
  }
}