{
  "fc.bias": {
    "max": 0.14032526314258575,
    "mean": 0.053825197113411764
  },
  "fc.weight": {
    "max": 2.123828887939453,
    "mean": 0.9390080169269017
  }
}