{
  "fc.bias": {
    "max": 0.10916165262460709,
    "mean": 0.0627609552123717
  },
  "fc.weight": {
    "max": 1.8057993650436401,
    "mean": 1.095367421933583
  }
}