{
  "fc.bias": {
    "max": 0.11198388785123825,
    "mean": 0.053552677019366196
  },
  "fc.weight": {
    "max": 1.835077166557312,
    "mean": 0.9321617960929871
  }
}