{
  "fc.bias": {
    "max": 0.12487879395484924,
    "mean": 0.06764508430446897
  },
  "fc.weight": {
    "max": 2.1492538452148438,
    "mean": 1.1885678659166607
  }
}