{
  "fc.bias": {
    "max": 0.14389339089393616,
    "mean": 0.08462734352265086
  },
  "fc.weight": {
    "max": 2.3898253440856934,
    "mean": 1.4778216314315795
  }
}