{
  "fc.bias": {
    "max": 0.1257403939962387,
    "mean": 0.07961715757846832
  },
  "fc.weight": {
    "max": 2.089251756668091,
    "mean": 1.3907231753213065
  }
}