{
  "fc.bias": {
    "max": 0.1502542346715927,
    "mean": 0.0710916812398604
  },
  "fc.weight": {
    "max": 2.5724382400512695,
    "mean": 1.2444398721626826
  }
}