{
  "fc.bias": {
    "max": 0.16299007833003998,
    "mean": 0.09367735000593322
  },
  "fc.weight": {
    "max": 2.671488046646118,
    "mean": 1.631898605482919
  }
}