{
  "fc.bias": {
    "max": 0.18411707878112793,
    "mean": 0.10826775912727628
  },
  "fc.weight": {
    "max": 3.033892869949341,
    "mean": 1.8778178235462735
  }
}