{
  "fc.bias": {
    "max": 0.10989362746477127,
    "mean": 0.05277852135045188
  },
  "fc.weight": {
    "max": 1.8456159830093384,
    "mean": 0.9175536693845476
  }
}