{
  "fc.bias": {
    "max": 0.12477942556142807,
    "mean": 0.06457366088671343
  },
  "fc.weight": {
    "max": 2.0762503147125244,
    "mean": 1.1312151607445309
  }
}