{
  "fc.bias": {
    "max": 0.11772718280553818,
    "mean": 0.060208240928394455
  },
  "fc.weight": {
    "max": 2.0120038986206055,
    "mean": 1.0559294538838522
  }
}