{
  "fc.bias": {
    "max": 0.10000232607126236,
    "mean": 0.05359578037900584
  },
  "fc.weight": {
    "max": 1.713924527168274,
    "mean": 0.9349881107466561
  }
}