{
  "fc.bias": {
    "max": 0.18226809799671173,
    "mean": 0.10232995344059807
  },
  "fc.weight": {
    "max": 2.843886613845825,
    "mean": 1.7649178848947797
  }
}