{
  "fc.bias": {
    "max": 0.23917938768863678,
    "mean": 0.13916088610887528
  },
  "fc.weight": {
    "max": 3.5690839290618896,
    "mean": 2.3948410899298533
  }
}