{
  "classifier.bias": {
    "max": 0.08764288574457169,
    "mean": 0.03230016615241766
  },
  "classifier.weight": {
    "max": 2.112637519836426,
    "mean": 0.7847913888948305
  },
  "features.denseblock4.denselayer1.conv1.weight": {
    "max": 1.0792092084884644,
    "mean": 0.22285511414919582
  },
  "features.denseblock4.denselayer1.conv2.weight": {
    "max": 0.6154711246490479,
    "mean": 0.13851391894476756
  },
  "features.denseblock4.denselayer1.norm1.bias": {
    "max": 0.05789509043097496,
    "mean": 0.011227682205582304
  },
  "features.denseblock4.denselayer1.norm1.weight": {
    "max": 0.1209849864244461,
    "mean": 0.02364543605728873
  },
  "features.denseblock4.denselayer1.norm2.bias": {
    "max": 0.03378419950604439,
    "mean": 0.0075823891581967475
  },
  "features.denseblock4.denselayer1.norm2.weight": {
    "max": 0.052358631044626236,
    "mean": 0.010778878322536392
  },
  "features.denseblock4.denselayer10.conv1.weight": {
    "max": 0.6318082213401794,
    "mean": 0.14202798848705633
  },
  "features.denseblock4.denselayer10.conv2.weight": {
    "max": 0.2860686182975769,
    "mean": 0.05990260472787278
  },
  "features.denseblock4.denselayer10.norm1.bias": {
    "max": 0.019856944680213928,
    "mean": 0.004243827799468168
  },
  "features.denseblock4.denselayer10.norm1.weight": {
    "max": 0.04005403071641922,
    "mean": 0.008986085411161185
  },
  "features.denseblock4.denselayer10.norm2.bias": {
    "max": 0.029958151280879974,
    "mean": 0.006485453292594424
  },
  "features.denseblock4.denselayer10.norm2.weight": {
    "max": 0.07496345043182373,
    "mean": 0.01379656143819115
  },
  "features.denseblock4.denselayer11.conv1.weight": {
    "max": 0.5926418304443359,
    "mean": 0.15177015776080743
  },
  "features.denseblock4.denselayer11.conv2.weight": {
    "max": 0.20845215022563934,
    "mean": 0.05754389677728925
  },
  "features.denseblock4.denselayer11.norm1.bias": {
    "max": 0.015181773342192173,
    "mean": 0.0038497428509539793
  },
  "features.denseblock4.denselayer11.norm1.weight": {
    "max": 0.03971265256404877,
    "mean": 0.008869804698042572
  },
  "features.denseblock4.denselayer11.norm2.bias": {
    "max": 0.022429173812270164,
    "mean": 0.006257754524371453
  },
  "features.denseblock4.denselayer11.norm2.weight": {
    "max": 0.055034372955560684,
    "mean": 0.014954391781772885
  },
  "features.denseblock4.denselayer12.conv1.weight": {
    "max": 0.47909897565841675,
    "mean": 0.13067184677081448
  },
  "features.denseblock4.denselayer12.conv2.weight": {
    "max": 0.2218961864709854,
    "mean": 0.05044029704694237
  },
  "features.denseblock4.denselayer12.norm1.bias": {
    "max": 0.012349999509751797,
    "mean": 0.003409692741365039
  },
  "features.denseblock4.denselayer12.norm1.weight": {
    "max": 0.03413580358028412,
    "mean": 0.007904234412126242
  },
  "features.denseblock4.denselayer12.norm2.bias": {
    "max": 0.021135985851287842,
    "mean": 0.0051532103683400365
  },
  "features.denseblock4.denselayer12.norm2.weight": {
    "max": 0.04926344007253647,
    "mean": 0.012197066921341633
  },
  "features.denseblock4.denselayer13.conv1.weight": {
    "max": 0.5090880990028381,
    "mean": 0.14332868799567222
  },
  "features.denseblock4.denselayer13.conv2.weight": {
    "max": 0.2238360196352005,
    "mean": 0.0526522457493203
  },
  "features.denseblock4.denselayer13.norm1.bias": {
    "max": 0.012987281195819378,
    "mean": 0.0033990973159338214
  },
  "features.denseblock4.denselayer13.norm1.weight": {
    "max": 0.03761455416679382,
    "mean": 0.008088777026693736
  },
  "features.denseblock4.denselayer13.norm2.bias": {
    "max": 0.02357623167335987,
    "mean": 0.005705372074153274
  },
  "features.denseblock4.denselayer13.norm2.weight": {
    "max": 0.05973484367132187,
    "mean": 0.014283345098873334
  },
  "features.denseblock4.denselayer14.conv1.weight": {
    "max": 0.5215713977813721,
    "mean": 0.1265841297273125
  },
  "features.denseblock4.denselayer14.conv2.weight": {
    "max": 0.18853169679641724,
    "mean": 0.05128146168908902
  },
  "features.denseblock4.denselayer14.norm1.bias": {
    "max": 0.015114214271306992,
    "mean": 0.0037781411771928624
  },
  "features.denseblock4.denselayer14.norm1.weight": {
    "max": 0.047580257058143616,
    "mean": 0.008751701723252023
  },
  "features.denseblock4.denselayer14.norm2.bias": {
    "max": 0.02771664969623089,
    "mean": 0.0055128158761986665
  },
  "features.denseblock4.denselayer14.norm2.weight": {
    "max": 0.06005945801734924,
    "mean": 0.012036718330346047
  },
  "features.denseblock4.denselayer15.conv1.weight": {
    "max": 0.6368792057037354,
    "mean": 0.14560548558831216
  },
  "features.denseblock4.denselayer15.conv2.weight": {
    "max": 0.21655237674713135,
    "mean": 0.057092773536486285
  },
  "features.denseblock4.denselayer15.norm1.bias": {
    "max": 0.022479340434074402,
    "mean": 0.004161560034678716
  },
  "features.denseblock4.denselayer15.norm1.weight": {
    "max": 0.05705142766237259,
    "mean": 0.009764393186196684
  },
  "features.denseblock4.denselayer15.norm2.bias": {
    "max": 0.024827681481838226,
    "mean": 0.00670761942397803
  },
  "features.denseblock4.denselayer15.norm2.weight": {
    "max": 0.06007524952292442,
    "mean": 0.015598807255737484
  },
  "features.denseblock4.denselayer16.conv1.weight": {
    "max": 0.6407399773597717,
    "mean": 0.1393865911981889
  },
  "features.denseblock4.denselayer16.conv2.weight": {
    "max": 0.1953597068786621,
    "mean": 0.0493694911098906
  },
  "features.denseblock4.denselayer16.norm1.bias": {
    "max": 0.016661761328577995,
    "mean": 0.00364051121968909
  },
  "features.denseblock4.denselayer16.norm1.weight": {
    "max": 0.04488448053598404,
    "mean": 0.008738718157567616
  },
  "features.denseblock4.denselayer16.norm2.bias": {
    "max": 0.02785499393939972,
    "mean": 0.00583299968657749
  },
  "features.denseblock4.denselayer16.norm2.weight": {
    "max": 0.06710921227931976,
    "mean": 0.014873419692074613
  },
  "features.denseblock4.denselayer2.conv1.weight": {
    "max": 0.7737773656845093,
    "mean": 0.16906682756330285
  },
  "features.denseblock4.denselayer2.conv2.weight": {
    "max": 0.48586714267730713,
    "mean": 0.12391112279679094
  },
  "features.denseblock4.denselayer2.norm1.bias": {
    "max": 0.029637008905410767,
    "mean": 0.0073558511451951095
  },
  "features.denseblock4.denselayer2.norm1.weight": {
    "max": 0.06622708588838577,
    "mean": 0.014597667003316538
  },
  "features.denseblock4.denselayer2.norm2.bias": {
    "max": 0.028683001175522804,
    "mean": 0.006794318943284452
  },
  "features.denseblock4.denselayer2.norm2.weight": {
    "max": 0.042385198175907135,
    "mean": 0.010014190547434347
  },
  "features.denseblock4.denselayer3.conv1.weight": {
    "max": 0.7033113837242126,
    "mean": 0.15899571965847697
  },
  "features.denseblock4.denselayer3.conv2.weight": {
    "max": 0.48119819164276123,
    "mean": 0.1111810562653201
  },
  "features.denseblock4.denselayer3.norm1.bias": {
    "max": 0.029913000762462616,
    "mean": 0.00639560080865132
  },
  "features.denseblock4.denselayer3.norm1.weight": {
    "max": 0.06214386969804764,
    "mean": 0.01298306886905006
  },
  "features.denseblock4.denselayer3.norm2.bias": {
    "max": 0.023704834282398224,
    "mean": 0.005343382788289871
  },
  "features.denseblock4.denselayer3.norm2.weight": {
    "max": 0.03497716039419174,
    "mean": 0.007668649305456451
  },
  "features.denseblock4.denselayer4.conv1.weight": {
    "max": 0.6547510623931885,
    "mean": 0.16654014287250382
  },
  "features.denseblock4.denselayer4.conv2.weight": {
    "max": 0.36979153752326965,
    "mean": 0.09576007086783647
  },
  "features.denseblock4.denselayer4.norm1.bias": {
    "max": 0.020326292142271996,
    "mean": 0.005482407108814057
  },
  "features.denseblock4.denselayer4.norm1.weight": {
    "max": 0.03801475465297699,