{
  "classifier.bias": {
    "max": 0.08902260661125183,
    "mean": 0.02494420113507658
  },
  "classifier.weight": {
    "max": 1.7414699792861938,
    "mean": 0.5969592917178358
  },
  "features.denseblock4.denselayer1.conv1.weight": {
    "max": 0.7173206210136414,
    "mean": 0.18225297039108618
  },
  "features.denseblock4.denselayer1.conv2.weight": {
    "max": 0.43112602829933167,
    "mean": 0.11331370045297912
  },
  "features.denseblock4.denselayer1.norm1.bias": {
    "max": 0.032965805381536484,
    "mean": 0.009934919047102864
  },
  "features.denseblock4.denselayer1.norm1.weight": {
    "max": 0.06960206478834152,
    "mean": 0.020430741807711976
  },
  "features.denseblock4.denselayer1.norm2.bias": {
    "max": 0.019457248970866203,
    "mean": 0.006558961794445557
  },
  "features.denseblock4.denselayer1.norm2.weight": {
    "max": 0.03603784739971161,
    "mean": 0.009271722445264459
  },
  "features.denseblock4.denselayer10.conv1.weight": {
    "max": 0.6732301712036133,
    "mean": 0.13156423747007337
  },
  "features.denseblock4.denselayer10.conv2.weight": {
    "max": 0.23825804889202118,
    "mean": 0.05305070212243923
  },
  "features.denseblock4.denselayer10.norm1.bias": {
    "max": 0.01793632283806801,
    "mean": 0.004142542962716626
  },
  "features.denseblock4.denselayer10.norm1.weight": {
    "max": 0.045350998640060425,
    "mean": 0.008767292586354804
  },
  "features.denseblock4.denselayer10.norm2.bias": {
    "max": 0.024289008229970932,
    "mean": 0.006154698950704187
  },
  "features.denseblock4.denselayer10.norm2.weight": {
    "max": 0.06340005248785019,
    "mean": 0.013338079262923982
  },
  "features.denseblock4.denselayer11.conv1.weight": {
    "max": 0.9740314483642578,
    "mean": 0.14003913897488798
  },
  "features.denseblock4.denselayer11.conv2.weight": {
    "max": 0.2376347780227661,
    "mean": 0.052045358046889305
  },
  "features.denseblock4.denselayer11.norm1.bias": {
    "max": 0.026386359706521034,
    "mean": 0.003833819767127612
  },
  "features.denseblock4.denselayer11.norm1.weight": {
    "max": 0.053558435291051865,
    "mean": 0.00866697159562526
  },
  "features.denseblock4.denselayer11.norm2.bias": {
    "max": 0.05729464441537857,
    "mean": 0.006463438423483499
  },
  "features.denseblock4.denselayer11.norm2.weight": {
    "max": 0.15993626415729523,
    "mean": 0.01582304136195619
  },
  "features.denseblock4.denselayer12.conv1.weight": {
    "max": 0.41530561447143555,
    "mean": 0.10139900157760297
  },
  "features.denseblock4.denselayer12.conv2.weight": {
    "max": 0.16926677525043488,
    "mean": 0.038798077521579606
  },
  "features.denseblock4.denselayer12.norm1.bias": {
    "max": 0.012549422681331635,
    "mean": 0.0029212082899175585
  },
  "features.denseblock4.denselayer12.norm1.weight": {
    "max": 0.03292541950941086,
    "mean": 0.006650655245341893
  },
  "features.denseblock4.denselayer12.norm2.bias": {
    "max": 0.0279404204338789,
    "mean": 0.00437007103896966
  },
  "features.denseblock4.denselayer12.norm2.weight": {
    "max": 0.06440674513578415,
    "mean": 0.010434501503394651
  },
  "features.denseblock4.denselayer13.conv1.weight": {
    "max": 0.35271117091178894,
    "mean": 0.12406067924041833
  },
  "features.denseblock4.denselayer13.conv2.weight": {
    "max": 0.11866721510887146,
    "mean": 0.041935700502778804
  },
  "features.denseblock4.denselayer13.norm1.bias": {
    "max": 0.009264339692890644,
    "mean": 0.003264414517408503
  },
  "features.denseblock4.denselayer13.norm1.weight": {
    "max": 0.0248809065669775,
    "mean": 0.0073597513837739825
  },
  "features.denseblock4.denselayer13.norm2.bias": {
    "max": 0.03402440622448921,
    "mean": 0.005754876554211867
  },
  "features.denseblock4.denselayer13.norm2.weight": {
    "max": 0.07187351584434509,
    "mean": 0.014237401452181594
  },
  "features.denseblock4.denselayer14.conv1.weight": {
    "max": 0.4286411702632904,
    "mean": 0.1039239912613162
  },
  "features.denseblock4.denselayer14.conv2.weight": {
    "max": 0.15195828676223755,
    "mean": 0.041652680656739646
  },
  "features.denseblock4.denselayer14.norm1.bias": {
    "max": 0.013823150657117367,
    "mean": 0.0032453775053311673
  },
  "features.denseblock4.denselayer14.norm1.weight": {
    "max": 0.027427563443779945,
    "mean": 0.007389791641450886
  },
  "features.denseblock4.denselayer14.norm2.bias": {
    "max": 0.022402653470635414,
    "mean": 0.004570989153164971
  },
  "features.denseblock4.denselayer14.norm2.weight": {
    "max": 0.048210542649030685,
    "mean": 0.009963668496846887
  },
  "features.denseblock4.denselayer15.conv1.weight": {
    "max": 0.5093051195144653,
    "mean": 0.11078059842011759
  },
  "features.denseblock4.denselayer15.conv2.weight": {
    "max": 0.16609708964824677,
    "mean": 0.042138208162837795
  },
  "features.denseblock4.denselayer15.norm1.bias": {
    "max": 0.017737267538905144,
    "mean": 0.00337013331707567
  },
  "features.denseblock4.denselayer15.norm1.weight": {
    "max": 0.04432431235909462,
    "mean": 0.007757039818846221
  },
  "features.denseblock4.denselayer15.norm2.bias": {
    "max": 0.02423577383160591,
    "mean": 0.0053250313450449276
  },
  "features.denseblock4.denselayer15.norm2.weight": {
    "max": 0.06369486451148987,
    "mean": 0.0124937366760735
  },
  "features.denseblock4.denselayer16.conv1.weight": {
    "max": 0.604026734828949,
    "mean": 0.1309690704755485
  },
  "features.denseblock4.denselayer16.conv2.weight": {
    "max": 0.2450893372297287,
    "mean": 0.0439258185228599
  },
  "features.denseblock4.denselayer16.norm1.bias": {
    "max": 0.018736308440566063,
    "mean": 0.0037287436495535074
  },
  "features.denseblock4.denselayer16.norm1.weight": {
    "max": 0.04040241986513138,
    "mean": 0.008562098194046745
  },
  "features.denseblock4.denselayer16.norm2.bias": {
    "max": 0.029193788766860962,
    "mean": 0.0062362019215444365
  },
  "features.denseblock4.denselayer16.norm2.weight": {
    "max": 0.07243755459785461,
    "mean": 0.015852323016151786
  },
  "features.denseblock4.denselayer2.conv1.weight": {
    "max": 0.4478209912776947,
    "mean": 0.14094229915844542
  },
  "features.denseblock4.denselayer2.conv2.weight": {
    "max": 0.37250426411628723,
    "mean": 0.10161197343042919
  },
  "features.denseblock4.denselayer2.norm1.bias": {
    "max": 0.02027132362127304,
    "mean": 0.006660381427500397
  },
  "features.denseblock4.denselayer2.norm1.weight": {
    "max": 0.04325348511338234,
    "mean": 0.013203882965192731
  },
  "features.denseblock4.denselayer2.norm2.bias": {
    "max": 0.01820225827395916,
    "mean": 0.0060466262764696565
  },
  "features.denseblock4.denselayer2.norm2.weight": {
    "max": 0.02713560312986374,
    "mean": 0.008800532897668226
  },
  "features.denseblock4.denselayer3.conv1.weight": {
    "max": 0.6418566703796387,
    "mean": 0.12759575327326145
  },
  "features.denseblock4.denselayer3.conv2.weight": {
    "max": 0.39253148436546326,
    "mean": 0.08815512562436717
  },
  "features.denseblock4.denselayer3.norm1.bias": {
    "max": 0.026311231777071953,
    "mean": 0.00544738414564303
  },
  "features.denseblock4.denselayer3.norm1.weight": {
    "max": 0.057518865913152695,
    "mean": 0.011184710186373974
  },
  "features.denseblock4.denselayer3.norm2.bias": {
    "max": 0.017661165446043015,
    "mean": 0.004393567908472115
  },
  "features.denseblock4.denselayer3.norm2.weight": {
    "max": 0.028892744332551956,
    "mean": 0.006359624031465501
  },
  "features.denseblock4.denselayer4.conv1.weight": {
    "max": 0.6745287775993347,
    "mean": 0.13895748749641434
  },
  "features.denseblock4.denselayer4.conv2.weight": {
    "max": 0.2907736897468567,
    "mean": 0.07794929003342986
  },
  "features.denseblock4.denselayer4.norm1.bias": {
    "max": 0.018167875707149506,
    "mean": 0.004747758781803506
  },