{
  "fc.bias": {
    "max": 0.12834155559539795,
    "mean": 0.06893916404673031
  },
  "fc.weight": {
    "max": 0.6255109310150146,
    "mean": 0.36800786537783486
  }
}