{
  "fc.bias": {
    "max": 0.14127705991268158,
    "mean": 0.07412257790565491
  },
  "fc.weight": {
    "max": 0.7138391137123108,
    "mean": 0.3944409497295107
  }
}