{
  "fc.bias": {
    "max": 0.21551086008548737,
    "mean": 0.13806939555065972
  },
  "fc.weight": {
    "max": 1.1046452522277832,
    "mean": 0.7351476965631758
  }
}