{
  "fc.bias": {
    "max": 0.18585637211799622,
    "mean": 0.09556318891899926
  },
  "fc.weight": {
    "max": 0.9788714647293091,
    "mean": 0.5076116739000593
  }
}