{
  "fc.bias": {
    "max": 0.1717190146446228,
    "mean": 0.10348268832479204
  },
  "fc.weight": {
    "max": 0.8034000396728516,
    "mean": 0.5455607346126011
  }
}