{
  "fc.bias": {
    "max": 0.10216217488050461,
    "mean": 0.06120643711515835
  },
  "fc.weight": {
    "max": 0.5645144581794739,
    "mean": 0.3269231481211526
  }
}