{
  "fc.bias": {
    "max": 0.14010211825370789,
    "mean": 0.07266158729791641
  },
  "fc.weight": {
    "max": 0.6292250752449036,
    "mean": 0.3845481957708086
  }
}