{
  "fc.bias": {
    "max": 0.11744595319032669,
    "mean": 0.059066742286086084
  },
  "fc.weight": {
    "max": 0.6660580635070801,
    "mean": 0.3135053655079433
  }
}