{
  "fc.bias": {
    "max": 0.11666890233755112,
    "mean": 0.06665176866309984
  },
  "fc.weight": {
    "max": 0.6106056571006775,
    "mean": 0.355998803462301
  }
}