{
  "fc.bias": {
    "max": 0.11721815168857574,
    "mean": 0.07160990819334984
  },
  "fc.weight": {
    "max": 0.5953754186630249,
    "mean": 0.38033851546900616
  }
}