{
  "fc.bias": {
    "max": 0.16443438827991486,
    "mean": 0.11751165671007974
  },
  "fc.weight": {
    "max": 0.9068512916564941,
    "mean": 0.6198823249340057
  }
}