{
  "fc.bias": {
    "max": 0.12798921763896942,
    "mean": 0.06319380481328284
  },
  "fc.weight": {
    "max": 0.6278001070022583,
    "mean": 0.3284228917530605
  }
}