{
  "fc.bias": {
    "max": 0.13042479753494263,
    "mean": 0.08065665892192296
  },
  "fc.weight": {
    "max": 0.6916229724884033,
    "mean": 0.42700096368789675
  }
}