{
  "fc.bias": {
    "max": 0.21465937793254852,
    "mean": 0.15541075336081642
  },
  "fc.weight": {
    "max": 1.1010366678237915,
    "mean": 0.8349268426213946
  }
}