{
  "classifier.bias": {
    "max": 0.08089552819728851,
    "mean": 0.029622201951486724
  },
  "classifier.weight": {
    "max": 1.4077444076538086,
    "mean": 0.6236521606785911
  }
}