{
  "classifier.bias": {
    "max": 0.15996485948562622,
    "mean": 0.10365009094987597
  },
  "classifier.weight": {
    "max": 2.884089231491089,
    "mean": 2.1110003001349313
  }
}