{
  "classifier.bias": {
    "max": 0.07961313426494598,
    "mean": 0.031293916151459725
  },
  "classifier.weight": {
    "max": 1.7990211248397827,
    "mean": 0.6591456338337489
  }
}