{
  "classifier.bias": {
    "max": 0.1377602219581604,
    "mean": 0.06685349042926515
  },
  "classifier.weight": {
    "max": 2.3528599739074707,
    "mean": 1.3718654121671403
  }
}