{
  "classifier.bias": {
    "max": 0.09129287302494049,
    "mean": 0.04594995717118893
  },
  "classifier.weight": {
    "max": 1.8291141986846924,
    "mean": 0.964989938906261
  }
}