{
  "classifier.bias": {
    "max": 0.1151571199297905,
    "mean": 0.06139719617153917
  },
  "classifier.weight": {
    "max": 2.163109302520752,
    "mean": 1.2676302783829825
  }
}