{
  "classifier.bias": {
    "max": 0.17246609926223755,
    "mean": 0.03589913819517408
  },
  "classifier.weight": {
    "max": 2.519037961959839,
    "mean": 0.7465198147296905
  }
}