{
  "classifier.bias": {
    "max": 0.2295098453760147,
    "mean": 0.15127654667411533
  },
  "classifier.weight": {
    "max": 4.389950275421143,
    "mean": 3.0794758892059324
  }
}