{
  "classifier.bias": {
    "max": 0.10695921629667282,
    "mean": 0.0407737203634211
  },
  "classifier.weight": {
    "max": 2.252742052078247,
    "mean": 0.8529658198356629
  }
}