{
  "classifier.bias": {
    "max": 0.13699717819690704,
    "mean": 0.08572110508169446
  },
  "classifier.weight": {
    "max": 2.6527702808380127,
    "mean": 1.7714552906581333
  }
}