{
  "classifier.bias": {
    "max": 0.09438960999250412,
    "mean": 0.0383039365469345
  },
  "classifier.weight": {
    "max": 1.8105186223983765,
    "mean": 0.796186957699912
  }
}