{
  "classifier.bias": {
    "max": 0.1627310812473297,
    "mean": 0.07167931365115301
  },
  "classifier.weight": {
    "max": 2.6795382499694824,
    "mean": 1.468955991949354
  }
}