{
  "classifier.bias": {
    "max": 0.09182292222976685,
    "mean": 0.04575612962245941
  },
  "classifier.weight": {
    "max": 1.7764960527420044,
    "mean": 0.9440661866324288
  }
}