{
  "classifier.bias": {
    "max": 0.11535239219665527,
    "mean": 0.03479778162070683
  },
  "classifier.weight": {
    "max": 2.0557491779327393,
    "mean": 0.7268342779789652
  }
}