{
  "classifier.bias": {
    "max": 0.0779193863272667,
    "mean": 0.03347981631489737
  },
  "classifier.weight": {
    "max": 1.4667075872421265,
    "mean": 0.6888913254226957
  }
}