{
  "classifier.bias": {
    "max": 0.10425885766744614,
    "mean": 0.03939507084765605
  },
  "classifier.weight": {
    "max": 1.9380871057510376,
    "mean": 0.8194710927350181
  }
}