{
  "classifier.bias": {
    "max": 0.09663309901952744,
    "mean": 0.04702775154262781
  },
  "classifier.weight": {
    "max": 1.7757424116134644,
    "mean": 0.9670802673271724
  }
}