{
  "classifier.bias": {
    "max": 0.07640726119279861,
    "mean": 0.04163538394229753
  },
  "classifier.weight": {
    "max": 1.750343918800354,
    "mean": 0.8802126113857541
  }
}