{
  "classifier.bias": {
    "max": 0.1065995842218399,
    "mean": 0.04852963792426246
  },
  "classifier.weight": {
    "max": 2.298121929168701,
    "mean": 1.0045115978377206
  }
}