{
  "classifier.bias": {
    "max": 0.10299922525882721,
    "mean": 0.05565534695982933
  },
  "classifier.weight": {
    "max": 2.1122653484344482,
    "mean": 1.1553364787782943
  }
}