{
  "classifier.bias": {
    "max": 0.08519688248634338,
    "mean": 0.034423736871353215
  },
  "classifier.weight": {
    "max": 1.7544074058532715,
    "mean": 0.7290706428459712
  }
}