{
  "classifier.bias": {
    "max": 0.08702480792999268,
    "mean": 0.026999869995883535
  },
  "classifier.weight": {
    "max": 1.710131049156189,
    "mean": 0.5640997592891965
  }
}