{
  "classifier.bias": {
    "max": 0.11488471925258636,
    "mean": 0.056984866256160394
  },
  "classifier.weight": {
    "max": 2.209496021270752,
    "mean": 1.1920708290168218
  }
}