{
  "classifier.bias": {
    "max": 0.13892854750156403,
    "mean": 0.07731634167688234
  },
  "classifier.weight": {
    "max": 2.541637897491455,
    "mean": 1.5842430063656399
  }
}