{
  "classifier.bias": {
    "max": 0.10632410645484924,
    "mean": 0.05232286455375808
  },
  "classifier.weight": {
    "max": 1.9830322265625,
    "mean": 1.0839755543640681
  }
}