{
  "classifier.bias": {
    "max": 0.06482283025979996,
    "mean": 0.02612840058814202
  },
  "classifier.weight": {
    "max": 1.293423056602478,
    "mean": 0.5504812837498528
  }
}