{
  "classifier.bias": {
    "max": 0.07261297106742859,
    "mean": 0.0276779542863369
  },
  "classifier.weight": {
    "max": 1.5183929204940796,
    "mean": 0.5849579072424343
  }
}