{
  "classifier.bias": {
    "max": 0.09702427685260773,
    "mean": 0.030151551754346917
  },
  "classifier.weight": {
    "max": 1.8263916969299316,
    "mean": 0.6311870982817241
  }
}