{
  "classifier.bias": {
    "max": 0.07939261943101883,
    "mean": 0.030436828583478927
  },
  "classifier.weight": {
    "max": 1.5804449319839478,
    "mean": 0.6317144692369869
  }
}