{
  "classifier.bias": {
    "max": 0.08397799730300903,
    "mean": 0.03525740831558193
  },
  "classifier.weight": {
    "max": 1.7030855417251587,
    "mean": 0.7376607978343963
  }
}