{
  "fc.bias": {
    "max": 0.17174731194972992,
    "mean": 0.10829954513481685
  },
  "fc.weight": {
    "max": 2.634230375289917,
    "mean": 1.8781434747150967
  }
}