{
  "fc.bias": {
    "max": 0.16684924066066742,
    "mean": 0.09907407573291234
  },
  "fc.weight": {
    "max": 2.604027509689331,
    "mean": 1.7239711516244072
  }
}