{
  "fc.bias": {
    "max": 0.1222366914153099,
    "mean": 0.06797921170081411
  },
  "fc.weight": {
    "max": 2.0641913414001465,
    "mean": 1.1881321677139827
  }
}