{
  "fc.bias": {
    "max": 0.12956996262073517,
    "mean": 0.06304365187883378
  },
  "fc.weight": {
    "max": 2.0385701656341553,
    "mean": 1.1014972162246703
  }
}