{
  "fc.bias": {
    "max": 0.12534160912036896,
    "mean": 0.05421873025063958
  },
  "fc.weight": {
    "max": 2.0804202556610107,
    "mean": 0.9410944443089622
  }
}