{
  "fc.bias": {
    "max": 0.12999436259269714,
    "mean": 0.05723848275840283
  },
  "fc.weight": {
    "max": 2.2749719619750977,
    "mean": 1.0026439239297595
  }
}