{
  "fc.bias": {
    "max": 0.2055998146533966,
    "mean": 0.13530014778886523
  },
  "fc.weight": {
    "max": 3.3293402194976807,
    "mean": 2.359066437993731
  }
}