{
  "fc.bias": {
    "max": 0.15821069478988647,
    "mean": 0.09230774700641632
  },
  "fc.weight": {
    "max": 2.4678566455841064,
    "mean": 1.6062334421702793
  }
}