{
  "fc.bias": {
    "max": 0.14999841153621674,
    "mean": 0.07155527425663812
  },
  "fc.weight": {
    "max": 2.3730156421661377,
    "mean": 1.248700019291469
  }
}