{
  "fc.bias": {
    "max": 0.14322452247142792,
    "mean": 0.05647705279556768
  },
  "fc.weight": {
    "max": 2.2760815620422363,
    "mean": 0.9808599957823754
  }
}