{
  "fc.bias": {
    "max": 0.11998624354600906,
    "mean": 0.0631977256493909
  },
  "fc.weight": {
    "max": 1.9801263809204102,
    "mean": 1.0920654215131487
  }
}