{
  "fc.bias": {
    "max": 0.10822639614343643,
    "mean": 0.047792642169765066
  },
  "fc.weight": {
    "max": 1.741489291191101,
    "mean": 0.8314761987754277
  }
}