{
  "fc.bias": {
    "max": 0.10470985621213913,
    "mean": 0.05037054573850972
  },
  "fc.weight": {
    "max": 1.8983250856399536,
    "mean": 0.8856581730501992
  }
}