{
  "fc.bias": {
    "max": 0.15380486845970154,
    "mean": 0.08568814373442105
  },
  "fc.weight": {
    "max": 2.5651586055755615,
    "mean": 1.4994153162411281
  }
}