{
  "fc.bias": {
    "max": 0.11977531760931015,
    "mean": 0.05778226381966046
  },
  "fc.weight": {
    "max": 1.9695348739624023,
    "mean": 1.007567196062633
  }
}