{
  "fc.bias": {
    "max": 0.14890028536319733,
    "mean": 0.06775392627077444
  },
  "fc.weight": {
    "max": 2.3533763885498047,
    "mean": 1.1828295128686088
  }
}