{
  "fc.bias": {
    "max": 0.14686590433120728,
    "mean": 0.05106162501765149
  },
  "fc.weight": {
    "max": 2.3235175609588623,
    "mean": 0.8888409208399909
  }
}