{
  "fc.bias": {
    "max": 0.14097896218299866,
    "mean": 0.06723911434412003
  },
  "fc.weight": {
    "max": 2.4907588958740234,
    "mean": 1.172544232095991
  }
}