{
  "fc.bias": {
    "max": 0.14680251479148865,
    "mean": 0.07570709728768894
  },
  "fc.weight": {
    "max": 2.33345365524292,
    "mean": 1.3231426296915327
  }
}