{
  "fc.bias": {
    "max": 0.3224100172519684,
    "mean": 0.17947044815335955
  },
  "fc.weight": {
    "max": 4.944490432739258,
    "mean": 3.1219522190093993
  }
}