{
  "fc.bias": {
    "max": 0.15588220953941345,
    "mean": 0.07832105900560106
  },
  "fc.weight": {
    "max": 2.6199276447296143,
    "mean": 1.3731749313218253
  }
}