{
  "fc.bias": {
    "max": 0.1381228268146515,
    "mean": 0.05268086863415582
  },
  "fc.weight": {
    "max": 2.2365102767944336,
    "mean": 0.9167917323963982
  }
}