{
  "fc.bias": {
    "max": 0.2095663696527481,
    "mean": 0.11999419301748276
  },
  "fc.weight": {
    "max": 3.145481824874878,
    "mean": 2.0804788732528685
  }
}