{
  "fc.bias": {
    "max": 0.15947112441062927,
    "mean": 0.08598998184714998
  },
  "fc.weight": {
    "max": 2.5700745582580566,
    "mean": 1.501694301877703
  }
}