{
  "fc.bias": {
    "max": 0.1308443397283554,
    "mean": 0.07065478037510599
  },
  "fc.weight": {
    "max": 2.15370774269104,
    "mean": 1.2343139788082669
  }
}