{
  "fc.bias": {
    "max": 0.1554502248764038,
    "mean": 0.05988415224211557
  },
  "fc.weight": {
    "max": 2.452381134033203,
    "mean": 1.039010087421962
  }
}