{
  "fc.bias": {
    "max": 0.11539547890424728,
    "mean": 0.052006024425583226
  },
  "fc.weight": {
    "max": 1.8999377489089966,
    "mean": 0.9064023985181536
  }
}