{
  "fc.bias": {
    "max": 0.11191719770431519,
    "mean": 0.05309690785195146
  },
  "fc.weight": {
    "max": 1.809484839439392,
    "mean": 0.9354694042887006
  }
}