{
  "fc.bias": {
    "max": 0.12420027703046799,
    "mean": 0.07613402643374034
  },
  "fc.weight": {
    "max": 2.075331926345825,
    "mean": 1.3352372942652022
  }
}