{
  "fc.bias": {
    "max": 0.12023144960403442,
    "mean": 0.05562329923467977
  },
  "fc.weight": {
    "max": 1.9265795946121216,
    "mean": 0.9752280546086175
  }
}