{
  "fc.bias": {
    "max": 0.08109141141176224,
    "mean": 0.008560483117097256
  },
  "fc.weight": {
    "max": 1.0844570398330688,
    "mean": 0.10212758103352307
  },
  "layer4.0.bn1.bias": {
    "max": 0.11591514199972153,
    "mean": 0.009088294303635069
  },
  "layer4.0.bn1.weight": {
    "max": 0.260680615901947,
    "mean": 0.016417901133203745
  },
  "layer4.0.bn2.bias": {
    "max": 0.051661416888237,
    "mean": 0.003597035546704969
  },
  "layer4.0.bn2.weight": {
    "max": 0.0852077379822731,
    "mean": 0.005275731209642669
  },
  "layer4.0.bn3.bias": {
    "max": 0.0857732892036438,
    "mean": 0.007121913775543882
  },
  "layer4.0.bn3.weight": {
    "max": 0.17186298966407776,
    "mean": 0.013131640960595438
  },
  "layer4.0.conv1.weight": {
    "max": 0.593468427658081,
    "mean": 0.0413891614512873
  },
  "layer4.0.conv2.weight": {
    "max": 0.2693958878517151,
    "mean": 0.021727500452502033
  },
  "layer4.0.conv3.weight": {
    "max": 0.33886048197746277,
    "mean": 0.0269647433458262
  },
  "layer4.0.downsample.0.weight": {
    "max": 0.34586942195892334,
    "mean": 0.028355178706031957
  },
  "layer4.0.downsample.1.bias": {
    "max": 0.0857732892036438,
    "mean": 0.007121913775543882
  },
  "layer4.0.downsample.1.weight": {
    "max": 0.15071716904640198,
    "mean": 0.012132083669088647
  },
  "layer4.1.bn1.bias": {
    "max": 0.04593426734209061,
    "mean": 0.004179558901097542
  },
  "layer4.1.bn1.weight": {
    "max": 0.07129623740911484,
    "mean": 0.006044832081128593
  },
  "layer4.1.bn2.bias": {
    "max": 0.05589897558093071,
    "mean": 0.004532290642715192
  },
  "layer4.1.bn2.weight": {
    "max": 0.10407035797834396,
    "mean": 0.007324423174764628
  },
  "layer4.1.bn3.bias": {
    "max": 0.06363993883132935,
    "mean": 0.00604030506687455
  },
  "layer4.1.bn3.weight": {
    "max": 0.11590439826250076,
    "mean": 0.010253354464782335
  },
  "layer4.1.conv1.weight": {
    "max": 0.3476170599460602,
    "mean": 0.02804923972214705
  },
  "layer4.1.conv2.weight": {
    "max": 0.18216711282730103,
    "mean": 0.016689776234478423
  },
  "layer4.1.conv3.weight": {
    "max": 0.2076975554227829,
    "mean": 0.018823732259458794
  },
  "layer4.2.bn1.bias": {
    "max": 0.06157445162534714,
    "mean": 0.00639497068658654
  },
  "layer4.2.bn1.weight": {
    "max": 0.08871801197528839,
    "mean": 0.009564703809592174
  },
  "layer4.2.bn2.bias": {
    "max": 0.04727263003587723,
    "mean": 0.005010925036497481
  },
  "layer4.2.bn2.weight": {
    "max": 0.06357979029417038,
    "mean": 0.006727803890597507
  },
  "layer4.2.bn3.bias": {
    "max": 0.03952886164188385,
    "mean": 0.004286987585427207
  },
  "layer4.2.bn3.weight": {
    "max": 0.0631026029586792,
    "mean": 0.006875627649902266
  },
  "layer4.2.conv1.weight": {
    "max": 0.2848031520843506,
    "mean": 0.027752069730361525
  },
  "layer4.2.conv2.weight": {
    "max": 0.10674523562192917,
    "mean": 0.012205699638829434
  },
  "layer4.2.conv3.weight": {
    "max": 0.08073529601097107,
    "mean": 0.00968704600419317
  }
}