{
  "fc.bias": {
    "max": 0.05798797681927681,
    "mean": 0.00585502530901327
  },
  "fc.weight": {
    "max": 0.791723370552063,
    "mean": 0.0649021013589975
  },
  "layer4.0.bn1.bias": {
    "max": 0.0673302710056305,
    "mean": 0.006128823760061225
  },
  "layer4.0.bn1.weight": {
    "max": 0.09755633026361465,
    "mean": 0.01062116892018821
  },
  "layer4.0.bn2.bias": {
    "max": 0.021878138184547424,
    "mean": 0.002329602430493521
  },
  "layer4.0.bn2.weight": {
    "max": 0.029143713414669037,
    "mean": 0.003342904827357935
  },
  "layer4.0.bn3.bias": {
    "max": 0.049394749104976654,
    "mean": 0.004956342721021169
  },
  "layer4.0.bn3.weight": {
    "max": 0.07451455295085907,
    "mean": 0.008679200423315965
  },
  "layer4.0.conv1.weight": {
    "max": 0.2576885223388672,
    "mean": 0.025949985561809236
  },
  "layer4.0.conv2.weight": {
    "max": 0.14017856121063232,
    "mean": 0.013734325404179149
  },
  "layer4.0.conv3.weight": {
    "max": 0.16521424055099487,
    "mean": 0.01700735586545696
  },
  "layer4.0.downsample.0.weight": {
    "max": 0.18782950937747955,
    "mean": 0.01874075031506696
  },
  "layer4.0.downsample.1.bias": {
    "max": 0.049394749104976654,
    "mean": 0.004956342721021169
  },
  "layer4.0.downsample.1.weight": {
    "max": 0.07928349077701569,
    "mean": 0.008159973234121156
  },
  "layer4.1.bn1.bias": {
    "max": 0.03205941990017891,
    "mean": 0.002708026205946226
  },
  "layer4.1.bn1.weight": {
    "max": 0.04029559716582298,
    "mean": 0.0037715880656365437
  },
  "layer4.1.bn2.bias": {
    "max": 0.03417803347110748,
    "mean": 0.003010551724271084
  },
  "layer4.1.bn2.weight": {
    "max": 0.05214942991733551,
    "mean": 0.00455143943566197
  },
  "layer4.1.bn3.bias": {
    "max": 0.04843173548579216,
    "mean": 0.0044377747660161865
  },
  "layer4.1.bn3.weight": {
    "max": 0.08505220711231232,
    "mean": 0.007043428648446154
  },
  "layer4.1.conv1.weight": {
    "max": 0.17997808754444122,
    "mean": 0.016949711161349634
  },
  "layer4.1.conv2.weight": {
    "max": 0.1074167788028717,
    "mean": 0.010138880830283078
  },
  "layer4.1.conv3.weight": {
    "max": 0.12916125357151031,
    "mean": 0.012021225604278568
  },
  "layer4.2.bn1.bias": {
    "max": 0.0641992837190628,
    "mean": 0.004874788698237223
  },
  "layer4.2.bn1.weight": {
    "max": 0.09607567638158798,
    "mean": 0.006820658760864587
  },
  "layer4.2.bn2.bias": {
    "max": 0.032930102199316025,
    "mean": 0.00336349867296771
  },
  "layer4.2.bn2.weight": {
    "max": 0.04414305090904236,
    "mean": 0.004501211617233432
  },
  "layer4.2.bn3.bias": {
    "max": 0.03334459662437439,
    "mean": 0.00328175258180376
  },
  "layer4.2.bn3.weight": {
    "max": 0.04568428546190262,
    "mean": 0.005004323073371779
  },
  "layer4.2.conv1.weight": {
    "max": 0.1911444067955017,
    "mean": 0.017631402188978556
  },
  "layer4.2.conv2.weight": {
    "max": 0.0685463473200798,
    "mean": 0.00774950594067507
  },
  "layer4.2.conv3.weight": {
    "max": 0.05827512592077255,
    "mean": 0.00665726309692088
  }
}