{
  "fc.bias": {
    "max": 0.07243151217699051,
    "mean": 0.007677631206087036
  },
  "fc.weight": {
    "max": 0.9647729992866516,
    "mean": 0.09883610965684056
  },
  "layer4.0.bn1.bias": {
    "max": 0.07022364437580109,
    "mean": 0.008159238963749626
  },
  "layer4.0.bn1.weight": {
    "max": 0.11897299438714981,
    "mean": 0.014322264466068841
  },
  "layer4.0.bn2.bias": {
    "max": 0.028959304094314575,
    "mean": 0.003258795089028094
  },
  "layer4.0.bn2.weight": {
    "max": 0.04356389492750168,
    "mean": 0.0048510389848421
  },
  "layer4.0.bn3.bias": {
    "max": 0.057100482285022736,
    "mean": 0.006777542439771683
  },
  "layer4.0.bn3.weight": {
    "max": 0.11144578456878662,
    "mean": 0.012607034653525001
  },
  "layer4.0.conv1.weight": {
    "max": 0.31086093187332153,
    "mean": 0.03598216905491427
  },
  "layer4.0.conv2.weight": {
    "max": 0.19048304855823517,
    "mean": 0.020876993948019975
  },
  "layer4.0.conv3.weight": {
    "max": 0.23084160685539246,
    "mean": 0.025789782557569977
  },
  "layer4.0.downsample.0.weight": {
    "max": 0.22485816478729248,
    "mean": 0.02650326559511346
  },
  "layer4.0.downsample.1.bias": {
    "max": 0.057100482285022736,
    "mean": 0.006777542439771683
  },
  "layer4.0.downsample.1.weight": {
    "max": 0.09876837581396103,
    "mean": 0.011208187803443122
  },
  "layer4.1.bn1.bias": {
    "max": 0.04382890462875366,
    "mean": 0.004207242304795987
  },
  "layer4.1.bn1.weight": {
    "max": 0.06357774138450623,
    "mean": 0.0061153447707641
  },
  "layer4.1.bn2.bias": {
    "max": 0.04169205576181412,
    "mean": 0.004533733826745967
  },
  "layer4.1.bn2.weight": {
    "max": 0.07264932990074158,
    "mean": 0.007286246839482503
  },
  "layer4.1.bn3.bias": {
    "max": 0.050265830010175705,
    "mean": 0.005811238874406886
  },
  "layer4.1.bn3.weight": {
    "max": 0.10531073808670044,
    "mean": 0.010298017612284249
  },
  "layer4.1.conv1.weight": {
    "max": 0.25842586159706116,
    "mean": 0.02774299396700891
  },
  "layer4.1.conv2.weight": {
    "max": 0.13685809075832367,
    "mean": 0.016939732046698085
  },
  "layer4.1.conv3.weight": {
    "max": 0.1647929698228836,
    "mean": 0.018968925493037594
  },
  "layer4.2.bn1.bias": {
    "max": 0.057806871831417084,
    "mean": 0.006204292481540636
  },
  "layer4.2.bn1.weight": {
    "max": 0.10958334058523178,
    "mean": 0.009709683211985976
  },
  "layer4.2.bn2.bias": {
    "max": 0.03622055798768997,
    "mean": 0.0047538473638581175
  },
  "layer4.2.bn2.weight": {
    "max": 0.057667456567287445,
    "mean": 0.006846642797816977
  },
  "layer4.2.bn3.bias": {
    "max": 0.03402028977870941,
    "mean": 0.003956703470279795
  },
  "layer4.2.bn3.weight": {
    "max": 0.05799286067485809,
    "mean": 0.006610538802425643
  },
  "layer4.2.conv1.weight": {
    "max": 0.22593633830547333,
    "mean": 0.02703927311771882
  },
  "layer4.2.conv2.weight": {
    "max": 0.09769073873758316,
    "mean": 0.012126270224647928
  },
  "layer4.2.conv3.weight": {
    "max": 0.08035097271203995,
    "mean": 0.009602826909685972
  }
}