{
  "fc.bias": {
    "max": 0.08956637233495712,
    "mean": 0.02861464318553252
  },
  "fc.weight": {
    "max": 1.3237295150756836,
    "mean": 0.4060859467834234
  },
  "layer4.0.bn1.bias": {
    "max": 0.06466171890497208,
    "mean": 0.019496270886489322
  },
  "layer4.0.bn1.weight": {
    "max": 0.11789421737194061,
    "mean": 0.03382208130189351
  },
  "layer4.0.bn2.bias": {
    "max": 0.026869185268878937,
    "mean": 0.008274721515564513
  },
  "layer4.0.bn2.weight": {
    "max": 0.04180129989981651,
    "mean": 0.012067281232947218
  },
  "layer4.0.bn3.bias": {
    "max": 0.06200195103883743,
    "mean": 0.018186063995983985
  },
  "layer4.0.bn3.weight": {
    "max": 0.11283411830663681,
    "mean": 0.03284051753514047
  },
  "layer4.0.conv1.weight": {
    "max": 0.3088899552822113,
    "mean": 0.08764935413109405
  },
  "layer4.0.conv2.weight": {
    "max": 0.1936846822500229,
    "mean": 0.054169111322345476
  },
  "layer4.0.conv3.weight": {
    "max": 0.2631198763847351,
    "mean": 0.06887996073546154
  },
  "layer4.0.downsample.0.weight": {
    "max": 0.24138028919696808,
    "mean": 0.07048550954620753
  },
  "layer4.0.downsample.1.bias": {
    "max": 0.06200195103883743,
    "mean": 0.018186063995983985
  },
  "layer4.0.downsample.1.weight": {
    "max": 0.1096578910946846,
    "mean": 0.029300181147243295
  },
  "layer4.1.bn1.bias": {
    "max": 0.040953945368528366,
    "mean": 0.01242282749486289
  },
  "layer4.1.bn1.weight": {
    "max": 0.07751481980085373,
    "mean": 0.01784501922316849
  },
  "layer4.1.bn2.bias": {
    "max": 0.04270529747009277,
    "mean": 0.01279189639026299
  },
  "layer4.1.bn2.weight": {
    "max": 0.09287156909704208,
    "mean": 0.02123972483444959
  },
  "layer4.1.bn3.bias": {
    "max": 0.0477699339389801,
    "mean": 0.015119771383636233
  },
  "layer4.1.bn3.weight": {
    "max": 0.11566769331693649,
    "mean": 0.029310240666382013
  },
  "layer4.1.conv1.weight": {
    "max": 0.3465270698070526,
    "mean": 0.08393544265202113
  },
  "layer4.1.conv2.weight": {
    "max": 0.20210111141204834,
    "mean": 0.052190284436302525
  },
  "layer4.1.conv3.weight": {
    "max": 0.2719383239746094,
    "mean": 0.060698215322835106
  },
  "layer4.2.bn1.bias": {
    "max": 0.05368981882929802,
    "mean": 0.01678630565858579
  },
  "layer4.2.bn1.weight": {
    "max": 0.09033574163913727,
    "mean": 0.026031321799382567
  },
  "layer4.2.bn2.bias": {
    "max": 0.04137740656733513,
    "mean": 0.012733154764199364
  },
  "layer4.2.bn2.weight": {
    "max": 0.0651121586561203,
    "mean": 0.01935825944811638
  },
  "layer4.2.bn3.bias": {
    "max": 0.031013110652565956,
    "mean": 0.009851486662602318
  },
  "layer4.2.bn3.weight": {
    "max": 0.054391130805015564,
    "mean": 0.017790235137966064
  },
  "layer4.2.conv1.weight": {
    "max": 0.3468763530254364,
    "mean": 0.08074500493705272
  },
  "layer4.2.conv2.weight": {
    "max": 0.1162019819021225,
    "mean": 0.03501145622293864
  },
  "layer4.2.conv3.weight": {
    "max": 0.09204231947660446,
    "mean": 0.029015315497027978
  }
}