{
  "fc.bias": {
    "max": 0.066859170794487,
    "mean": 0.008191128233011113
  },
  "fc.weight": {
    "max": 0.9287344813346863,
    "mean": 0.10217439604424207
  },
  "layer4.0.bn1.bias": {
    "max": 0.08792322874069214,
    "mean": 0.009455801285470702
  },
  "layer4.0.bn1.weight": {
    "max": 0.18899182975292206,
    "mean": 0.01646354948243243
  },
  "layer4.0.bn2.bias": {
    "max": 0.03063127212226391,
    "mean": 0.0036301780582497097
  },
  "layer4.0.bn2.weight": {
    "max": 0.04404107481241226,
    "mean": 0.0052063904766172136
  },
  "layer4.0.bn3.bias": {
    "max": 0.06587883830070496,
    "mean": 0.007864464937852712
  },
  "layer4.0.bn3.weight": {
    "max": 0.12826207280158997,
    "mean": 0.013724252848125095
  },
  "layer4.0.conv1.weight": {
    "max": 0.40700629353523254,
    "mean": 0.04087685291285327
  },
  "layer4.0.conv2.weight": {
    "max": 0.2069927453994751,
    "mean": 0.02189070956157853
  },
  "layer4.0.conv3.weight": {
    "max": 0.24074026942253113,
    "mean": 0.027052374024185286
  },
  "layer4.0.downsample.0.weight": {
    "max": 0.2422042340040207,
    "mean": 0.029895841485330102
  },
  "layer4.0.downsample.1.bias": {
    "max": 0.06587883830070496,
    "mean": 0.007864464937852712
  },
  "layer4.0.downsample.1.weight": {
    "max": 0.12946031987667084,
    "mean": 0.013077083225112541
  },
  "layer4.1.bn1.bias": {
    "max": 0.03953853249549866,
    "mean": 0.004496339952856943
  },
  "layer4.1.bn1.weight": {
    "max": 0.07056225836277008,
    "mean": 0.006382432287126513
  },
  "layer4.1.bn2.bias": {
    "max": 0.043532487004995346,
    "mean": 0.005066686367104662
  },
  "layer4.1.bn2.weight": {
    "max": 0.07592932134866714,
    "mean": 0.00792908316642362
  },
  "layer4.1.bn3.bias": {
    "max": 0.05984002724289894,
    "mean": 0.0068316267084758565
  },
  "layer4.1.bn3.weight": {
    "max": 0.11558881402015686,
    "mean": 0.011362401943396045
  },
  "layer4.1.conv1.weight": {
    "max": 0.27708807587623596,
    "mean": 0.028660751377465203
  },
  "layer4.1.conv2.weight": {
    "max": 0.16495749354362488,
    "mean": 0.017250188522240414
  },
  "layer4.1.conv3.weight": {
    "max": 0.1862058937549591,
    "mean": 0.020202521508326753
  },
  "layer4.2.bn1.bias": {
    "max": 0.07193358242511749,
    "mean": 0.007635573179525506
  },
  "layer4.2.bn1.weight": {
    "max": 0.10026473551988602,
    "mean": 0.010875818584837752
  },
  "layer4.2.bn2.bias": {
    "max": 0.03903724625706673,
    "mean": 0.0054691238650931544
  },
  "layer4.2.bn2.weight": {
    "max": 0.06252944469451904,
    "mean": 0.0074897889044534946
  },
  "layer4.2.bn3.bias": {
    "max": 0.037020549178123474,
    "mean": 0.004545532098397546
  },
  "layer4.2.bn3.weight": {
    "max": 0.06411778181791306,
    "mean": 0.007381611447615017
  },
  "layer4.2.conv1.weight": {
    "max": 0.28587138652801514,
    "mean": 0.02939741464157123
  },
  "layer4.2.conv2.weight": {
    "max": 0.10597433894872665,
    "mean": 0.012574020731512325
  },
  "layer4.2.conv3.weight": {
    "max": 0.0943424180150032,
    "mean": 0.010674791882483986
  }
}