{
  "fc.bias": {
    "max": 0.08436314761638641,
    "mean": 0.017418692746972997
  },
  "fc.weight": {
    "max": 1.1612238883972168,
    "mean": 0.25385870520956816
  },
  "layer4.0.bn1.bias": {
    "max": 0.11277879029512405,
    "mean": 0.01687869714581341
  },
  "layer4.0.bn1.weight": {
    "max": 0.1651887744665146,
    "mean": 0.02932966357454591
  },
  "layer4.0.bn2.bias": {
    "max": 0.03685804456472397,
    "mean": 0.0067728033346065785
  },
  "layer4.0.bn2.weight": {
    "max": 0.05502419173717499,
    "mean": 0.010085220374416427
  },
  "layer4.0.bn3.bias": {
    "max": 0.08439534902572632,
    "mean": 0.014661079237038004
  },
  "layer4.0.bn3.weight": {
    "max": 0.14305166900157928,
    "mean": 0.026606864678490508
  },
  "layer4.0.conv1.weight": {
    "max": 0.39517995715141296,
    "mean": 0.07511148900259286
  },
  "layer4.0.conv2.weight": {
    "max": 0.23946762084960938,
    "mean": 0.0436871862431456
  },
  "layer4.0.conv3.weight": {
    "max": 0.27994072437286377,
    "mean": 0.05467225645751959
  },
  "layer4.0.downsample.0.weight": {
    "max": 0.29182910919189453,
    "mean": 0.05656410419448678
  },
  "layer4.0.downsample.1.bias": {
    "max": 0.08439534902572632,
    "mean": 0.014661079237038004
  },
  "layer4.0.downsample.1.weight": {
    "max": 0.11874742060899734,
    "mean": 0.02395659719020062
  },
  "layer4.1.bn1.bias": {
    "max": 0.05486326292157173,
    "mean": 0.009245265983211409
  },
  "layer4.1.bn1.weight": {
    "max": 0.06924548000097275,
    "mean": 0.013336340938445313
  },
  "layer4.1.bn2.bias": {
    "max": 0.06061870604753494,
    "mean": 0.01015751570978734
  },
  "layer4.1.bn2.weight": {
    "max": 0.0934353768825531,
    "mean": 0.016271079877665864
  },
  "layer4.1.bn3.bias": {
    "max": 0.06473866105079651,
    "mean": 0.012520165383757558
  },
  "layer4.1.bn3.weight": {
    "max": 0.11222374439239502,
    "mean": 0.02241260411808201
  },
  "layer4.1.conv1.weight": {
    "max": 0.31823301315307617,
    "mean": 0.06234041255216913
  },
  "layer4.1.conv2.weight": {
    "max": 0.19029808044433594,
    "mean": 0.03815810218536561
  },
  "layer4.1.conv3.weight": {
    "max": 0.19950224459171295,
    "mean": 0.043228949482685755
  },
  "layer4.2.bn1.bias": {
    "max": 0.08113373816013336,
    "mean": 0.01450121324284867
  },
  "layer4.2.bn1.weight": {
    "max": 0.11512970924377441,
    "mean": 0.02171050628813516
  },
  "layer4.2.bn2.bias": {
    "max": 0.04751420393586159,
    "mean": 0.01049992320626708
  },
  "layer4.2.bn2.weight": {
    "max": 0.08527164906263351,
    "mean": 0.015904972550716982
  },
  "layer4.2.bn3.bias": {
    "max": 0.03504251688718796,
    "mean": 0.008305049141927156
  },
  "layer4.2.bn3.weight": {
    "max": 0.06933128833770752,
    "mean": 0.014591550729653267
  },
  "layer4.2.conv1.weight": {
    "max": 0.3038106858730316,
    "mean": 0.06144470137377669
  },
  "layer4.2.conv2.weight": {
    "max": 0.13507995009422302,
    "mean": 0.02759319833113945
  },
  "layer4.2.conv3.weight": {
    "max": 0.11255582422018051,
    "mean": 0.022411629455164075
  }
}