{
  "fc.bias": {
    "max": 0.07600818574428558,
    "mean": 0.018285743748336764
  },
  "fc.weight": {
    "max": 1.294216275215149,
    "mean": 0.2657649859972298
  },
  "layer4.0.bn1.bias": {
    "max": 0.0981762483716011,
    "mean": 0.017656725879060104
  },
  "layer4.0.bn1.weight": {
    "max": 0.17146815359592438,
    "mean": 0.03065093928906468
  },
  "layer4.0.bn2.bias": {
    "max": 0.04013200104236603,
    "mean": 0.007104679802765272
  },
  "layer4.0.bn2.weight": {
    "max": 0.06111513078212738,
    "mean": 0.010405951760767494
  },
  "layer4.0.bn3.bias": {
    "max": 0.09142417460680008,
    "mean": 0.015246620913052799
  },
  "layer4.0.bn3.weight": {
    "max": 0.1566573679447174,
    "mean": 0.0273913349189596
  },
  "layer4.0.conv1.weight": {
    "max": 0.44486474990844727,
    "mean": 0.07699281349611868
  },
  "layer4.0.conv2.weight": {
    "max": 0.2655315101146698,
    "mean": 0.04447916725400968
  },
  "layer4.0.conv3.weight": {
    "max": 0.31725412607192993,
    "mean": 0.056671858099289235
  },
  "layer4.0.downsample.0.weight": {
    "max": 0.31775712966918945,
    "mean": 0.05819617622033028
  },
  "layer4.0.downsample.1.bias": {
    "max": 0.09142417460680008,
    "mean": 0.015246620913052799
  },
  "layer4.0.downsample.1.weight": {
    "max": 0.15781047940254211,
    "mean": 0.024831855680593956
  },
  "layer4.1.bn1.bias": {
    "max": 0.06371158361434937,
    "mean": 0.010229582587115666
  },
  "layer4.1.bn1.weight": {
    "max": 0.0823708102107048,
    "mean": 0.014551934908044392
  },
  "layer4.1.bn2.bias": {
    "max": 0.05926314741373062,
    "mean": 0.0104944261253695
  },
  "layer4.1.bn2.weight": {
    "max": 0.11103015393018723,
    "mean": 0.016967580484509068
  },
  "layer4.1.bn3.bias": {
    "max": 0.07141433656215668,
    "mean": 0.012611956845669608
  },
  "layer4.1.bn3.weight": {
    "max": 0.14423346519470215,
    "mean": 0.023463962378279704
  },
  "layer4.1.conv1.weight": {
    "max": 0.3749539256095886,
    "mean": 0.06687053421345938
  },
  "layer4.1.conv2.weight": {
    "max": 0.24001523852348328,
    "mean": 0.040807338628552056
  },
  "layer4.1.conv3.weight": {
    "max": 0.2659127414226532,
    "mean": 0.04667789204412007
  },
  "layer4.2.bn1.bias": {
    "max": 0.07340732216835022,
    "mean": 0.014461117722177213
  },
  "layer4.2.bn1.weight": {
    "max": 0.12229583412408829,
    "mean": 0.021331239575520158
  },
  "layer4.2.bn2.bias": {
    "max": 0.06308747828006744,
    "mean": 0.010460545477565444
  },
  "layer4.2.bn2.weight": {
    "max": 0.09487929940223694,
    "mean": 0.015441863593961378
  },
  "layer4.2.bn3.bias": {
    "max": 0.041371967643499374,
    "mean": 0.007855789065153138
  },
  "layer4.2.bn3.weight": {
    "max": 0.07545126229524612,
    "mean": 0.013917074813174881
  },
  "layer4.2.conv1.weight": {
    "max": 0.36164960265159607,
    "mean": 0.06365793815082205
  },
  "layer4.2.conv2.weight": {
    "max": 0.1808839738368988,
    "mean": 0.028311602079941493
  },
  "layer4.2.conv3.weight": {
    "max": 0.12076003849506378,
    "mean": 0.022430950557713263
  }
}