{
  "fc.bias": {
    "max": 0.09092625230550766,
    "mean": 0.01614856394007802
  },
  "fc.weight": {
    "max": 1.2379051446914673,
    "mean": 0.233737174993647
  },
  "layer4.0.bn1.bias": {
    "max": 0.11834215372800827,
    "mean": 0.014956869975763506
  },
  "layer4.0.bn1.weight": {
    "max": 0.20577538013458252,
    "mean": 0.026015426535658272
  },
  "layer4.0.bn2.bias": {
    "max": 0.03971750661730766,
    "mean": 0.0061607569506408515
  },
  "layer4.0.bn2.weight": {
    "max": 0.05068380385637283,
    "mean": 0.008904934711837476
  },
  "layer4.0.bn3.bias": {
    "max": 0.09730689227581024,
    "mean": 0.013260795793196719
  },
  "layer4.0.bn3.weight": {
    "max": 0.1429966539144516,
    "mean": 0.023271820451399045
  },
  "layer4.0.conv1.weight": {
    "max": 0.42670270800590515,
    "mean": 0.06624486422365797
  },
  "layer4.0.conv2.weight": {
    "max": 0.19948294758796692,
    "mean": 0.03924873611590426
  },
  "layer4.0.conv3.weight": {
    "max": 0.26992225646972656,
    "mean": 0.049784143221498066
  },
  "layer4.0.downsample.0.weight": {
    "max": 0.2764251232147217,
    "mean": 0.050769369143527004
  },
  "layer4.0.downsample.1.bias": {
    "max": 0.09730689227581024,
    "mean": 0.013260795793196719
  },
  "layer4.0.downsample.1.weight": {
    "max": 0.15140777826309204,
    "mean": 0.021438136636279522
  },
  "layer4.1.bn1.bias": {
    "max": 0.06388914585113525,
    "mean": 0.008942658267416326
  },
  "layer4.1.bn1.weight": {
    "max": 0.07508654147386551,
    "mean": 0.012481957963484872
  },
  "layer4.1.bn2.bias": {
    "max": 0.05631370469927788,
    "mean": 0.009249443068152426
  },
  "layer4.1.bn2.weight": {
    "max": 0.08251319080591202,
    "mean": 0.014924199689163028
  },
  "layer4.1.bn3.bias": {
    "max": 0.06098795309662819,
    "mean": 0.010823970479874073
  },
  "layer4.1.bn3.weight": {
    "max": 0.10991498082876205,
    "mean": 0.020248850671674257
  },
  "layer4.1.conv1.weight": {
    "max": 0.31152933835983276,
    "mean": 0.058691939412549674
  },
  "layer4.1.conv2.weight": {
    "max": 0.1706686019897461,
    "mean": 0.03596246250838574
  },
  "layer4.1.conv3.weight": {
    "max": 0.19325602054595947,
    "mean": 0.041017209600457655
  },
  "layer4.2.bn1.bias": {
    "max": 0.07269325107336044,
    "mean": 0.012298282502368758
  },
  "layer4.2.bn1.weight": {
    "max": 0.10004980862140656,
    "mean": 0.018370719197139677
  },
  "layer4.2.bn2.bias": {
    "max": 0.048276323825120926,
    "mean": 0.008953102067212707
  },
  "layer4.2.bn2.weight": {
    "max": 0.06916113942861557,
    "mean": 0.013181722122826613
  },
  "layer4.2.bn3.bias": {
    "max": 0.04148278385400772,
    "mean": 0.006821151962753252
  },
  "layer4.2.bn3.weight": {
    "max": 0.0709308534860611,
    "mean": 0.012188863240880891
  },
  "layer4.2.conv1.weight": {
    "max": 0.2469230592250824,
    "mean": 0.05530432975850999
  },
  "layer4.2.conv2.weight": {
    "max": 0.11246191710233688,
    "mean": 0.02426037923665717
  },
  "layer4.2.conv3.weight": {
    "max": 0.10676068067550659,
    "mean": 0.01920432695819597
  }
}