{
  "fc.bias": {
    "max": 0.05982399731874466,
    "mean": 0.007241673114856115
  },
  "fc.weight": {
    "max": 0.8051974177360535,
    "mean": 0.09265532257683974
  },
  "layer4.0.bn1.bias": {
    "max": 0.07115600258111954,
    "mean": 0.007413835907448499
  },
  "layer4.0.bn1.weight": {
    "max": 0.11510811746120453,
    "mean": 0.013070424436913787
  },
  "layer4.0.bn2.bias": {
    "max": 0.0243002288043499,
    "mean": 0.002844904713926683
  },
  "layer4.0.bn2.weight": {
    "max": 0.04114970192313194,
    "mean": 0.004154299005009047
  },
  "layer4.0.bn3.bias": {
    "max": 0.06992542743682861,
    "mean": 0.0061303699157360825
  },
  "layer4.0.bn3.weight": {
    "max": 0.09638618677854538,
    "mean": 0.01084956230984452
  },
  "layer4.0.conv1.weight": {
    "max": 0.3013969659805298,
    "mean": 0.032628644235477886
  },
  "layer4.0.conv2.weight": {
    "max": 0.1744021326303482,
    "mean": 0.018015558948089684
  },
  "layer4.0.conv3.weight": {
    "max": 0.20082588493824005,
    "mean": 0.022100736004587295
  },
  "layer4.0.downsample.0.weight": {
    "max": 0.2517019212245941,
    "mean": 0.02408401313372971
  },
  "layer4.0.downsample.1.bias": {
    "max": 0.06992542743682861,
    "mean": 0.0061303699157360825
  },
  "layer4.0.downsample.1.weight": {
    "max": 0.11295749992132187,
    "mean": 0.010161424399203887
  },
  "layer4.1.bn1.bias": {
    "max": 0.0360126718878746,
    "mean": 0.0036740353683256087
  },
  "layer4.1.bn1.weight": {
    "max": 0.04892785847187042,
    "mean": 0.0051551901259309875
  },
  "layer4.1.bn2.bias": {
    "max": 0.0406646803021431,
    "mean": 0.004065841475988106
  },
  "layer4.1.bn2.weight": {
    "max": 0.07049470394849777,
    "mean": 0.0063727476185262534
  },
  "layer4.1.bn3.bias": {
    "max": 0.05451306328177452,
    "mean": 0.005476716119020629
  },
  "layer4.1.bn3.weight": {
    "max": 0.08325003832578659,
    "mean": 0.009142943215348559
  },
  "layer4.1.conv1.weight": {
    "max": 0.22829777002334595,
    "mean": 0.023848639024737557
  },
  "layer4.1.conv2.weight": {
    "max": 0.14074808359146118,
    "mean": 0.014488106169810635
  },
  "layer4.1.conv3.weight": {
    "max": 0.1545252948999405,
    "mean": 0.0162142363816903
  },
  "layer4.2.bn1.bias": {
    "max": 0.0612722672522068,
    "mean": 0.006038792706681956
  },
  "layer4.2.bn1.weight": {
    "max": 0.09177708625793457,
    "mean": 0.008688893177573586
  },
  "layer4.2.bn2.bias": {
    "max": 0.04214709252119064,
    "mean": 0.004539856403462181
  },
  "layer4.2.bn2.weight": {
    "max": 0.05792661011219025,
    "mean": 0.006229192597607575
  },
  "layer4.2.bn3.bias": {
    "max": 0.03563924878835678,
    "mean": 0.0038620515117301175
  },
  "layer4.2.bn3.weight": {
    "max": 0.062102507799863815,
    "mean": 0.00629205072190546
  },
  "layer4.2.conv1.weight": {
    "max": 0.23690572381019592,
    "mean": 0.024236874839116355
  },
  "layer4.2.conv2.weight": {
    "max": 0.108084537088871,
    "mean": 0.010925140592984722
  },
  "layer4.2.conv3.weight": {
    "max": 0.07817990332841873,
    "mean": 0.008809279239493272
  }
}