{
  "fc.bias": {
    "max": 0.06663011014461517,
    "mean": 0.013606704156305308
  },
  "fc.weight": {
    "max": 0.9422926902770996,
    "mean": 0.1751092617566298
  },
  "layer4.0.bn1.bias": {
    "max": 0.0788545310497284,
    "mean": 0.013318964379972644
  },
  "layer4.0.bn1.weight": {
    "max": 0.15031401813030243,
    "mean": 0.02350936428094948
  },
  "layer4.0.bn2.bias": {
    "max": 0.03018742799758911,
    "mean": 0.005277985961542332
  },
  "layer4.0.bn2.weight": {
    "max": 0.04750988259911537,
    "mean": 0.007784766791550542
  },
  "layer4.0.bn3.bias": {
    "max": 0.06586024910211563,
    "mean": 0.011103667098255495
  },
  "layer4.0.bn3.weight": {
    "max": 0.1319587081670761,
    "mean": 0.020667953725164157
  },
  "layer4.0.conv1.weight": {
    "max": 0.3511858582496643,
    "mean": 0.05804749122704379
  },
  "layer4.0.conv2.weight": {
    "max": 0.18146687746047974,
    "mean": 0.032769253672865616
  },
  "layer4.0.conv3.weight": {
    "max": 0.23592598736286163,
    "mean": 0.0411193126904878
  },
  "layer4.0.downsample.0.weight": {
    "max": 0.24491658806800842,
    "mean": 0.042699172831739164
  },
  "layer4.0.downsample.1.bias": {
    "max": 0.06586024910211563,
    "mean": 0.011103667098255495
  },
  "layer4.0.downsample.1.weight": {
    "max": 0.11012130230665207,
    "mean": 0.01852581792548465
  },
  "layer4.1.bn1.bias": {
    "max": 0.04110504314303398,
    "mean": 0.006633943133804548
  },
  "layer4.1.bn1.weight": {
    "max": 0.0694790929555893,
    "mean": 0.009585954416501669
  },
  "layer4.1.bn2.bias": {
    "max": 0.04268478602170944,
    "mean": 0.007264654198848542
  },
  "layer4.1.bn2.weight": {
    "max": 0.07802920788526535,
    "mean": 0.011883309976838063
  },
  "layer4.1.bn3.bias": {
    "max": 0.0528830923140049,
    "mean": 0.009652356445024322
  },
  "layer4.1.bn3.weight": {
    "max": 0.10003212094306946,
    "mean": 0.016930394475015677
  },
  "layer4.1.conv1.weight": {
    "max": 0.3139282763004303,
    "mean": 0.044483408802188935
  },
  "layer4.1.conv2.weight": {
    "max": 0.17407625913619995,
    "mean": 0.027028110583695315
  },
  "layer4.1.conv3.weight": {
    "max": 0.21963615715503693,
    "mean": 0.031130564266516426
  },
  "layer4.2.bn1.bias": {
    "max": 0.0551203191280365,
    "mean": 0.010353362547424954
  },
  "layer4.2.bn1.weight": {
    "max": 0.09187907725572586,
    "mean": 0.01599930542691644
  },
  "layer4.2.bn2.bias": {
    "max": 0.04542156681418419,
    "mean": 0.0078118936864276685
  },
  "layer4.2.bn2.weight": {
    "max": 0.08801127970218658,
    "mean": 0.011865157943850915
  },
  "layer4.2.bn3.bias": {
    "max": 0.03471849858760834,
    "mean": 0.00684746219572844
  },
  "layer4.2.bn3.weight": {
    "max": 0.061681631952524185,
    "mean": 0.01127369462973937
  },
  "layer4.2.conv1.weight": {
    "max": 0.2835195064544678,
    "mean": 0.04504996511902261
  },
  "layer4.2.conv2.weight": {
    "max": 0.13591019809246063,
    "mean": 0.020434964527542305
  },
  "layer4.2.conv3.weight": {
    "max": 0.10672515630722046,
    "mean": 0.016860457931678476
  }
}