{
  "fc.bias": {
    "max": 0.07253534346818924,
    "mean": 0.012455417793992507
  },
  "fc.weight": {
    "max": 0.8431899547576904,
    "mean": 0.16559172631840088
  },
  "layer4.0.bn1.bias": {
    "max": 0.07999034225940704,
    "mean": 0.012439917907218581
  },
  "layer4.0.bn1.weight": {
    "max": 0.1381673663854599,
    "mean": 0.022397224614479846
  },
  "layer4.0.bn2.bias": {
    "max": 0.028842365369200706,
    "mean": 0.005179569470970559
  },
  "layer4.0.bn2.weight": {
    "max": 0.051522087305784225,
    "mean": 0.007811294194502157
  },
  "layer4.0.bn3.bias": {
    "max": 0.059455882757902145,
    "mean": 0.010655765452164425
  },
  "layer4.0.bn3.weight": {
    "max": 0.11518335342407227,
    "mean": 0.01949677814862558
  },
  "layer4.0.conv1.weight": {
    "max": 0.3538900911808014,
    "mean": 0.05738423027796671
  },
  "layer4.0.conv2.weight": {
    "max": 0.22128649055957794,
    "mean": 0.03437959591093074
  },
  "layer4.0.conv3.weight": {
    "max": 0.25649499893188477,
    "mean": 0.04206553846082118
  },
  "layer4.0.downsample.0.weight": {
    "max": 0.249269500374794,
    "mean": 0.043210205658106134
  },
  "layer4.0.downsample.1.bias": {
    "max": 0.059455882757902145,
    "mean": 0.010655765452164425
  },
  "layer4.0.downsample.1.weight": {
    "max": 0.0934695303440094,
    "mean": 0.017674792222179738
  },
  "layer4.1.bn1.bias": {
    "max": 0.05077683925628662,
    "mean": 0.007059094452270074
  },
  "layer4.1.bn1.weight": {
    "max": 0.06816801428794861,
    "mean": 0.010234024897716673
  },
  "layer4.1.bn2.bias": {
    "max": 0.04476701095700264,
    "mean": 0.007615693305644007
  },
  "layer4.1.bn2.weight": {
    "max": 0.07870158553123474,
    "mean": 0.012338900428439957
  },
  "layer4.1.bn3.bias": {
    "max": 0.04824117571115494,
    "mean": 0.009107136270946024
  },
  "layer4.1.bn3.weight": {
    "max": 0.10386591404676437,
    "mean": 0.016461030331057763
  },
  "layer4.1.conv1.weight": {
    "max": 0.2812083661556244,
    "mean": 0.047401807709164655
  },
  "layer4.1.conv2.weight": {
    "max": 0.16442090272903442,
    "mean": 0.028598318918541605
  },
  "layer4.1.conv3.weight": {
    "max": 0.17076246440410614,
    "mean": 0.0318664266120842
  },
  "layer4.2.bn1.bias": {
    "max": 0.05570217967033386,
    "mean": 0.010552510145852076
  },
  "layer4.2.bn1.weight": {
    "max": 0.09472287446260452,
    "mean": 0.015937762128388776
  },
  "layer4.2.bn2.bias": {
    "max": 0.04154929518699646,
    "mean": 0.007538903170082319
  },
  "layer4.2.bn2.weight": {
    "max": 0.07273345440626144,
    "mean": 0.01116802312616658
  },
  "layer4.2.bn3.bias": {
    "max": 0.036744624376297,
    "mean": 0.0059851307447908245
  },
  "layer4.2.bn3.weight": {
    "max": 0.05856310948729515,
    "mean": 0.010375815257222192
  },
  "layer4.2.conv1.weight": {
    "max": 0.26424139738082886,
    "mean": 0.044427838750416414
  },
  "layer4.2.conv2.weight": {
    "max": 0.09972257167100906,
    "mean": 0.019191204863933047
  },
  "layer4.2.conv3.weight": {
    "max": 0.0827743262052536,
    "mean": 0.015669692580039345
  }
}