{
  "fc.bias": {
    "max": 0.1334897130727768,
    "mean": 0.06116181028208562
  },
  "fc.weight": {
    "max": 1.9580734968185425,
    "mean": 0.8530443028041295
  },
  "layer4.0.bn1.bias": {
    "max": 0.0571327842772007,
    "mean": 0.028795482931392533
  },
  "layer4.0.bn1.weight": {
    "max": 0.10241249203681946,
    "mean": 0.04968136363263641
  },
  "layer4.0.bn2.bias": {
    "max": 0.024489013478159904,
    "mean": 0.012420157607910888
  },
  "layer4.0.bn2.weight": {
    "max": 0.03521038591861725,
    "mean": 0.017888920130208135
  },
  "layer4.0.bn3.bias": {
    "max": 0.05680686607956886,
    "mean": 0.02822812939594899
  },
  "layer4.0.bn3.weight": {
    "max": 0.10150200873613358,
    "mean": 0.050525246704263345
  },
  "layer4.0.conv1.weight": {
    "max": 0.24679245054721832,
    "mean": 0.1284138018212148
  },
  "layer4.0.conv2.weight": {
    "max": 0.152927428483963,
    "mean": 0.08083469611725637
  },
  "layer4.0.conv3.weight": {
    "max": 0.20125950872898102,
    "mean": 0.10413185407008443
  },
  "layer4.0.downsample.0.weight": {
    "max": 0.20397569239139557,
    "mean": 0.10633735108588423
  },
  "layer4.0.downsample.1.bias": {
    "max": 0.05680686607956886,
    "mean": 0.02822812939594899
  },
  "layer4.0.downsample.1.weight": {
    "max": 0.0884588360786438,
    "mean": 0.044978621373219146
  },
  "layer4.1.bn1.bias": {
    "max": 0.039657168090343475,
    "mean": 0.01943314012805266
  },
  "layer4.1.bn1.weight": {
    "max": 0.06040468439459801,
    "mean": 0.027821713643414632
  },
  "layer4.1.bn2.bias": {
    "max": 0.03865402936935425,
    "mean": 0.0197755307611078
  },
  "layer4.1.bn2.weight": {
    "max": 0.06648294627666473,
    "mean": 0.03323115714958736
  },
  "layer4.1.bn3.bias": {
    "max": 0.04970361292362213,
    "mean": 0.024651317737464394
  },
  "layer4.1.bn3.weight": {
    "max": 0.09587167203426361,
    "mean": 0.04818675039069993
  },
  "layer4.1.conv1.weight": {
    "max": 0.2708975374698639,
    "mean": 0.12752158675874983
  },
  "layer4.1.conv2.weight": {
    "max": 0.1811504065990448,
    "mean": 0.08242928116449288
  },
  "layer4.1.conv3.weight": {
    "max": 0.22485816478729248,
    "mean": 0.10014997889953
  },
  "layer4.2.bn1.bias": {
    "max": 0.05574314296245575,
    "mean": 0.02687164979055524
  },
  "layer4.2.bn1.weight": {
    "max": 0.09010384231805801,
    "mean": 0.04228557963190334
  },
  "layer4.2.bn2.bias": {
    "max": 0.04905443266034126,
    "mean": 0.02098008697187262
  },
  "layer4.2.bn2.weight": {
    "max": 0.06925833970308304,
    "mean": 0.032523791074220626
  },
  "layer4.2.bn3.bias": {
    "max": 0.04379555955529213,
    "mean": 0.017267111989536454
  },
  "layer4.2.bn3.weight": {
    "max": 0.07523801922798157,
    "mean": 0.031745011660137344
  },
  "layer4.2.conv1.weight": {
    "max": 0.3162273168563843,
    "mean": 0.13395950793155603
  },
  "layer4.2.conv2.weight": {
    "max": 0.1457505226135254,
    "mean": 0.06145081448767866
  },
  "layer4.2.conv3.weight": {
    "max": 0.10785232484340668,
    "mean": 0.051075566594621966
  }
}