{
  "fc.bias": {
    "max": 0.12397180497646332,
    "mean": 0.027188454255727783
  },
  "fc.weight": {
    "max": 1.6948599815368652,
    "mean": 0.38959875821002893
  },
  "layer4.0.bn1.bias": {
    "max": 0.07122384756803513,
    "mean": 0.020240475881977804
  },
  "layer4.0.bn1.weight": {
    "max": 0.14093375205993652,
    "mean": 0.03574828023090958
  },
  "layer4.0.bn2.bias": {
    "max": 0.03387566655874252,
    "mean": 0.008467358201076941
  },
  "layer4.0.bn2.weight": {
    "max": 0.04532209783792496,
    "mean": 0.012627321006397584
  },
  "layer4.0.bn3.bias": {
    "max": 0.07341524958610535,
    "mean": 0.01870855818768697
  },
  "layer4.0.bn3.weight": {
    "max": 0.1250794529914856,
    "mean": 0.03437064275544669
  },
  "layer4.0.conv1.weight": {
    "max": 0.3293878138065338,
    "mean": 0.0914513536542654
  },
  "layer4.0.conv2.weight": {
    "max": 0.21057136356830597,
    "mean": 0.05677038380210953
  },
  "layer4.0.conv3.weight": {
    "max": 0.25492149591445923,
    "mean": 0.07226614979494896
  },
  "layer4.0.downsample.0.weight": {
    "max": 0.264956533908844,
    "mean": 0.07232431984373501
  },
  "layer4.0.downsample.1.bias": {
    "max": 0.07341524958610535,
    "mean": 0.01870855818768697
  },
  "layer4.0.downsample.1.weight": {
    "max": 0.12466757744550705,
    "mean": 0.030156186572276054
  },
  "layer4.1.bn1.bias": {
    "max": 0.05141953006386757,
    "mean": 0.012767241274871464
  },
  "layer4.1.bn1.weight": {
    "max": 0.07222330570220947,
    "mean": 0.018471941869772437
  },
  "layer4.1.bn2.bias": {
    "max": 0.05284026265144348,
    "mean": 0.013328374631237238
  },
  "layer4.1.bn2.weight": {
    "max": 0.09413183480501175,
    "mean": 0.022174057281975235
  },
  "layer4.1.bn3.bias": {
    "max": 0.0587821826338768,
    "mean": 0.015707221095051085
  },
  "layer4.1.bn3.weight": {
    "max": 0.11552072316408157,
    "mean": 0.030331126421556942
  },
  "layer4.1.conv1.weight": {
    "max": 0.32382604479789734,
    "mean": 0.08620633316891534
  },
  "layer4.1.conv2.weight": {
    "max": 0.20714004337787628,
    "mean": 0.053355514432436656
  },
  "layer4.1.conv3.weight": {
    "max": 0.24279098212718964,
    "mean": 0.062399946157155294
  },
  "layer4.2.bn1.bias": {
    "max": 0.0648888498544693,
    "mean": 0.01760953358308013
  },
  "layer4.2.bn1.weight": {
    "max": 0.10523559153079987,
    "mean": 0.027649500530346163
  },
  "layer4.2.bn2.bias": {
    "max": 0.04911929741501808,
    "mean": 0.01304912338765072
  },
  "layer4.2.bn2.weight": {
    "max": 0.09039235860109329,
    "mean": 0.01997706655080297
  },
  "layer4.2.bn3.bias": {
    "max": 0.04129290580749512,
    "mean": 0.010014627712579178
  },
  "layer4.2.bn3.weight": {
    "max": 0.07886563241481781,
    "mean": 0.01826247048431209
  },
  "layer4.2.conv1.weight": {
    "max": 0.3151313066482544,
    "mean": 0.08495324936296259
  },
  "layer4.2.conv2.weight": {
    "max": 0.16191202402114868,
    "mean": 0.03646772532590798
  },
  "layer4.2.conv3.weight": {
    "max": 0.12213962525129318,
    "mean": 0.029592390401022774
  }
}