{
  "fc.bias": {
    "max": 0.08923950046300888,
    "mean": 0.024313205670498845
  },
  "fc.weight": {
    "max": 1.2133491039276123,
    "mean": 0.34283150587763106
  },
  "layer4.0.bn1.bias": {
    "max": 0.081332266330719,
    "mean": 0.019654293286647383
  },
  "layer4.0.bn1.weight": {
    "max": 0.13384592533111572,
    "mean": 0.03431733783667109
  },
  "layer4.0.bn2.bias": {
    "max": 0.03395744785666466,
    "mean": 0.008231909770235819
  },
  "layer4.0.bn2.weight": {
    "max": 0.045858681201934814,
    "mean": 0.012244638027456988
  },
  "layer4.0.bn3.bias": {
    "max": 0.07876776903867722,
    "mean": 0.01777697678572232
  },
  "layer4.0.bn3.weight": {
    "max": 0.12777000665664673,
    "mean": 0.03242588218301535
  },
  "layer4.0.conv1.weight": {
    "max": 0.35339298844337463,
    "mean": 0.08769768275852714
  },
  "layer4.0.conv2.weight": {
    "max": 0.20198144018650055,
    "mean": 0.05380545397289097
  },
  "layer4.0.conv3.weight": {
    "max": 0.2544560730457306,
    "mean": 0.0689771741063201
  },
  "layer4.0.downsample.0.weight": {
    "max": 0.26721876859664917,
    "mean": 0.06881587428240371
  },
  "layer4.0.downsample.1.bias": {
    "max": 0.07876776903867722,
    "mean": 0.01777697678572232
  },
  "layer4.0.downsample.1.weight": {
    "max": 0.12572820484638214,
    "mean": 0.02838916301793818
  },
  "layer4.1.bn1.bias": {
    "max": 0.05452301725745201,
    "mean": 0.012151733034323636
  },
  "layer4.1.bn1.weight": {
    "max": 0.0768146738409996,
    "mean": 0.017631094954641803
  },
  "layer4.1.bn2.bias": {
    "max": 0.055447034537792206,
    "mean": 0.012556708621725973
  },
  "layer4.1.bn2.weight": {
    "max": 0.09704707562923431,
    "mean": 0.021035300953247186
  },
  "layer4.1.bn3.bias": {
    "max": 0.06441149860620499,
    "mean": 0.014740360409487039
  },
  "layer4.1.bn3.weight": {
    "max": 0.13420261442661285,
    "mean": 0.028469107597733714
  },
  "layer4.1.conv1.weight": {
    "max": 0.3211907148361206,
    "mean": 0.08155760139226914
  },
  "layer4.1.conv2.weight": {
    "max": 0.2013329565525055,
    "mean": 0.04972017447597214
  },
  "layer4.1.conv3.weight": {
    "max": 0.2541438341140747,
    "mean": 0.05823649343502309
  },
  "layer4.2.bn1.bias": {
    "max": 0.06353996694087982,
    "mean": 0.01646253274404444
  },
  "layer4.2.bn1.weight": {
    "max": 0.101566843688488,
    "mean": 0.02506441470734509
  },
  "layer4.2.bn2.bias": {
    "max": 0.04777264595031738,
    "mean": 0.012140413057225357
  },
  "layer4.2.bn2.weight": {
    "max": 0.07451829314231873,
    "mean": 0.018308523414057813
  },
  "layer4.2.bn3.bias": {
    "max": 0.0375056155025959,
    "mean": 0.009516374025094722
  },
  "layer4.2.bn3.weight": {
    "max": 0.06473947316408157,
    "mean": 0.016898926610925367
  },
  "layer4.2.conv1.weight": {
    "max": 0.3201347589492798,
    "mean": 0.077914048699396
  },
  "layer4.2.conv2.weight": {
    "max": 0.13947530090808868,
    "mean": 0.03337405066870685
  },
  "layer4.2.conv3.weight": {
    "max": 0.10146375000476837,
    "mean": 0.02714911596749776
  }
}