{
  "fc.bias": {
    "max": 0.07033295929431915,
    "mean": 0.013287292833130258
  },
  "fc.weight": {
    "max": 0.8881656527519226,
    "mean": 0.15866413669577534
  },
  "layer4.0.bn1.bias": {
    "max": 0.07652672380208969,
    "mean": 0.013880180312709335
  },
  "layer4.0.bn1.weight": {
    "max": 0.1538192629814148,
    "mean": 0.025081697090624532
  },
  "layer4.0.bn2.bias": {
    "max": 0.03400496020913124,
    "mean": 0.0055941614992272145
  },
  "layer4.0.bn2.weight": {
    "max": 0.057065073400735855,
    "mean": 0.008477100395866728
  },
  "layer4.0.bn3.bias": {
    "max": 0.06174983084201813,
    "mean": 0.011462893081968234
  },
  "layer4.0.bn3.weight": {
    "max": 0.12222790718078613,
    "mean": 0.02118307959710364
  },
  "layer4.0.conv1.weight": {
    "max": 0.36956971883773804,
    "mean": 0.06314593119052006
  },
  "layer4.0.conv2.weight": {
    "max": 0.24069707095623016,
    "mean": 0.036410889651493306
  },
  "layer4.0.conv3.weight": {
    "max": 0.30812087655067444,
    "mean": 0.044362659831406616
  },
  "layer4.0.downsample.0.weight": {
    "max": 0.2772853672504425,
    "mean": 0.046395850204197425
  },
  "layer4.0.downsample.1.bias": {
    "max": 0.06174983084201813,
    "mean": 0.011462893081968234
  },
  "layer4.0.downsample.1.weight": {
    "max": 0.10144508630037308,
    "mean": 0.01906960115639127
  },
  "layer4.1.bn1.bias": {
    "max": 0.04810642823576927,
    "mean": 0.00707258001581587
  },
  "layer4.1.bn1.weight": {
    "max": 0.07486137002706528,
    "mean": 0.010290040454835564
  },
  "layer4.1.bn2.bias": {
    "max": 0.04533640295267105,
    "mean": 0.007757541936568617
  },
  "layer4.1.bn2.weight": {
    "max": 0.0830349400639534,
    "mean": 0.012528668680357182
  },
  "layer4.1.bn3.bias": {
    "max": 0.04918678104877472,
    "mean": 0.010155977607604914
  },
  "layer4.1.bn3.weight": {
    "max": 0.09694059193134308,
    "mean": 0.01754023621248572
  },
  "layer4.1.conv1.weight": {
    "max": 0.30590417981147766,
    "mean": 0.047017436628687265
  },
  "layer4.1.conv2.weight": {
    "max": 0.17884781956672668,
    "mean": 0.028137291132817543
  },
  "layer4.1.conv3.weight": {
    "max": 0.1846676766872406,
    "mean": 0.031293668102069724
  },
  "layer4.2.bn1.bias": {
    "max": 0.059818085283041,
    "mean": 0.011049716560197079
  },
  "layer4.2.bn1.weight": {
    "max": 0.12269258499145508,
    "mean": 0.017127430100995947
  },
  "layer4.2.bn2.bias": {
    "max": 0.041812848299741745,
    "mean": 0.00798083930870884
  },
  "layer4.2.bn2.weight": {
    "max": 0.08687211573123932,
    "mean": 0.01196449144485606
  },
  "layer4.2.bn3.bias": {
    "max": 0.036586180329322815,
    "mean": 0.007131235744444504
  },
  "layer4.2.bn3.weight": {
    "max": 0.060346320271492004,
    "mean": 0.011745695472418447
  },
  "layer4.2.conv1.weight": {
    "max": 0.27777665853500366,
    "mean": 0.045828733075509914
  },
  "layer4.2.conv2.weight": {
    "max": 0.12931327521800995,
    "mean": 0.020299624402021956
  },
  "layer4.2.conv3.weight": {
    "max": 0.10382061451673508,
    "mean": 0.016421365850235035
  }
}