{
  "fc.bias": {
    "max": 0.11775527894496918,
    "mean": 0.019082956957946796
  },
  "fc.weight": {
    "max": 1.3716617822647095,
    "mean": 0.24873537001599158
  },
  "layer4.0.bn1.bias": {
    "max": 0.12504582107067108,
    "mean": 0.01780506288449812
  },
  "layer4.0.bn1.weight": {
    "max": 0.21999332308769226,
    "mean": 0.0318781156768091
  },
  "layer4.0.bn2.bias": {
    "max": 0.04697209224104881,
    "mean": 0.007400930537634329
  },
  "layer4.0.bn2.weight": {
    "max": 0.06574258953332901,
    "mean": 0.010997058363864198
  },
  "layer4.0.bn3.bias": {
    "max": 0.0931800827383995,
    "mean": 0.015235277188642482
  },
  "layer4.0.bn3.weight": {
    "max": 0.16262085735797882,
    "mean": 0.027877376217095715
  },
  "layer4.0.conv1.weight": {
    "max": 0.48586931824684143,
    "mean": 0.08101550428097003
  },
  "layer4.0.conv2.weight": {
    "max": 0.24463987350463867,
    "mean": 0.04791828142412539
  },
  "layer4.0.conv3.weight": {
    "max": 0.36595290899276733,
    "mean": 0.060105419949894504
  },
  "layer4.0.downsample.0.weight": {
    "max": 0.32381153106689453,
    "mean": 0.06148917933427064
  },
  "layer4.0.downsample.1.bias": {
    "max": 0.0931800827383995,
    "mean": 0.015235277188642482
  },
  "layer4.0.downsample.1.weight": {
    "max": 0.15033644437789917,
    "mean": 0.025577802681696734
  },
  "layer4.1.bn1.bias": {
    "max": 0.066153384745121,
    "mean": 0.009835670905345718
  },
  "layer4.1.bn1.weight": {
    "max": 0.09666983038187027,
    "mean": 0.014461231669743679
  },
  "layer4.1.bn2.bias": {
    "max": 0.057146430015563965,
    "mean": 0.010444367881822732
  },
  "layer4.1.bn2.weight": {
    "max": 0.09714215993881226,
    "mean": 0.017279082147204982
  },
  "layer4.1.bn3.bias": {
    "max": 0.07046645879745483,
    "mean": 0.013012900236644783
  },
  "layer4.1.bn3.weight": {
    "max": 0.13455325365066528,
    "mean": 0.023674694933329844
  },
  "layer4.1.conv1.weight": {
    "max": 0.39050954580307007,
    "mean": 0.06744756196226392
  },
  "layer4.1.conv2.weight": {
    "max": 0.2170862853527069,
    "mean": 0.04042288044267999
  },
  "layer4.1.conv3.weight": {
    "max": 0.24706847965717316,
    "mean": 0.04527970578770951
  },
  "layer4.2.bn1.bias": {
    "max": 0.08827744424343109,
    "mean": 0.01483563524978568
  },
  "layer4.2.bn1.weight": {
    "max": 0.1437455266714096,
    "mean": 0.022605848278118564
  },
  "layer4.2.bn2.bias": {
    "max": 0.05985688418149948,
    "mean": 0.010706655940905746
  },
  "layer4.2.bn2.weight": {
    "max": 0.10187909752130508,
    "mean": 0.016291737432558354
  },
  "layer4.2.bn3.bias": {
    "max": 0.05405854061245918,
    "mean": 0.008735537877821895
  },
  "layer4.2.bn3.weight": {
    "max": 0.09637076407670975,
    "mean": 0.015256144264130854
  },
  "layer4.2.conv1.weight": {
    "max": 0.3860172927379608,
    "mean": 0.06445051067176141
  },
  "layer4.2.conv2.weight": {
    "max": 0.1580679565668106,
    "mean": 0.02859876590980483
  },
  "layer4.2.conv3.weight": {
    "max": 0.12868984043598175,
    "mean": 0.022465822860166164
  }
}