{
  "fc.bias": {
    "max": 0.05586911365389824,
    "mean": 0.008885162852633844
  },
  "fc.weight": {
    "max": 0.6158514618873596,
    "mean": 0.09697670135123189
  },
  "layer4.0.bn1.bias": {
    "max": 0.09438476711511612,
    "mean": 0.00951814660375281
  },
  "layer4.0.bn1.weight": {
    "max": 0.18043670058250427,
    "mean": 0.017108978903291116
  },
  "layer4.0.bn2.bias": {
    "max": 0.034442756325006485,
    "mean": 0.0036661267937870435
  },
  "layer4.0.bn2.weight": {
    "max": 0.05565338581800461,
    "mean": 0.005500290046119127
  },
  "layer4.0.bn3.bias": {
    "max": 0.05951103940606117,
    "mean": 0.007614297893045919
  },
  "layer4.0.bn3.weight": {
    "max": 0.11922664940357208,
    "mean": 0.01392051795936173
  },
  "layer4.0.conv1.weight": {
    "max": 0.459933876991272,
    "mean": 0.043290879167034294
  },
  "layer4.0.conv2.weight": {
    "max": 0.24693603813648224,
    "mean": 0.023262014918124935
  },
  "layer4.0.conv3.weight": {
    "max": 0.28310608863830566,
    "mean": 0.027880930381195088
  },
  "layer4.0.downsample.0.weight": {
    "max": 0.2692357897758484,
    "mean": 0.029794633788613804
  },
  "layer4.0.downsample.1.bias": {
    "max": 0.05951103940606117,
    "mean": 0.007614297893045919
  },
  "layer4.0.downsample.1.weight": {
    "max": 0.10200027376413345,
    "mean": 0.01284412650962622
  },
  "layer4.1.bn1.bias": {
    "max": 0.03687405213713646,
    "mean": 0.004439983047541318
  },
  "layer4.1.bn1.weight": {
    "max": 0.05691623315215111,
    "mean": 0.006368209439590698
  },
  "layer4.1.bn2.bias": {
    "max": 0.03673367202281952,
    "mean": 0.004914189486745661
  },
  "layer4.1.bn2.weight": {
    "max": 0.06862723082304001,
    "mean": 0.007939396656989369
  },
  "layer4.1.bn3.bias": {
    "max": 0.0437135174870491,
    "mean": 0.006628651121942052
  },
  "layer4.1.bn3.weight": {
    "max": 0.07915929704904556,
    "mean": 0.011000077615941076
  },
  "layer4.1.conv1.weight": {
    "max": 0.25975704193115234,
    "mean": 0.029195791260634516
  },
  "layer4.1.conv2.weight": {
    "max": 0.15063445270061493,
    "mean": 0.01702705203350758
  },
  "layer4.1.conv3.weight": {
    "max": 0.15909163653850555,
    "mean": 0.01873862793522546
  },
  "layer4.2.bn1.bias": {
    "max": 0.054072894155979156,
    "mean": 0.007001328759257117
  },
  "layer4.2.bn1.weight": {
    "max": 0.07924479246139526,
    "mean": 0.010152166443242874
  },
  "layer4.2.bn2.bias": {
    "max": 0.038073811680078506,
    "mean": 0.0052487024862317155
  },
  "layer4.2.bn2.weight": {
    "max": 0.056285418570041656,
    "mean": 0.007093331456593919
  },
  "layer4.2.bn3.bias": {
    "max": 0.031181853264570236,
    "mean": 0.005037758722142566
  },
  "layer4.2.bn3.weight": {
    "max": 0.05744223669171333,
    "mean": 0.007789161354480062
  },
  "layer4.2.conv1.weight": {
    "max": 0.20795121788978577,
    "mean": 0.027159515270198296
  },
  "layer4.2.conv2.weight": {
    "max": 0.09192913770675659,
    "mean": 0.01170510450994438
  },
  "layer4.2.conv3.weight": {
    "max": 0.07250793278217316,
    "mean": 0.010096428603927572
  }
}