{
  "fc.bias": {
    "max": 0.08173210173845291,
    "mean": 0.012021531470818445
  },
  "fc.weight": {
    "max": 1.135135293006897,
    "mean": 0.16916333312301762
  },
  "layer4.0.bn1.bias": {
    "max": 0.07678590714931488,
    "mean": 0.011792709427245427
  },
  "layer4.0.bn1.weight": {
    "max": 0.14112605154514313,
    "mean": 0.020539241231163033
  },
  "layer4.0.bn2.bias": {
    "max": 0.0338834673166275,
    "mean": 0.004809645046583942
  },
  "layer4.0.bn2.weight": {
    "max": 0.045826803892850876,
    "mean": 0.006883024032576941
  },
  "layer4.0.bn3.bias": {
    "max": 0.06869711726903915,
    "mean": 0.010264002818605929
  },
  "layer4.0.bn3.weight": {
    "max": 0.12669165432453156,
    "mean": 0.01838666359378424
  },
  "layer4.0.conv1.weight": {
    "max": 0.33203041553497314,
    "mean": 0.05099282711045817
  },
  "layer4.0.conv2.weight": {
    "max": 0.20097017288208008,
    "mean": 0.029549078253995893
  },
  "layer4.0.conv3.weight": {
    "max": 0.2656807601451874,
    "mean": 0.03812297810035359
  },
  "layer4.0.downsample.0.weight": {
    "max": 0.2765302062034607,
    "mean": 0.03940014023799449
  },
  "layer4.0.downsample.1.bias": {
    "max": 0.06869711726903915,
    "mean": 0.010264002818605929
  },
  "layer4.0.downsample.1.weight": {
    "max": 0.11126308888196945,
    "mean": 0.016541024103228535
  },
  "layer4.1.bn1.bias": {
    "max": 0.0490146279335022,
    "mean": 0.006795319279023845
  },
  "layer4.1.bn1.weight": {
    "max": 0.06375496834516525,
    "mean": 0.009417176389418143
  },
  "layer4.1.bn2.bias": {
    "max": 0.048195403069257736,
    "mean": 0.007086027513224897
  },
  "layer4.1.bn2.weight": {
    "max": 0.07370764762163162,
    "mean": 0.011200573874853684
  },
  "layer4.1.bn3.bias": {
    "max": 0.05793306604027748,
    "mean": 0.008730204378038512
  },
  "layer4.1.bn3.weight": {
    "max": 0.10549022257328033,
    "mean": 0.01606059748554669
  },
  "layer4.1.conv1.weight": {
    "max": 0.27837181091308594,
    "mean": 0.043819579862257735
  },
  "layer4.1.conv2.weight": {
    "max": 0.17548103630542755,
    "mean": 0.02649450481769496
  },
  "layer4.1.conv3.weight": {
    "max": 0.2096499353647232,
    "mean": 0.031270202298182996
  },
  "layer4.2.bn1.bias": {
    "max": 0.07935362309217453,
    "mean": 0.010078910203633964
  },
  "layer4.2.bn1.weight": {
    "max": 0.11893223971128464,
    "mean": 0.014900367291494538
  },
  "layer4.2.bn2.bias": {
    "max": 0.04004546254873276,
    "mean": 0.007109221950481047
  },
  "layer4.2.bn2.weight": {
    "max": 0.07140734791755676,
    "mean": 0.010321510093802187
  },
  "layer4.2.bn3.bias": {
    "max": 0.029448039829730988,
    "mean": 0.0054062176617195035
  },
  "layer4.2.bn3.weight": {
    "max": 0.05621127411723137,
    "mean": 0.00939137955570394
  },
  "layer4.2.conv1.weight": {
    "max": 0.2860356867313385,
    "mean": 0.043548453320815625
  },
  "layer4.2.conv2.weight": {
    "max": 0.10538549721240997,
    "mean": 0.01842313646488557
  },
  "layer4.2.conv3.weight": {
    "max": 0.08866827934980392,
    "mean": 0.014985611823337552
  }
}