{
  "fc.bias": {
    "max": 0.07324270904064178,
    "mean": 0.010477019144309452
  },
  "fc.weight": {
    "max": 0.9455130100250244,
    "mean": 0.1426686772082134
  },
  "layer4.0.bn1.bias": {
    "max": 0.1111799031496048,
    "mean": 0.011618358222102481
  },
  "layer4.0.bn1.weight": {
    "max": 0.2038082480430603,
    "mean": 0.02049345286924758
  },
  "layer4.0.bn2.bias": {
    "max": 0.0374031625688076,
    "mean": 0.004601426056906348
  },
  "layer4.0.bn2.weight": {
    "max": 0.05650457367300987,
    "mean": 0.006696273958857221
  },
  "layer4.0.bn3.bias": {
    "max": 0.07901826500892639,
    "mean": 0.00959059041859291
  },
  "layer4.0.bn3.weight": {
    "max": 0.1580548882484436,
    "mean": 0.017480624824591878
  },
  "layer4.0.conv1.weight": {
    "max": 0.4698714315891266,
    "mean": 0.05087850036906145
  },
  "layer4.0.conv2.weight": {
    "max": 0.23587486147880554,
    "mean": 0.028926568183482493
  },
  "layer4.0.conv3.weight": {
    "max": 0.2921956777572632,
    "mean": 0.03572850837912743
  },
  "layer4.0.downsample.0.weight": {
    "max": 0.2992900311946869,
    "mean": 0.03695913064160517
  },
  "layer4.0.downsample.1.bias": {
    "max": 0.07901826500892639,
    "mean": 0.00959059041859291
  },
  "layer4.0.downsample.1.weight": {
    "max": 0.13487274944782257,
    "mean": 0.0157407705690587
  },
  "layer4.1.bn1.bias": {
    "max": 0.04432843625545502,
    "mean": 0.005888683394171364
  },
  "layer4.1.bn1.weight": {
    "max": 0.07183779031038284,
    "mean": 0.00859009231856492
  },
  "layer4.1.bn2.bias": {
    "max": 0.0596625879406929,
    "mean": 0.006335143199311071
  },
  "layer4.1.bn2.weight": {
    "max": 0.09592276066541672,
    "mean": 0.010152098036549952
  },
  "layer4.1.bn3.bias": {
    "max": 0.06778307259082794,
    "mean": 0.008042844171442473
  },
  "layer4.1.bn3.weight": {
    "max": 0.11956749111413956,
    "mean": 0.0142800015190109
  },
  "layer4.1.conv1.weight": {
    "max": 0.33774977922439575,
    "mean": 0.0401097105921612
  },
  "layer4.1.conv2.weight": {
    "max": 0.19091184437274933,
    "mean": 0.023889451155846474
  },
  "layer4.1.conv3.weight": {
    "max": 0.19868090748786926,
    "mean": 0.026553827899583018
  },
  "layer4.2.bn1.bias": {
    "max": 0.07125817239284515,
    "mean": 0.008608410816149055
  },
  "layer4.2.bn1.weight": {
    "max": 0.11106995493173599,
    "mean": 0.012926413887221965
  },
  "layer4.2.bn2.bias": {
    "max": 0.0542745478451252,
    "mean": 0.006572342865006899
  },
  "layer4.2.bn2.weight": {
    "max": 0.08249079436063766,
    "mean": 0.009745780892823989
  },
  "layer4.2.bn3.bias": {
    "max": 0.04300424084067345,
    "mean": 0.005493896478656097
  },
  "layer4.2.bn3.weight": {
    "max": 0.07621495425701141,
    "mean": 0.009313039589074572
  },
  "layer4.2.conv1.weight": {
    "max": 0.3138028085231781,
    "mean": 0.03796777957933955
  },
  "layer4.2.conv2.weight": {
    "max": 0.13929101824760437,
    "mean": 0.0170972209867406
  },
  "layer4.2.conv3.weight": {
    "max": 0.10210482776165009,
    "mean": 0.013333629449563367
  }
}