{
  "fc.bias": {
    "max": 0.07322128862142563,
    "mean": 0.00912161112340982
  },
  "fc.weight": {
    "max": 0.7570033669471741,
    "mean": 0.10221931726887955
  },
  "layer4.0.bn1.bias": {
    "max": 0.07713328301906586,
    "mean": 0.009162313911074306
  },
  "layer4.0.bn1.weight": {
    "max": 0.14100658893585205,
    "mean": 0.016693106654898395
  },
  "layer4.0.bn2.bias": {
    "max": 0.028547266498208046,
    "mean": 0.0035294413207676762
  },
  "layer4.0.bn2.weight": {
    "max": 0.04195966199040413,
    "mean": 0.005385977403950944
  },
  "layer4.0.bn3.bias": {
    "max": 0.06644439697265625,
    "mean": 0.007319317151060594
  },
  "layer4.0.bn3.weight": {
    "max": 0.10387545078992844,
    "mean": 0.013531931311673752
  },
  "layer4.0.conv1.weight": {
    "max": 0.3534946143627167,
    "mean": 0.041072435082501864
  },
  "layer4.0.conv2.weight": {
    "max": 0.18799258768558502,
    "mean": 0.022569892644948724
  },
  "layer4.0.conv3.weight": {
    "max": 0.22374644875526428,
    "mean": 0.027401703454670495
  },
  "layer4.0.downsample.0.weight": {
    "max": 0.27388066053390503,
    "mean": 0.029002364007714537
  },
  "layer4.0.downsample.1.bias": {
    "max": 0.06644439697265625,
    "mean": 0.007319317151060594
  },
  "layer4.0.downsample.1.weight": {
    "max": 0.10782454162836075,
    "mean": 0.012258897395430332
  },
  "layer4.1.bn1.bias": {
    "max": 0.04315399378538132,
    "mean": 0.004239117939214339
  },
  "layer4.1.bn1.weight": {
    "max": 0.051626913249492645,
    "mean": 0.00612017587956091
  },
  "layer4.1.bn2.bias": {
    "max": 0.05051766708493233,
    "mean": 0.004836124239840761
  },
  "layer4.1.bn2.weight": {
    "max": 0.07785724103450775,
    "mean": 0.007606679152231664
  },
  "layer4.1.bn3.bias": {
    "max": 0.061787113547325134,
    "mean": 0.006592618368158582
  },
  "layer4.1.bn3.weight": {
    "max": 0.09558957815170288,
    "mean": 0.01072485785769199
  },
  "layer4.1.conv1.weight": {
    "max": 0.25428035855293274,
    "mean": 0.02835683440498542
  },
  "layer4.1.conv2.weight": {
    "max": 0.1404559314250946,
    "mean": 0.017082713424211502
  },
  "layer4.1.conv3.weight": {
    "max": 0.1553855836391449,
    "mean": 0.019327678435531976
  },
  "layer4.2.bn1.bias": {
    "max": 0.0802764967083931,
    "mean": 0.007183652903643503
  },
  "layer4.2.bn1.weight": {
    "max": 0.1208706870675087,
    "mean": 0.010743575818279559
  },
  "layer4.2.bn2.bias": {
    "max": 0.04714695364236832,
    "mean": 0.005293506950807309
  },
  "layer4.2.bn2.weight": {
    "max": 0.07613624632358551,
    "mean": 0.00776886085181364
  },
  "layer4.2.bn3.bias": {
    "max": 0.03647633641958237,
    "mean": 0.004826217330940251
  },
  "layer4.2.bn3.weight": {
    "max": 0.05579901114106178,
    "mean": 0.007791973406835626
  },
  "layer4.2.conv1.weight": {
    "max": 0.25463616847991943,
    "mean": 0.02871843772171165
  },
  "layer4.2.conv2.weight": {
    "max": 0.11873947083950043,
    "mean": 0.01283179664788934
  },
  "layer4.2.conv3.weight": {
    "max": 0.08464396744966507,
    "mean": 0.010553886265593714
  }
}