{
  "fc.bias": {
    "max": 0.07920364290475845,
    "mean": 0.009081462701194271
  },
  "fc.weight": {
    "max": 0.7835699319839478,
    "mean": 0.09778997175511904
  },
  "layer4.0.bn1.bias": {
    "max": 0.09589634090662003,
    "mean": 0.010305582893197425
  },
  "layer4.0.bn1.weight": {
    "max": 0.1682935655117035,
    "mean": 0.017917657292522822
  },
  "layer4.0.bn2.bias": {
    "max": 0.03384612500667572,
    "mean": 0.0038328545767269263
  },
  "layer4.0.bn2.weight": {
    "max": 0.04781496152281761,
    "mean": 0.005579131835594516
  },
  "layer4.0.bn3.bias": {
    "max": 0.0763150304555893,
    "mean": 0.007958580843592893
  },
  "layer4.0.bn3.weight": {
    "max": 0.13355477154254913,
    "mean": 0.014619375156658601
  },
  "layer4.0.conv1.weight": {
    "max": 0.36589252948760986,
    "mean": 0.043988573868908656
  },
  "layer4.0.conv2.weight": {
    "max": 0.19226472079753876,
    "mean": 0.02301571679153962
  },
  "layer4.0.conv3.weight": {
    "max": 0.22297438979148865,
    "mean": 0.027604442935885994
  },
  "layer4.0.downsample.0.weight": {
    "max": 0.2719234228134155,
    "mean": 0.030242406699981076
  },
  "layer4.0.downsample.1.bias": {
    "max": 0.0763150304555893,
    "mean": 0.007958580843592893
  },
  "layer4.0.downsample.1.weight": {
    "max": 0.12120755016803741,
    "mean": 0.01335525999899671
  },
  "layer4.1.bn1.bias": {
    "max": 0.04420209303498268,
    "mean": 0.004231487932224159
  },
  "layer4.1.bn1.weight": {
    "max": 0.057161808013916016,
    "mean": 0.005983646585840948
  },
  "layer4.1.bn2.bias": {
    "max": 0.050594598054885864,
    "mean": 0.004850950861151172
  },
  "layer4.1.bn2.weight": {
    "max": 0.07033456861972809,
    "mean": 0.0073478087765501444
  },
  "layer4.1.bn3.bias": {
    "max": 0.06402914226055145,
    "mean": 0.0070496109568609555
  },
  "layer4.1.bn3.weight": {
    "max": 0.08918438106775284,
    "mean": 0.010968141824954987
  },
  "layer4.1.conv1.weight": {
    "max": 0.24808597564697266,
    "mean": 0.02724945836791968
  },
  "layer4.1.conv2.weight": {
    "max": 0.14716729521751404,
    "mean": 0.016370576732692176
  },
  "layer4.1.conv3.weight": {
    "max": 0.14438903331756592,
    "mean": 0.018193046107356038
  },
  "layer4.2.bn1.bias": {
    "max": 0.07895442098379135,
    "mean": 0.007532808538671816
  },
  "layer4.2.bn1.weight": {
    "max": 0.1123579666018486,
    "mean": 0.01072157823449483
  },
  "layer4.2.bn2.bias": {
    "max": 0.046859290450811386,
    "mean": 0.005493855156112529
  },
  "layer4.2.bn2.weight": {
    "max": 0.05971168726682663,
    "mean": 0.0074519271677958646
  },
  "layer4.2.bn3.bias": {
    "max": 0.044641103595495224,
    "mean": 0.005399630797671437
  },
  "layer4.2.bn3.weight": {
    "max": 0.06560387462377548,
    "mean": 0.008269121583247658
  },
  "layer4.2.conv1.weight": {
    "max": 0.2623869478702545,
    "mean": 0.028356625632690598
  },
  "layer4.2.conv2.weight": {
    "max": 0.09986121952533722,
    "mean": 0.01232099727764892
  },
  "layer4.2.conv3.weight": {
    "max": 0.07558920979499817,
    "mean": 0.010333380362156147
  }
}