{
  "fc.bias": {
    "max": 0.07827401906251907,
    "mean": 0.011525871130247002
  },
  "fc.weight": {
    "max": 1.1583279371261597,
    "mean": 0.14688651964267982
  },
  "layer4.0.bn1.bias": {
    "max": 0.07541555911302567,
    "mean": 0.01090538760052628
  },
  "layer4.0.bn1.weight": {
    "max": 0.12520615756511688,
    "mean": 0.019217616138630548
  },
  "layer4.0.bn2.bias": {
    "max": 0.029884900897741318,
    "mean": 0.004454530445551167
  },
  "layer4.0.bn2.weight": {
    "max": 0.04482676833868027,
    "mean": 0.006455268259243374
  },
  "layer4.0.bn3.bias": {
    "max": 0.06845393776893616,
    "mean": 0.009427168956109589
  },
  "layer4.0.bn3.weight": {
    "max": 0.12092719972133636,
    "mean": 0.01703667034611239
  },
  "layer4.0.conv1.weight": {
    "max": 0.3150610625743866,
    "mean": 0.0488694378603915
  },
  "layer4.0.conv2.weight": {
    "max": 0.19660891592502594,
    "mean": 0.028391426346414457
  },
  "layer4.0.conv3.weight": {
    "max": 0.23100575804710388,
    "mean": 0.03488969677477144
  },
  "layer4.0.downsample.0.weight": {
    "max": 0.2507167458534241,
    "mean": 0.03655032565201899
  },
  "layer4.0.downsample.1.bias": {
    "max": 0.06845393776893616,
    "mean": 0.009427168956109589
  },
  "layer4.0.downsample.1.weight": {
    "max": 0.1038866937160492,
    "mean": 0.015519438105901437
  },
  "layer4.1.bn1.bias": {
    "max": 0.043215591460466385,
    "mean": 0.0058366407498085335
  },
  "layer4.1.bn1.weight": {
    "max": 0.06423114240169525,
    "mean": 0.008313375234720297
  },
  "layer4.1.bn2.bias": {
    "max": 0.050217218697071075,
    "mean": 0.006395093772818135
  },
  "layer4.1.bn2.weight": {
    "max": 0.0927482470870018,
    "mean": 0.010126690038928896
  },
  "layer4.1.bn3.bias": {
    "max": 0.06503670662641525,
    "mean": 0.008156391282141807
  },
  "layer4.1.bn3.weight": {
    "max": 0.1200050413608551,
    "mean": 0.014158272565608579
  },
  "layer4.1.conv1.weight": {
    "max": 0.27347123622894287,
    "mean": 0.03841445061827212
  },
  "layer4.1.conv2.weight": {
    "max": 0.1751181185245514,
    "mean": 0.02302336185430509
  },
  "layer4.1.conv3.weight": {
    "max": 0.21402519941329956,
    "mean": 0.026286099020258656
  },
  "layer4.2.bn1.bias": {
    "max": 0.06705231964588165,
    "mean": 0.009196114245569334
  },
  "layer4.2.bn1.weight": {
    "max": 0.10341493785381317,
    "mean": 0.013379614695108363
  },
  "layer4.2.bn2.bias": {
    "max": 0.05513756349682808,
    "mean": 0.006684757909928781
  },
  "layer4.2.bn2.weight": {
    "max": 0.07806877791881561,
    "mean": 0.00943912753157617
  },
  "layer4.2.bn3.bias": {
    "max": 0.045062217861413956,
    "mean": 0.005581900537363254
  },
  "layer4.2.bn3.weight": {
    "max": 0.07492770254611969,
    "mean": 0.009379632390960718
  },
  "layer4.2.conv1.weight": {
    "max": 0.2844921350479126,
    "mean": 0.03691702088690363
  },
  "layer4.2.conv2.weight": {
    "max": 0.1441139429807663,
    "mean": 0.01662467419494143
  },
  "layer4.2.conv3.weight": {
    "max": 0.099094919860363,
    "mean": 0.013596404380264824
  }
}