{
  "fc.bias": {
    "max": 0.08547426760196686,
    "mean": 0.012287237281229215
  },
  "fc.weight": {
    "max": 0.7742331027984619,
    "mean": 0.14085770804235445
  },
  "layer4.0.bn1.bias": {
    "max": 0.10916399955749512,
    "mean": 0.012933952814824547
  },
  "layer4.0.bn1.weight": {
    "max": 0.16480036079883575,
    "mean": 0.02319243023172021
  },
  "layer4.0.bn2.bias": {
    "max": 0.04588679224252701,
    "mean": 0.005066261954385222
  },
  "layer4.0.bn2.weight": {
    "max": 0.06057937815785408,
    "mean": 0.007546577991264972
  },
  "layer4.0.bn3.bias": {
    "max": 0.10232614725828171,
    "mean": 0.01097157401660557
  },
  "layer4.0.bn3.weight": {
    "max": 0.17947453260421753,
    "mean": 0.02005496773336615
  },
  "layer4.0.conv1.weight": {
    "max": 0.40133458375930786,
    "mean": 0.05735298131625833
  },
  "layer4.0.conv2.weight": {
    "max": 0.21010874211788177,
    "mean": 0.03153062282313061
  },
  "layer4.0.conv3.weight": {
    "max": 0.3001135587692261,
    "mean": 0.038886166216273395
  },
  "layer4.0.downsample.0.weight": {
    "max": 0.3399088680744171,
    "mean": 0.04195816477561103
  },
  "layer4.0.downsample.1.bias": {
    "max": 0.10232614725828171,
    "mean": 0.01097157401660557
  },
  "layer4.0.downsample.1.weight": {
    "max": 0.17367221415042877,
    "mean": 0.018343528529679003
  },
  "layer4.1.bn1.bias": {
    "max": 0.06116696074604988,
    "mean": 0.0060813447937835005
  },
  "layer4.1.bn1.weight": {
    "max": 0.08004119992256165,
    "mean": 0.008798279133625329
  },
  "layer4.1.bn2.bias": {
    "max": 0.05758964270353317,
    "mean": 0.006883228118947175
  },
  "layer4.1.bn2.weight": {
    "max": 0.10690853744745255,
    "mean": 0.010939787958174877
  },
  "layer4.1.bn3.bias": {
    "max": 0.06918204575777054,
    "mean": 0.00950372947766612
  },
  "layer4.1.bn3.weight": {
    "max": 0.1264442503452301,
    "mean": 0.01542258632227978
  },
  "layer4.1.conv1.weight": {
    "max": 0.3303939998149872,
    "mean": 0.03965854818849558
  },
  "layer4.1.conv2.weight": {
    "max": 0.17042376101016998,
    "mean": 0.02367967939636271
  },
  "layer4.1.conv3.weight": {
    "max": 0.2257334142923355,
    "mean": 0.027467775462843878
  },
  "layer4.2.bn1.bias": {
    "max": 0.08004892617464066,
    "mean": 0.010747175710234192
  },
  "layer4.2.bn1.weight": {
    "max": 0.11563829332590103,
    "mean": 0.015418325300311803
  },
  "layer4.2.bn2.bias": {
    "max": 0.044287968426942825,
    "mean": 0.007591963149607182
  },
  "layer4.2.bn2.weight": {
    "max": 0.07312238961458206,
    "mean": 0.010608307598075564
  },
  "layer4.2.bn3.bias": {
    "max": 0.04272078350186348,
    "mean": 0.006994139291844996
  },
  "layer4.2.bn3.weight": {
    "max": 0.06483754515647888,
    "mean": 0.011058776549928423
  },
  "layer4.2.conv1.weight": {
    "max": 0.31807899475097656,
    "mean": 0.04099445881205611
  },
  "layer4.2.conv2.weight": {
    "max": 0.107900470495224,
    "mean": 0.01813112816049917
  },
  "layer4.2.conv3.weight": {
    "max": 0.0982804074883461,
    "mean": 0.014846051599763866
  }
}