{
  "fc.bias": {
    "max": 0.06943546235561371,
    "mean": 0.008154467847993407
  },
  "fc.weight": {
    "max": 0.7317979335784912,
    "mean": 0.09333629047656099
  },
  "layer4.0.bn1.bias": {
    "max": 0.09646420925855637,
    "mean": 0.008831984389107674
  },
  "layer4.0.bn1.weight": {
    "max": 0.14486636221408844,
    "mean": 0.0157617032444354
  },
  "layer4.0.bn2.bias": {
    "max": 0.033203594386577606,
    "mean": 0.0034134982354537768
  },
  "layer4.0.bn2.weight": {
    "max": 0.04768265783786774,
    "mean": 0.005063585435673304
  },
  "layer4.0.bn3.bias": {
    "max": 0.06706216186285019,
    "mean": 0.007146237643381547
  },
  "layer4.0.bn3.weight": {
    "max": 0.14024169743061066,
    "mean": 0.013174208832091867
  },
  "layer4.0.conv1.weight": {
    "max": 0.37644708156585693,
    "mean": 0.03945733717717563
  },
  "layer4.0.conv2.weight": {
    "max": 0.1737520396709442,
    "mean": 0.020723600211484675
  },
  "layer4.0.conv3.weight": {
    "max": 0.271791934967041,
    "mean": 0.026034628547058673
  },
  "layer4.0.downsample.0.weight": {
    "max": 0.281298965215683,
    "mean": 0.0282287515409033
  },
  "layer4.0.downsample.1.bias": {
    "max": 0.06706216186285019,
    "mean": 0.007146237643381547
  },
  "layer4.0.downsample.1.weight": {
    "max": 0.12190160900354385,
    "mean": 0.012223675341873396
  },
  "layer4.1.bn1.bias": {
    "max": 0.04729270935058594,
    "mean": 0.0042036355077652845
  },
  "layer4.1.bn1.weight": {
    "max": 0.06588193774223328,
    "mean": 0.006117272451785019
  },
  "layer4.1.bn2.bias": {
    "max": 0.04052378237247467,
    "mean": 0.004621881598949195
  },
  "layer4.1.bn2.weight": {
    "max": 0.07755333185195923,
    "mean": 0.007604986533297051
  },
  "layer4.1.bn3.bias": {
    "max": 0.05320275202393532,
    "mean": 0.0063626829429839354
  },
  "layer4.1.bn3.weight": {
    "max": 0.08855900913476944,
    "mean": 0.010637137958973263
  },
  "layer4.1.conv1.weight": {
    "max": 0.305694580078125,
    "mean": 0.02732058661303849
  },
  "layer4.1.conv2.weight": {
    "max": 0.21146146953105927,
    "mean": 0.01640936399393208
  },
  "layer4.1.conv3.weight": {
    "max": 0.25720736384391785,
    "mean": 0.01933003822724069
  },
  "layer4.2.bn1.bias": {
    "max": 0.06515561789274216,
    "mean": 0.006993496963997521
  },
  "layer4.2.bn1.weight": {
    "max": 0.09598426520824432,
    "mean": 0.010282918485723453
  },
  "layer4.2.bn2.bias": {
    "max": 0.04979254677891731,
    "mean": 0.0053564320663852935
  },
  "layer4.2.bn2.weight": {
    "max": 0.08056595176458359,
    "mean": 0.007531676403497321
  },
  "layer4.2.bn3.bias": {
    "max": 0.03989890217781067,
    "mean": 0.004801197623668746
  },
  "layer4.2.bn3.weight": {
    "max": 0.06997979432344437,
    "mean": 0.007641405386862711
  },
  "layer4.2.conv1.weight": {
    "max": 0.31635403633117676,
    "mean": 0.02755979802372167
  },
  "layer4.2.conv2.weight": {
    "max": 0.13103851675987244,
    "mean": 0.012502440368303464
  },
  "layer4.2.conv3.weight": {
    "max": 0.08788150548934937,
    "mean": 0.010277713884206605
  }
}