{
  "classifier.bias": {
    "max": 0.17851926386356354,
    "mean": 0.10158926961677416
  },
  "classifier.weight": {
    "max": 3.1306188106536865,
    "mean": 2.0761087281363353
  }
}