{
  "classifier.bias": {
    "max": 0.09449388831853867,
    "mean": 0.04958171012146132
  },
  "classifier.weight": {
    "max": 1.8099949359893799,
    "mean": 1.0263140993458884
  }
}