{
  "classifier.bias": {
    "max": 0.10949897021055222,
    "mean": 0.06028165822582585
  },
  "classifier.weight": {
    "max": 2.0537612438201904,
    "mean": 1.2543008729389735
  }
}