{
  "classifier.bias": {
    "max": 0.133075550198555,
    "mean": 0.0689288004381316
  },
  "classifier.weight": {
    "max": 2.461397886276245,
    "mean": 1.429103240285601
  }
}