{
  "classifier.bias": {
    "max": 0.12547297775745392,
    "mean": 0.052473125479051044
  },
  "classifier.weight": {
    "max": 2.046440601348877,
    "mean": 1.085513653244291
  }
}