{
  "classifier.bias": {
    "max": 0.0980047658085823,
    "mean": 0.04527471596109016
  },
  "classifier.weight": {
    "max": 1.813010334968567,
    "mean": 0.932357263650213
  }
}