{
  "classifier.bias": {
    "max": 0.08455080538988113,
    "mean": 0.02942876802225198
  },
  "classifier.weight": {
    "max": 1.5433921813964844,
    "mean": 0.6078275167090552
  }
}