{
  "classifier.bias": {
    "max": 0.0943046361207962,
    "mean": 0.029168795512190888
  },
  "classifier.weight": {
    "max": 1.6256531476974487,
    "mean": 0.6144965428965432
  }
}