{
  "classifier.bias": {
    "max": 0.09105033427476883,
    "mean": 0.03124997478510652
  },
  "classifier.weight": {
    "max": 1.6089279651641846,
    "mean": 0.6546476137638092
  }
}