{
  "classifier.bias": {
    "max": 0.1171523705124855,
    "mean": 0.04018433980111565
  },
  "classifier.weight": {
    "max": 2.043863296508789,
    "mean": 0.8424212629454476
  }
}