{
  "classifier.bias": {
    "max": 0.0819985494017601,
    "mean": 0.026678529818143164
  },
  "classifier.weight": {
    "max": 1.67339026927948,
    "mean": 0.5593513850016253
  }
}