{
  "classifier.bias": {
    "max": 0.0809570699930191,
    "mean": 0.03319279695994087
  },
  "classifier.weight": {
    "max": 1.5518183708190918,
    "mean": 0.6921341352803366
  }
}