{
  "classifier.bias": {
    "max": 0.08050048351287842,
    "mean": 0.0319504631390529
  },
  "classifier.weight": {
    "max": 1.5459479093551636,
    "mean": 0.6688097193837166
  }
}