{
  "classifier.bias": {
    "max": 0.09425874054431915,
    "mean": 0.03776283971965313
  },
  "classifier.weight": {
    "max": 1.7377961874008179,
    "mean": 0.7948632025718689
  }
}