{
  "classifier.bias": {
    "max": 0.22846733033657074,
    "mean": 0.14864215923207147
  },
  "classifier.weight": {
    "max": 4.364600658416748,
    "mean": 3.034710463796343
  }
}