{
  "classifier.bias": {
    "max": 0.07632843405008316,
    "mean": 0.028716690578897086
  },
  "classifier.weight": {
    "max": 1.3988993167877197,
    "mean": 0.5938274677736418
  }
}