{
  "classifier.bias": {
    "max": 0.10015015304088593,
    "mean": 0.049723896139434405
  },
  "classifier.weight": {
    "max": 1.9273490905761719,
    "mean": 1.0352843210526874
  }
}