{
  "classifier.bias": {
    "max": 0.16020888090133667,
    "mean": 0.0791649544451918
  },
  "classifier.weight": {
    "max": 2.6329686641693115,
    "mean": 1.6221073525292533
  }
}