{
  "classifier.bias": {
    "max": 0.1126602441072464,
    "mean": 0.057554783022829466
  },
  "classifier.weight": {
    "max": 2.3308095932006836,
    "mean": 1.183996695109776
  }
}