{
  "classifier.bias": {
    "max": 0.08555646240711212,
    "mean": 0.03566592723663364
  },
  "classifier.weight": {
    "max": 1.616658091545105,
    "mean": 0.7473238583973476
  }
}