{
  "classifier.bias": {
    "max": 0.08549050241708755,
    "mean": 0.031636505933212385
  },
  "classifier.weight": {
    "max": 1.655643105506897,
    "mean": 0.6588942235708237
  }
}