{
  "classifier.bias": {
    "max": 0.13782274723052979,
    "mean": 0.08888652220368386
  },
  "classifier.weight": {
    "max": 2.5466668605804443,
    "mean": 1.8188367441722324
  }
}