{
  "classifier.bias": {
    "max": 0.08682986348867416,
    "mean": 0.04340832216931241
  },
  "classifier.weight": {
    "max": 1.8076423406600952,
    "mean": 0.8997211472477231
  }
}