{
  "classifier.bias": {
    "max": 0.09512869268655777,
    "mean": 0.05463077370077372
  },
  "classifier.weight": {
    "max": 2.0444695949554443,
    "mean": 1.1304011377266474
  }
}