{
  "classifier.bias": {
    "max": 0.11465323716402054,
    "mean": 0.0642977500813348
  },
  "classifier.weight": {
    "max": 2.1300809383392334,
    "mean": 1.336224093096597
  }
}