{
  "classifier.bias": {
    "max": 0.10128804296255112,
    "mean": 0.03871651973575354
  },
  "classifier.weight": {
    "max": 1.7061660289764404,
    "mean": 0.7933355734177998
  }
}