{
  "classifier.bias": {
    "max": 0.08055085688829422,
    "mean": 0.033812182074678794
  },
  "classifier.weight": {
    "max": 1.4800798892974854,
    "mean": 0.6990844587768827
  }
}