{
  "classifier.bias": {
    "max": 0.07047947496175766,
    "mean": 0.03307577260104673
  },
  "classifier.weight": {
    "max": 1.471367359161377,
    "mean": 0.6946839583771569
  }
}