{
  "accuracy": 0.8813438170121516,
  "f1_macro": 0.8749518521575603,
  "f1_weighted": 0.8806249312513813,
  "precision_macro": 0.8787618457618767,
  "precision_weighted": 0.8833950420368263,
  "recall_macro": 0.8749408763487988,
  "recall_weighted": 0.8813438170121516
}