{
  "fc.bias": {
    "max": 0.16051466763019562,
    "mean": 0.0856287221610546
  },
  "fc.weight": {
    "max": 2.51933217048645,
    "mean": 1.481481168270111
  }
}