{
  "fc.bias": {
    "max": 0.14374598860740662,
    "mean": 0.09254828565887042
  },
  "fc.weight": {
    "max": 2.43576979637146,
    "mean": 1.611800295966012
  }
}