{
  "fc.bias": {
    "max": 0.12211361527442932,
    "mean": 0.060548306437475344
  },
  "fc.weight": {
    "max": 2.004140853881836,
    "mean": 1.0557444655895234
  }
}