{
  "fc.bias": {
    "max": 0.12396028637886047,
    "mean": 0.051930638030171394
  },
  "fc.weight": {
    "max": 2.089573383331299,
    "mean": 0.9072450767244612
  }
}