{
  "fc.bias": {
    "max": 0.09885893017053604,
    "mean": 0.05091414831578731
  },
  "fc.weight": {
    "max": 1.6587265729904175,
    "mean": 0.894367248415947
  }
}