{
  "fc.bias": {
    "max": 0.26760178804397583,
    "mean": 0.17695393076964788
  },
  "fc.weight": {
    "max": 4.284695148468018,
    "mean": 3.078231540407453
  }
}