{
  "fc.bias": {
    "max": 0.21073786914348602,
    "mean": 0.0896039873787335
  },
  "fc.weight": {
    "max": 3.409881114959717,
    "mean": 1.5584686255455018
  }
}