{
  "fc.bias": {
    "max": 0.11931265145540237,
    "mean": 0.056968497772301945
  },
  "fc.weight": {
    "max": 2.0776782035827637,
    "mean": 0.9932841427837099
  }
}