{
  "fc.bias": {
    "max": 0.11421068012714386,
    "mean": 0.06038486721792392
  },
  "fc.weight": {
    "max": 1.8546417951583862,
    "mean": 1.0538058478491648
  }
}