{
  "fc.bias": {
    "max": 0.13693170249462128,
    "mean": 0.07195815180029187
  },
  "fc.weight": {
    "max": 2.222769260406494,
    "mean": 1.258613304410662
  }
}