{
  "fc.bias": {
    "max": 0.1910005509853363,
    "mean": 0.11053637538637434
  },
  "fc.weight": {
    "max": 2.9339029788970947,
    "mean": 1.8906061840057373
  }
}