{
  "fc.bias": {
    "max": 0.11448515951633453,
    "mean": 0.04729983720396246
  },
  "fc.weight": {
    "max": 1.8991035223007202,
    "mean": 0.8278109462772096
  }
}