{
  "fc.bias": {
    "max": 0.13104964792728424,
    "mean": 0.07042935570435864
  },
  "fc.weight": {
    "max": 2.2402141094207764,
    "mean": 1.2224108147621155
  }
}