{
  "fc.bias": {
    "max": 0.12394475936889648,
    "mean": 0.04829695506819657
  },
  "fc.weight": {
    "max": 2.0007407665252686,
    "mean": 0.8369434291124344
  }
}