{
  "fc.bias": {
    "max": 0.11544482409954071,
    "mean": 0.052782314691160404
  },
  "fc.weight": {
    "max": 1.8076746463775635,
    "mean": 0.9198602070127214
  }
}