{
  "fc.bias": {
    "max": 0.10302729904651642,
    "mean": 0.052307914490146296
  },
  "fc.weight": {
    "max": 1.6640009880065918,
    "mean": 0.9194616667713438
  }
}