{
  "fc.bias": {
    "max": 0.13539980351924896,
    "mean": 0.06579953674759184
  },
  "fc.weight": {
    "max": 2.1651296615600586,
    "mean": 1.1540045038291387
  }
}