{
  "fc.bias": {
    "max": 0.21407023072242737,
    "mean": 0.13850040308066777
  },
  "fc.weight": {
    "max": 3.4022061824798584,
    "mean": 2.375642750603812
  }
}