{
  "fc.bias": {
    "max": 0.12821145355701447,
    "mean": 0.07841412654944828
  },
  "fc.weight": {
    "max": 2.135698080062866,
    "mean": 1.3617343051092965
  }
}