{
  "fc.bias": {
    "max": 0.1568930447101593,
    "mean": 0.06630098294998918
  },
  "fc.weight": {
    "max": 2.4007949829101562,
    "mean": 1.1542050416128975
  }
}