{
  "fc.bias": {
    "max": 0.13008959591388702,
    "mean": 0.05849905615406377
  },
  "fc.weight": {
    "max": 2.086479425430298,
    "mean": 1.0163141503504345
  }
}