{
  "fc.bias": {
    "max": 0.1901465207338333,
    "mean": 0.07742895340280874
  },
  "fc.weight": {
    "max": 2.8329246044158936,
    "mean": 1.3472731711183275
  }
}