{
  "fc.bias": {
    "max": 0.14855194091796875,
    "mean": 0.07029759407043457
  },
  "fc.weight": {
    "max": 2.1988189220428467,
    "mean": 1.2257368052005768
  }
}