{
  "fc.bias": {
    "max": 0.12733198702335358,
    "mean": 0.0524942610891802
  },
  "fc.weight": {
    "max": 2.035248279571533,
    "mean": 0.9193609370504107
  }
}