{
  "fc.bias": {
    "max": 0.17533715069293976,
    "mean": 0.11943614725555693
  },
  "fc.weight": {
    "max": 2.837144613265991,
    "mean": 2.0650302158083234
  }
}