{
  "fc.bias": {
    "max": 0.1533459573984146,
    "mean": 0.09891744309238025
  },
  "fc.weight": {
    "max": 2.5738778114318848,
    "mean": 1.7259458323887416
  }
}