{
  "fc.bias": {
    "max": 0.1231360137462616,
    "mean": 0.05530001412012747
  },
  "fc.weight": {
    "max": 1.951805830001831,
    "mean": 0.9674866327217647
  }
}