{
  "fc.bias": {
    "max": 0.14813284575939178,
    "mean": 0.06518814521176475
  },
  "fc.weight": {
    "max": 2.4607856273651123,
    "mean": 1.1410825840064458
  }
}