{
  "fc.bias": {
    "max": 0.1656336784362793,
    "mean": 0.08077910209340708
  },
  "fc.weight": {
    "max": 2.6268975734710693,
    "mean": 1.3993714768545968
  }
}