{
  "fc.bias": {
    "max": 0.12337002903223038,
    "mean": 0.06207142919301987
  },
  "fc.weight": {
    "max": 1.8611831665039062,
    "mean": 1.0781954213551113
  }
}