{
  "Mixed_7c.branch3x3_2a.bn.bias": {
    "max": 0.10248550027608871,
    "mean": 0.019134769808900144
  },
  "Mixed_7c.branch3x3_2a.bn.weight": {
    "max": 0.07402034848928452,
    "mean": 0.016290264425915666
  },
  "Mixed_7c.branch3x3_2a.conv.weight": {
    "max": 0.546058714389801,
    "mean": 0.13832286336525743
  },
  "Mixed_7c.branch3x3_2b.bn.bias": {
    "max": 0.1087605431675911,
    "mean": 0.020079935349557283
  },
  "Mixed_7c.branch3x3_2b.bn.weight": {
    "max": 0.07660652697086334,
    "mean": 0.016648004334253657
  },
  "Mixed_7c.branch3x3_2b.conv.weight": {
    "max": 0.5615180134773254,
    "mean": 0.14550078586143042
  },
  "Mixed_7c.branch3x3dbl_1.bn.bias": {
    "max": 0.13770993053913116,
    "mean": 0.02304054687930537
  },
  "Mixed_7c.branch3x3dbl_1.bn.weight": {
    "max": 0.22053882479667664,
    "mean": 0.03851383390404018
  },
  "Mixed_7c.branch3x3dbl_1.conv.weight": {
    "max": 1.7262678146362305,
    "mean": 0.3052599998603442
  },
  "Mixed_7c.branch3x3dbl_2.bn.bias": {
    "max": 0.06957315653562546,
    "mean": 0.012257061239506584
  },
  "Mixed_7c.branch3x3dbl_2.bn.weight": {
    "max": 0.08884081244468689,
    "mean": 0.016354980155592783
  },
  "Mixed_7c.branch3x3dbl_2.conv.weight": {
    "max": 0.4069981873035431,
    "mean": 0.08901583346338676
  },
  "Mixed_7c.branch3x3dbl_3a.bn.bias": {
    "max": 0.10154592245817184,
    "mean": 0.019479123693974025
  },
  "Mixed_7c.branch3x3dbl_3a.bn.weight": {
    "max": 0.06650096923112869,
    "mean": 0.01030144344765826
  },
  "Mixed_7c.branch3x3dbl_3a.conv.weight": {
    "max": 0.28222227096557617,
    "mean": 0.04527922182676515
  },
  "Mixed_7c.branch3x3dbl_3b.bn.bias": {
    "max": 0.09994853287935257,
    "mean": 0.021176226901921575
  },
  "Mixed_7c.branch3x3dbl_3b.bn.weight": {
    "max": 0.058619383722543716,
    "mean": 0.012297362070696961
  },
  "Mixed_7c.branch3x3dbl_3b.conv.weight": {
    "max": 0.30153393745422363,
    "mean": 0.05692267722184104
  },
  "Mixed_7c.branch_pool.bn.bias": {
    "max": 0.11720993369817734,
    "mean": 0.022880294419259633
  },
  "Mixed_7c.branch_pool.bn.weight": {
    "max": 0.09830255061388016,
    "mean": 0.01991200008412956
  },
  "Mixed_7c.branch_pool.conv.weight": {
    "max": 1.3347387313842773,
    "mean": 0.2759911365288177
  },
  "fc.bias": {
    "max": 0.116549052298069,
    "mean": 0.021520551346807873
  },
  "fc.weight": {
    "max": 1.51433265209198,
    "mean": 0.32690780629536936
  }
}