{
  "fc.bias": {
    "max": 0.07714983820915222,
    "mean": 0.012961106752669106
  },
  "fc.weight": {
    "max": 1.167517900466919,
    "mean": 0.1531876061121667
  },
  "layer4.1.bn3.bias": {
    "max": 0.13843098282814026,
    "mean": 0.02468823000636933
  },
  "layer4.1.bn3.weight": {
    "max": 0.256700724363327,
    "mean": 0.041994869344177586
  },
  "layer4.1.conv3.weight": {
    "max": 0.5562032461166382,
    "mean": 0.09280019906266326
  },
  "layer4.2.bn1.bias": {
    "max": 0.13326284289360046,
    "mean": 0.022177005946702723
  },
  "layer4.2.bn1.weight": {
    "max": 0.23063074052333832,
    "mean": 0.031883107849114044
  },
  "layer4.2.bn2.bias": {
    "max": 0.08223273605108261,
    "mean": 0.012498858900798951
  },
  "layer4.2.bn2.weight": {
    "max": 0.1576993614435196,
    "mean": 0.019967692568627952
  },
  "layer4.2.bn3.bias": {
    "max": 0.06086057797074318,
    "mean": 0.009909198530492306
  },
  "layer4.2.bn3.weight": {
    "max": 0.11040505021810532,
    "mean": 0.015673633410167115
  },
  "layer4.2.conv1.weight": {
    "max": 0.6831435561180115,
    "mean": 0.1084791622969455
  },
  "layer4.2.conv2.weight": {
    "max": 0.21877595782279968,
    "mean": 0.033807715141530414
  },
  "layer4.2.conv3.weight": {
    "max": 0.14579811692237854,
    "mean": 0.02239160195061621
  }
}