{
  "fc.bias": {
    "max": 0.06133626773953438,
    "mean": 0.011628769620261405
  },
  "fc.weight": {
    "max": 0.7701318264007568,
    "mean": 0.14448153671908326
  },
  "layer4.1.bn3.bias": {
    "max": 0.15778200328350067,
    "mean": 0.024260041018647566
  },
  "layer4.1.bn3.weight": {
    "max": 0.28205835819244385,
    "mean": 0.04117818496245101
  },
  "layer4.1.conv3.weight": {
    "max": 0.622275173664093,
    "mean": 0.08825266134272429
  },
  "layer4.2.bn1.bias": {
    "max": 0.14479388296604156,
    "mean": 0.022487229943165273
  },
  "layer4.2.bn1.weight": {
    "max": 0.19197547435760498,
    "mean": 0.0307813525014769
  },
  "layer4.2.bn2.bias": {
    "max": 0.06203262507915497,
    "mean": 0.011696492407370118
  },
  "layer4.2.bn2.weight": {
    "max": 0.10055278241634369,
    "mean": 0.018105873189269914
  },
  "layer4.2.bn3.bias": {
    "max": 0.050246499478816986,
    "mean": 0.009114120321456929
  },
  "layer4.2.bn3.weight": {
    "max": 0.07531775534152985,
    "mean": 0.014421038692759923
  },
  "layer4.2.conv1.weight": {
    "max": 0.5650996565818787,
    "mean": 0.10009590815388947
  },
  "layer4.2.conv2.weight": {
    "max": 0.18088097870349884,
    "mean": 0.031052920852515466
  },
  "layer4.2.conv3.weight": {
    "max": 0.10465146601200104,
    "mean": 0.020983319732466563
  }
}