{
  "fc.bias": {
    "max": 0.22868096828460693,
    "mean": 0.14059259665863855
  },
  "fc.weight": {
    "max": 1.7364861965179443,
    "mean": 1.2343925046920776
  },
  "layer4.1.bn3.bias": {
    "max": 0.06626226007938385,
    "mean": 0.032167099309819085
  },
  "layer4.1.bn3.weight": {
    "max": 0.11417116224765778,
    "mean": 0.05184157618986709
  },
  "layer4.1.conv3.weight": {
    "max": 0.26099175214767456,
    "mean": 0.13109289658921106
  },
  "layer4.2.bn1.bias": {
    "max": 0.07356717437505722,
    "mean": 0.03348972708252924
  },
  "layer4.2.bn1.weight": {
    "max": 0.09674577414989471,
    "mean": 0.04585038574678557
  },
  "layer4.2.bn2.bias": {
    "max": 0.04309320077300072,
    "mean": 0.02519971190286534
  },
  "layer4.2.bn2.weight": {
    "max": 0.07147297263145447,
    "mean": 0.03784476641299469
  },
  "layer4.2.bn3.bias": {
    "max": 0.04275531321763992,
    "mean": 0.026289770704294953
  },
  "layer4.2.bn3.weight": {
    "max": 0.07776793837547302,
    "mean": 0.045614612544221535
  },
  "layer4.2.conv1.weight": {
    "max": 0.30082768201828003,
    "mean": 0.1412807261198759
  },
  "layer4.2.conv2.weight": {
    "max": 0.12493593990802765,
    "mean": 0.073167517802545
  },
  "layer4.2.conv3.weight": {
    "max": 0.1013144999742508,
    "mean": 0.05948110713490418
  }
}