{
  "fc.bias": {
    "max": 0.05639813467860222,
    "mean": 0.010450933731148585
  },
  "fc.weight": {
    "max": 0.8136521577835083,
    "mean": 0.12397826906992122
  },
  "layer4.1.bn3.bias": {
    "max": 0.16432972252368927,
    "mean": 0.021517955369324358
  },
  "layer4.1.bn3.weight": {
    "max": 0.27678966522216797,
    "mean": 0.03499793510484908
  },
  "layer4.1.conv3.weight": {
    "max": 0.5653248429298401,
    "mean": 0.07468714560115976
  },
  "layer4.2.bn1.bias": {
    "max": 0.1525246798992157,
    "mean": 0.020811751942819683
  },
  "layer4.2.bn1.weight": {
    "max": 0.18725638091564178,
    "mean": 0.027246544098390068
  },
  "layer4.2.bn2.bias": {
    "max": 0.086119644343853,
    "mean": 0.010949281009753967
  },
  "layer4.2.bn2.weight": {
    "max": 0.1379338949918747,
    "mean": 0.016391742978531902
  },
  "layer4.2.bn3.bias": {
    "max": 0.0541890487074852,
    "mean": 0.008380414704910695
  },
  "layer4.2.bn3.weight": {
    "max": 0.09097390621900558,
    "mean": 0.013137082640002648
  },
  "layer4.2.conv1.weight": {
    "max": 0.6146324276924133,
    "mean": 0.08726093823738795
  },
  "layer4.2.conv2.weight": {
    "max": 0.21128904819488525,
    "mean": 0.02782527306146221
  },
  "layer4.2.conv3.weight": {
    "max": 0.14607909321784973,
    "mean": 0.018849414940466106
  }
}