{
  "fc.bias": {
    "max": 0.10991410911083221,
    "mean": 0.01152068560090681
  },
  "fc.weight": {
    "max": 1.2393178939819336,
    "mean": 0.1415496200303148
  },
  "layer4.1.bn3.bias": {
    "max": 0.1421058475971222,
    "mean": 0.022999892149403293
  },
  "layer4.1.bn3.weight": {
    "max": 0.245994433760643,
    "mean": 0.03928408679552376
  },
  "layer4.1.conv3.weight": {
    "max": 0.5509099960327148,
    "mean": 0.08496769129897334
  },
  "layer4.2.bn1.bias": {
    "max": 0.13421039283275604,
    "mean": 0.021990689553869222
  },
  "layer4.2.bn1.weight": {
    "max": 0.18213482201099396,
    "mean": 0.03047957634769513
  },
  "layer4.2.bn2.bias": {
    "max": 0.08149083703756332,
    "mean": 0.01188702162671169
  },
  "layer4.2.bn2.weight": {
    "max": 0.14435678720474243,
    "mean": 0.01859110343561042
  },
  "layer4.2.bn3.bias": {
    "max": 0.0760512501001358,
    "mean": 0.008722504670960396
  },
  "layer4.2.bn3.weight": {
    "max": 0.1268843114376068,
    "mean": 0.01410376744660815
  },
  "layer4.2.conv1.weight": {
    "max": 0.6818104386329651,
    "mean": 0.10049898147084085
  },
  "layer4.2.conv2.weight": {
    "max": 0.2201700657606125,
    "mean": 0.031640459719762606
  },
  "layer4.2.conv3.weight": {
    "max": 0.14262710511684418,
    "mean": 0.02085080671032691
  }
}