{
  "fc.bias": {
    "max": 0.08277206122875214,
    "mean": 0.01714079572153943
  },
  "fc.weight": {
    "max": 0.8611598014831543,
    "mean": 0.21914623013032333
  },
  "layer4.1.bn3.bias": {
    "max": 0.1300574690103531,
    "mean": 0.02924382660072297
  },
  "layer4.1.bn3.weight": {
    "max": 0.20881803333759308,
    "mean": 0.04966096453302141
  },
  "layer4.1.conv3.weight": {
    "max": 0.5585715770721436,
    "mean": 0.11459723970719746
  },
  "layer4.2.bn1.bias": {
    "max": 0.15876919031143188,
    "mean": 0.02785139395090352
  },
  "layer4.2.bn1.weight": {
    "max": 0.18921145796775818,
    "mean": 0.038102100742315605
  },
  "layer4.2.bn2.bias": {
    "max": 0.06249133124947548,
    "mean": 0.014667056510557554
  },
  "layer4.2.bn2.weight": {
    "max": 0.10932455211877823,
    "mean": 0.023589128607751003
  },
  "layer4.2.bn3.bias": {
    "max": 0.046004731208086014,
    "mean": 0.010503462317699034
  },
  "layer4.2.bn3.weight": {
    "max": 0.07133322954177856,
    "mean": 0.017667367490939796
  },
  "layer4.2.conv1.weight": {
    "max": 0.5926268696784973,
    "mean": 0.13266489249521068
  },
  "layer4.2.conv2.weight": {
    "max": 0.1978127509355545,
    "mean": 0.04317470407778663
  },
  "layer4.2.conv3.weight": {
    "max": 0.10967409610748291,
    "mean": 0.028442016265222005
  }
}