{
  "fc.bias": {
    "max": 0.0703120306134224,
    "mean": 0.014971369397826492
  },
  "fc.weight": {
    "max": 0.8275150060653687,
    "mean": 0.19530648485358273
  },
  "layer4.1.bn3.bias": {
    "max": 0.18078455328941345,
    "mean": 0.030157548387734486
  },
  "layer4.1.bn3.weight": {
    "max": 0.287523478269577,
    "mean": 0.051036160768874524
  },
  "layer4.1.conv3.weight": {
    "max": 0.6401156187057495,
    "mean": 0.11304476699791849
  },
  "layer4.2.bn1.bias": {
    "max": 0.2186373472213745,
    "mean": 0.029322702301765924
  },
  "layer4.2.bn1.weight": {
    "max": 0.24228797852993011,
    "mean": 0.04030763412842394
  },
  "layer4.2.bn2.bias": {
    "max": 0.07085218280553818,
    "mean": 0.01499893987235347
  },
  "layer4.2.bn2.weight": {
    "max": 0.11349619179964066,
    "mean": 0.02357103129699161
  },
  "layer4.2.bn3.bias": {
    "max": 0.05089174956083298,
    "mean": 0.010798215886461548
  },
  "layer4.2.bn3.weight": {
    "max": 0.07911385595798492,
    "mean": 0.01766972033381795
  },
  "layer4.2.conv1.weight": {
    "max": 0.6309717297554016,
    "mean": 0.13242418203968553
  },
  "layer4.2.conv2.weight": {
    "max": 0.19018909335136414,
    "mean": 0.0411176517331374
  },
  "layer4.2.conv3.weight": {
    "max": 0.1215532124042511,
    "mean": 0.02727054930990562
  }
}