{
  "fc.bias": {
    "max": 0.10071272403001785,
    "mean": 0.017948555838083847
  },
  "fc.weight": {
    "max": 1.0332088470458984,
    "mean": 0.22407691349408457
  },
  "layer4.1.bn3.bias": {
    "max": 0.1350192129611969,
    "mean": 0.028548918614230517
  },
  "layer4.1.bn3.weight": {
    "max": 0.2022724449634552,
    "mean": 0.04815334660001099
  },
  "layer4.1.conv3.weight": {
    "max": 0.4533139765262604,
    "mean": 0.1085371451858165
  },
  "layer4.2.bn1.bias": {
    "max": 0.12098616361618042,
    "mean": 0.027731005617616964
  },
  "layer4.2.bn1.weight": {
    "max": 0.14003024995326996,
    "mean": 0.03782823055916067
  },
  "layer4.2.bn2.bias": {
    "max": 0.07222414016723633,
    "mean": 0.015010783965200452
  },
  "layer4.2.bn2.weight": {
    "max": 0.1022045910358429,
    "mean": 0.02355498453785133
  },
  "layer4.2.bn3.bias": {
    "max": 0.05434105172753334,
    "mean": 0.010790792420074078
  },
  "layer4.2.bn3.weight": {
    "max": 0.08656267821788788,
    "mean": 0.017841974771082666
  },
  "layer4.2.conv1.weight": {
    "max": 0.4639632999897003,
    "mean": 0.12884374580346047
  },
  "layer4.2.conv2.weight": {
    "max": 0.18166391551494598,
    "mean": 0.042640165216622075
  },
  "layer4.2.conv3.weight": {
    "max": 0.11588555574417114,
    "mean": 0.02855028355410988
  }
}