{
  "fc.bias": {
    "max": 0.08405719697475433,
    "mean": 0.029543313863021985
  },
  "fc.weight": {
    "max": 1.126402497291565,
    "mean": 0.3598907287525279
  },
  "layer4.1.bn3.bias": {
    "max": 0.1179036870598793,
    "mean": 0.031718173055643485
  },
  "layer4.1.bn3.weight": {
    "max": 0.20491090416908264,
    "mean": 0.05408559726418129
  },
  "layer4.1.conv3.weight": {
    "max": 0.44520047307014465,
    "mean": 0.12624148877071484
  },
  "layer4.2.bn1.bias": {
    "max": 0.11811718344688416,
    "mean": 0.03206581331190786
  },
  "layer4.2.bn1.weight": {
    "max": 0.15361537039279938,
    "mean": 0.04372185742216451
  },
  "layer4.2.bn2.bias": {
    "max": 0.061389729380607605,
    "mean": 0.017508679445433828
  },
  "layer4.2.bn2.weight": {
    "max": 0.10219299048185349,
    "mean": 0.028176060102746956
  },
  "layer4.2.bn3.bias": {
    "max": 0.043458811938762665,
    "mean": 0.013744992014752435
  },
  "layer4.2.bn3.weight": {
    "max": 0.07991047948598862,
    "mean": 0.023612734242342413
  },
  "layer4.2.conv1.weight": {
    "max": 0.487199991941452,
    "mean": 0.15006910213136246
  },
  "layer4.2.conv2.weight": {
    "max": 0.1855870634317398,
    "mean": 0.05373154391667673
  },
  "layer4.2.conv3.weight": {
    "max": 0.11832893639802933,
    "mean": 0.03661940756054329
  }
}