{
  "fc.bias": {
    "max": 0.08432811498641968,
    "mean": 0.014581226746917569
  },
  "fc.weight": {
    "max": 0.9241880774497986,
    "mean": 0.18509466235326336
  },
  "layer4.1.bn3.bias": {
    "max": 0.15594908595085144,
    "mean": 0.026432823931681924
  },
  "layer4.1.bn3.weight": {
    "max": 0.25192731618881226,
    "mean": 0.04477020068160657
  },
  "layer4.1.conv3.weight": {
    "max": 0.5490476489067078,
    "mean": 0.09925372105856825
  },
  "layer4.2.bn1.bias": {
    "max": 0.15453562140464783,
    "mean": 0.025516083537201795
  },
  "layer4.2.bn1.weight": {
    "max": 0.19178885221481323,
    "mean": 0.035263259612090356
  },
  "layer4.2.bn2.bias": {
    "max": 0.06190105900168419,
    "mean": 0.013531563816192959
  },
  "layer4.2.bn2.weight": {
    "max": 0.0972127616405487,
    "mean": 0.021222206039570406
  },
  "layer4.2.bn3.bias": {
    "max": 0.05318254232406616,
    "mean": 0.009961787724335279
  },
  "layer4.2.bn3.weight": {
    "max": 0.0793863907456398,
    "mean": 0.01632505090117255
  },
  "layer4.2.conv1.weight": {
    "max": 0.6221960783004761,
    "mean": 0.11770285189151763
  },
  "layer4.2.conv2.weight": {
    "max": 0.18117673695087433,
    "mean": 0.03764761810839575
  },
  "layer4.2.conv3.weight": {
    "max": 0.11106030642986298,
    "mean": 0.025367304145474917
  }
}