{
  "fc.bias": {
    "max": 0.10453774780035019,
    "mean": 0.03840871647000313
  },
  "fc.weight": {
    "max": 1.2262780666351318,
    "mean": 0.4654890336522034
  },
  "layer4.1.bn3.bias": {
    "max": 0.09563185274600983,
    "mean": 0.038270132086638896
  },
  "layer4.1.bn3.weight": {
    "max": 0.15459276735782623,
    "mean": 0.06389944423522267
  },
  "layer4.1.conv3.weight": {
    "max": 0.3587285578250885,
    "mean": 0.14775946150932992
  },
  "layer4.2.bn1.bias": {
    "max": 0.10378832370042801,
    "mean": 0.0398998821180846
  },
  "layer4.2.bn1.weight": {
    "max": 0.13127835094928741,
    "mean": 0.05318915158244116
  },
  "layer4.2.bn2.bias": {
    "max": 0.05438508838415146,
    "mean": 0.02156032668293587
  },
  "layer4.2.bn2.weight": {
    "max": 0.08000059425830841,
    "mean": 0.034534400297062735
  },
  "layer4.2.bn3.bias": {
    "max": 0.04252283275127411,
    "mean": 0.017068366951176098
  },
  "layer4.2.bn3.weight": {
    "max": 0.0683387964963913,
    "mean": 0.029624035129589693
  },
  "layer4.2.conv1.weight": {
    "max": 0.4041080176830292,
    "mean": 0.1757366072386503
  },
  "layer4.2.conv2.weight": {
    "max": 0.15636269748210907,
    "mean": 0.06561937823891639
  },
  "layer4.2.conv3.weight": {
    "max": 0.11006084829568863,
    "mean": 0.04622372739283102
  }
}