{
  "fc.bias": {
    "max": 0.08179312199354172,
    "mean": 0.01886275719252548
  },
  "fc.weight": {
    "max": 0.9417164921760559,
    "mean": 0.23985393594950438
  },
  "layer4.1.bn3.bias": {
    "max": 0.12803444266319275,
    "mean": 0.02720808164848547
  },
  "layer4.1.bn3.weight": {
    "max": 0.22635528445243835,
    "mean": 0.04632868193223008
  },
  "layer4.1.conv3.weight": {
    "max": 0.4760764539241791,
    "mean": 0.10554605052939484
  },
  "layer4.2.bn1.bias": {
    "max": 0.1120801493525505,
    "mean": 0.02689448065190975
  },
  "layer4.2.bn1.weight": {
    "max": 0.1641390323638916,
    "mean": 0.03670397189844932
  },
  "layer4.2.bn2.bias": {
    "max": 0.06246286258101463,
    "mean": 0.0141555045847781
  },
  "layer4.2.bn2.weight": {
    "max": 0.10790400952100754,
    "mean": 0.02283253996865824
  },
  "layer4.2.bn3.bias": {
    "max": 0.04878832772374153,
    "mean": 0.010703323590236583
  },
  "layer4.2.bn3.weight": {
    "max": 0.07936757802963257,
    "mean": 0.018029069918473917
  },
  "layer4.2.conv1.weight": {
    "max": 0.6246355175971985,
    "mean": 0.12461220369807312
  },
  "layer4.2.conv2.weight": {
    "max": 0.18965332210063934,
    "mean": 0.042087986813192924
  },
  "layer4.2.conv3.weight": {
    "max": 0.11636433750391006,
    "mean": 0.028821516970970802
  }
}