{
  "fc.bias": {
    "max": 0.06298832595348358,
    "mean": 0.01752677542855963
  },
  "fc.weight": {
    "max": 0.842004120349884,
    "mean": 0.2248658489542348
  },
  "layer4.1.bn3.bias": {
    "max": 0.134952113032341,
    "mean": 0.027743972921411373
  },
  "layer4.1.bn3.weight": {
    "max": 0.2145715206861496,
    "mean": 0.04699738291424832
  },
  "layer4.1.conv3.weight": {
    "max": 0.443622887134552,
    "mean": 0.10673603159242442
  },
  "layer4.2.bn1.bias": {
    "max": 0.1372411549091339,
    "mean": 0.026977965016516725
  },
  "layer4.2.bn1.weight": {
    "max": 0.17317406833171844,
    "mean": 0.03689355434982904
  },
  "layer4.2.bn2.bias": {
    "max": 0.05680686607956886,
    "mean": 0.01421160614184503
  },
  "layer4.2.bn2.weight": {
    "max": 0.08867906033992767,
    "mean": 0.022614838628297936
  },
  "layer4.2.bn3.bias": {
    "max": 0.03720030561089516,
    "mean": 0.010453661534037175
  },
  "layer4.2.bn3.weight": {
    "max": 0.06571752578020096,
    "mean": 0.017533064592030963
  },
  "layer4.2.conv1.weight": {
    "max": 0.47317466139793396,
    "mean": 0.12593416456665313
  },
  "layer4.2.conv2.weight": {
    "max": 0.1574784219264984,
    "mean": 0.04220983282995543
  },
  "layer4.2.conv3.weight": {
    "max": 0.10945780575275421,
    "mean": 0.027893454894822624
  }
}