{
  "fc.bias": {
    "max": 0.09282170236110687,
    "mean": 0.023990503300114402
  },
  "fc.weight": {
    "max": 1.3119627237319946,
    "mean": 0.3035010982570904
  },
  "layer4.1.bn3.bias": {
    "max": 0.12268199026584625,
    "mean": 0.030889990967698396
  },
  "layer4.1.bn3.weight": {
    "max": 0.1982077956199646,
    "mean": 0.05250476301514677
  },
  "layer4.1.conv3.weight": {
    "max": 0.48870036005973816,
    "mean": 0.1211818130287741
  },
  "layer4.2.bn1.bias": {
    "max": 0.19290132820606232,
    "mean": 0.03135299524758011
  },
  "layer4.2.bn1.weight": {
    "max": 0.18627068400382996,
    "mean": 0.042689452368233884
  },
  "layer4.2.bn2.bias": {
    "max": 0.07799914479255676,
    "mean": 0.016695644327638936
  },
  "layer4.2.bn2.weight": {
    "max": 0.10555257648229599,
    "mean": 0.026854747478584094
  },
  "layer4.2.bn3.bias": {
    "max": 0.05259597674012184,
    "mean": 0.012483562225409384
  },
  "layer4.2.bn3.weight": {
    "max": 0.0853608101606369,
    "mean": 0.021281081659586303
  },
  "layer4.2.conv1.weight": {
    "max": 0.6430564522743225,
    "mean": 0.1464611825879131
  },
  "layer4.2.conv2.weight": {
    "max": 0.20697446167469025,
    "mean": 0.05024187633501632
  },
  "layer4.2.conv3.weight": {
    "max": 0.13877049088478088,
    "mean": 0.03403677294962108
  }
}