{
  "fc.bias": {
    "max": 0.10361089557409286,
    "mean": 0.02686232994842742
  },
  "fc.weight": {
    "max": 1.1009650230407715,
    "mean": 0.33816212230495046
  },
  "layer4.1.bn3.bias": {
    "max": 0.0963173657655716,
    "mean": 0.032683022522500584
  },
  "layer4.1.bn3.weight": {
    "max": 0.1637377291917801,
    "mean": 0.05535600684583187
  },
  "layer4.1.conv3.weight": {
    "max": 0.3771741986274719,
    "mean": 0.12778437991227423
  },
  "layer4.2.bn1.bias": {
    "max": 0.13245417177677155,
    "mean": 0.03295807053468057
  },
  "layer4.2.bn1.weight": {
    "max": 0.14957353472709656,
    "mean": 0.04517044056206942
  },
  "layer4.2.bn2.bias": {
    "max": 0.06551439315080643,
    "mean": 0.017942995748349597
  },
  "layer4.2.bn2.weight": {
    "max": 0.09383419901132584,
    "mean": 0.02890168852305838
  },
  "layer4.2.bn3.bias": {
    "max": 0.04908767342567444,
    "mean": 0.013674678799164083
  },
  "layer4.2.bn3.weight": {
    "max": 0.07812073826789856,
    "mean": 0.02355747262148985
  },
  "layer4.2.conv1.weight": {
    "max": 0.4656640589237213,
    "mean": 0.15298919272209915
  },
  "layer4.2.conv2.weight": {
    "max": 0.16968639194965363,
    "mean": 0.05435921206538166
  },
  "layer4.2.conv3.weight": {
    "max": 0.11138799786567688,
    "mean": 0.03713602025327938
  }
}