{
  "fc.bias": {
    "max": 0.05290358513593674,
    "mean": 0.017705089684376226
  },
  "fc.weight": {
    "max": 0.8570303916931152,
    "mean": 0.22062816992135983
  },
  "layer4.1.bn3.bias": {
    "max": 0.09152033925056458,
    "mean": 0.02474814921351416
  },
  "layer4.1.bn3.weight": {
    "max": 0.14681057631969452,
    "mean": 0.04162032978010497
  },
  "layer4.1.conv3.weight": {
    "max": 0.33722251653671265,
    "mean": 0.09551495465183897
  },
  "layer4.2.bn1.bias": {
    "max": 0.08819548040628433,
    "mean": 0.024598666652371842
  },
  "layer4.2.bn1.weight": {
    "max": 0.1281580924987793,
    "mean": 0.033420511766203816
  },
  "layer4.2.bn2.bias": {
    "max": 0.053823281079530716,
    "mean": 0.013238647703380723
  },
  "layer4.2.bn2.weight": {
    "max": 0.0910661518573761,
    "mean": 0.021119347248625544
  },
  "layer4.2.bn3.bias": {
    "max": 0.034548319876194,
    "mean": 0.009780828773343403
  },
  "layer4.2.bn3.weight": {
    "max": 0.06269262731075287,
    "mean": 0.016437405108341147
  },
  "layer4.2.conv1.weight": {
    "max": 0.4115401804447174,
    "mean": 0.11289851392486265
  },
  "layer4.2.conv2.weight": {
    "max": 0.1819339096546173,
    "mean": 0.03930269927185561
  },
  "layer4.2.conv3.weight": {
    "max": 0.11062236875295639,
    "mean": 0.0263921904633753
  }
}