{
  "fc.bias": {
    "max": 0.13663989305496216,
    "mean": 0.05920701170074088
  },
  "fc.weight": {
    "max": 1.3919708728790283,
    "mean": 0.7068118556056704
  },
  "layer4.1.bn3.bias": {
    "max": 0.08581667393445969,
    "mean": 0.04279708011341946
  },
  "layer4.1.bn3.weight": {
    "max": 0.15021052956581116,
    "mean": 0.07222685659570353
  },
  "layer4.1.conv3.weight": {
    "max": 0.3301495611667633,
    "mean": 0.1725702581022467
  },
  "layer4.2.bn1.bias": {
    "max": 0.09237442165613174,
    "mean": 0.04477562057652644
  },
  "layer4.2.bn1.weight": {
    "max": 0.1442868709564209,
    "mean": 0.06229836558657033
  },
  "layer4.2.bn2.bias": {
    "max": 0.05247552692890167,
    "mean": 0.026252935068415743
  },
  "layer4.2.bn2.weight": {
    "max": 0.08621551841497421,
    "mean": 0.0426405035544719
  },
  "layer4.2.bn3.bias": {
    "max": 0.05474654212594032,
    "mean": 0.022050819660403898
  },
  "layer4.2.bn3.weight": {
    "max": 0.09296652674674988,
    "mean": 0.03931841916271618
  },
  "layer4.2.conv1.weight": {
    "max": 0.4064480662345886,
    "mean": 0.20523874101894243
  },
  "layer4.2.conv2.weight": {
    "max": 0.15873056650161743,
    "mean": 0.0814643516178642
  },
  "layer4.2.conv3.weight": {
    "max": 0.11399891972541809,
    "mean": 0.05963992273168905
  }
}