{
  "fc.bias": {
    "max": 0.05992599576711655,
    "mean": 0.012216966147201934
  },
  "fc.weight": {
    "max": 0.9102897644042969,
    "mean": 0.1470465590319197
  },
  "layer4.1.bn3.bias": {
    "max": 0.14841866493225098,
    "mean": 0.02338595759805425
  },
  "layer4.1.bn3.weight": {
    "max": 0.27432093024253845,
    "mean": 0.03993523985247261
  },
  "layer4.1.conv3.weight": {
    "max": 0.6057022213935852,
    "mean": 0.08857773771243437
  },
  "layer4.2.bn1.bias": {
    "max": 0.1498548835515976,
    "mean": 0.02226452155471114
  },
  "layer4.2.bn1.weight": {
    "max": 0.20110762119293213,
    "mean": 0.030520589443123233
  },
  "layer4.2.bn2.bias": {
    "max": 0.06928269565105438,
    "mean": 0.012007053867065614
  },
  "layer4.2.bn2.weight": {
    "max": 0.12476763129234314,
    "mean": 0.01852253552601074
  },
  "layer4.2.bn3.bias": {
    "max": 0.0535607784986496,
    "mean": 0.008828092909285
  },
  "layer4.2.bn3.weight": {
    "max": 0.09125947207212448,
    "mean": 0.014157232736553331
  },
  "layer4.2.conv1.weight": {
    "max": 0.7637431621551514,
    "mean": 0.10206142887539629
  },
  "layer4.2.conv2.weight": {
    "max": 0.21315230429172516,
    "mean": 0.03192201815495667
  },
  "layer4.2.conv3.weight": {
    "max": 0.1335601657629013,
    "mean": 0.02122279557299667
  }
}