{
  "fc.bias": {
    "max": 0.09339283406734467,
    "mean": 0.014720598443361398
  },
  "fc.weight": {
    "max": 1.2756984233856201,
    "mean": 0.18566847501056535
  },
  "layer4.1.bn3.bias": {
    "max": 0.1441887468099594,
    "mean": 0.026332465149046455
  },
  "layer4.1.bn3.weight": {
    "max": 0.2700926661491394,
    "mean": 0.04451452872574529
  },
  "layer4.1.conv3.weight": {
    "max": 0.593185305595398,
    "mean": 0.09856838971675773
  },
  "layer4.2.bn1.bias": {
    "max": 0.13184504210948944,
    "mean": 0.025307228943108516
  },
  "layer4.2.bn1.weight": {
    "max": 0.18740198016166687,
    "mean": 0.034287843631131444
  },
  "layer4.2.bn2.bias": {
    "max": 0.08274506032466888,
    "mean": 0.013469920201085707
  },
  "layer4.2.bn2.weight": {
    "max": 0.1568543016910553,
    "mean": 0.021144553432490543
  },
  "layer4.2.bn3.bias": {
    "max": 0.0674389898777008,
    "mean": 0.00980447551900787
  },
  "layer4.2.bn3.weight": {
    "max": 0.11372829228639603,
    "mean": 0.016063938030440893
  },
  "layer4.2.conv1.weight": {
    "max": 0.6526997685432434,
    "mean": 0.11446576577428329
  },
  "layer4.2.conv2.weight": {
    "max": 0.1919073909521103,
    "mean": 0.03638237672708263
  },
  "layer4.2.conv3.weight": {
    "max": 0.14652617275714874,
    "mean": 0.02490035580508577
  }
}