{
  "fc.bias": {
    "max": 0.0610184371471405,
    "mean": 0.012695038115530874
  },
  "fc.weight": {
    "max": 0.791750431060791,
    "mean": 0.166498208622049
  },
  "layer4.1.bn3.bias": {
    "max": 0.1370069831609726,
    "mean": 0.023280869754131087
  },
  "layer4.1.bn3.weight": {
    "max": 0.25676068663597107,
    "mean": 0.03961019394985799
  },
  "layer4.1.conv3.weight": {
    "max": 0.547257661819458,
    "mean": 0.0892737498689842
  },
  "layer4.2.bn1.bias": {
    "max": 0.13309644162654877,
    "mean": 0.02210989085109239
  },
  "layer4.2.bn1.weight": {
    "max": 0.20468251407146454,
    "mean": 0.0308253687029771
  },
  "layer4.2.bn2.bias": {
    "max": 0.058658335357904434,
    "mean": 0.011569137299000951
  },
  "layer4.2.bn2.weight": {
    "max": 0.1136455163359642,
    "mean": 0.0185064853683746
  },
  "layer4.2.bn3.bias": {
    "max": 0.04333316534757614,
    "mean": 0.00831908812110279
  },
  "layer4.2.bn3.weight": {
    "max": 0.07372661679983139,
    "mean": 0.013865447888051026
  },
  "layer4.2.conv1.weight": {
    "max": 0.7159015536308289,
    "mean": 0.10512856157396787
  },
  "layer4.2.conv2.weight": {
    "max": 0.19320008158683777,
    "mean": 0.03341481071963374
  },
  "layer4.2.conv3.weight": {
    "max": 0.11316192150115967,
    "mean": 0.022148598193057947
  }
}