{
  "fc.bias": {
    "max": 0.07407131046056747,
    "mean": 0.013573813051958235
  },
  "fc.weight": {
    "max": 0.8420812487602234,
    "mean": 0.1706371743152184
  },
  "layer4.1.bn3.bias": {
    "max": 0.14741529524326324,
    "mean": 0.02457927284404702
  },
  "layer4.1.bn3.weight": {
    "max": 0.24840007722377777,
    "mean": 0.04131151184589336
  },
  "layer4.1.conv3.weight": {
    "max": 0.5582140684127808,
    "mean": 0.09165392435455162
  },
  "layer4.2.bn1.bias": {
    "max": 0.16984181106090546,
    "mean": 0.023936701565980913
  },
  "layer4.2.bn1.weight": {
    "max": 0.20042581856250763,
    "mean": 0.032363080865304386
  },
  "layer4.2.bn2.bias": {
    "max": 0.06960837543010712,
    "mean": 0.012357574533463256
  },
  "layer4.2.bn2.weight": {
    "max": 0.10872037708759308,
    "mean": 0.019475085251199613
  },
  "layer4.2.bn3.bias": {
    "max": 0.04481850937008858,
    "mean": 0.009162125512708112
  },
  "layer4.2.bn3.weight": {
    "max": 0.07106740027666092,
    "mean": 0.01498121931026357
  },
  "layer4.2.conv1.weight": {
    "max": 0.5800232291221619,
    "mean": 0.10737498315383813
  },
  "layer4.2.conv2.weight": {
    "max": 0.180645152926445,
    "mean": 0.034254304568249995
  },
  "layer4.2.conv3.weight": {
    "max": 0.1235521137714386,
    "mean": 0.023407133622261298
  }
}