{
  "fc.bias": {
    "max": 0.06943940371274948,
    "mean": 0.009914965103588266
  },
  "fc.weight": {
    "max": 0.8165597915649414,
    "mean": 0.11449135094332243
  },
  "layer4.1.bn3.bias": {
    "max": 0.1635456681251526,
    "mean": 0.020297652781570964
  },
  "layer4.1.bn3.weight": {
    "max": 0.2864746153354645,
    "mean": 0.03438852356948441
  },
  "layer4.1.conv3.weight": {
    "max": 0.612805962562561,
    "mean": 0.07382904544173341
  },
  "layer4.2.bn1.bias": {
    "max": 0.14582917094230652,
    "mean": 0.01885953536550265
  },
  "layer4.2.bn1.weight": {
    "max": 0.19348369538784027,
    "mean": 0.025547091746765154
  },
  "layer4.2.bn2.bias": {
    "max": 0.07334323972463608,
    "mean": 0.010234247953682956
  },
  "layer4.2.bn2.weight": {
    "max": 0.1344291716814041,
    "mean": 0.01553271522302696
  },
  "layer4.2.bn3.bias": {
    "max": 0.05989693105220795,
    "mean": 0.007839807993514114
  },
  "layer4.2.bn3.weight": {
    "max": 0.09998886287212372,
    "mean": 0.012362322766119697
  },
  "layer4.2.conv1.weight": {
    "max": 0.6350401639938354,
    "mean": 0.08244267433723768
  },
  "layer4.2.conv2.weight": {
    "max": 0.18783631920814514,
    "mean": 0.02563505770813208
  },
  "layer4.2.conv3.weight": {
    "max": 0.1223185658454895,
    "mean": 0.01747474823731214
  }
}