{
  "fc.bias": {
    "max": 0.08799248933792114,
    "mean": 0.010678209468481198
  },
  "fc.weight": {
    "max": 0.9517698287963867,
    "mean": 0.1324188276037707
  },
  "layer4.1.bn3.bias": {
    "max": 0.16264398396015167,
    "mean": 0.020562249822999416
  },
  "layer4.1.bn3.weight": {
    "max": 0.26781678199768066,
    "mean": 0.03462697407596611
  },
  "layer4.1.conv3.weight": {
    "max": 0.4822537899017334,
    "mean": 0.07371287502098961
  },
  "layer4.2.bn1.bias": {
    "max": 0.13723722100257874,
    "mean": 0.01932165852161623
  },
  "layer4.2.bn1.weight": {
    "max": 0.19142818450927734,
    "mean": 0.026518606095840887
  },
  "layer4.2.bn2.bias": {
    "max": 0.07352611422538757,
    "mean": 0.010353484496964873
  },
  "layer4.2.bn2.weight": {
    "max": 0.10288252681493759,
    "mean": 0.01581970747676678
  },
  "layer4.2.bn3.bias": {
    "max": 0.0601632222533226,
    "mean": 0.007920154893259418
  },
  "layer4.2.bn3.weight": {
    "max": 0.09872942417860031,
    "mean": 0.012771816339310524
  },
  "layer4.2.conv1.weight": {
    "max": 0.6212940216064453,
    "mean": 0.08844100668727022
  },
  "layer4.2.conv2.weight": {
    "max": 0.17308343946933746,
    "mean": 0.02767111956166835
  },
  "layer4.2.conv3.weight": {
    "max": 0.12317454069852829,
    "mean": 0.018660206259186712
  }
}