{
  "fc.bias": {
    "max": 0.05848459526896477,
    "mean": 0.015090268391068093
  },
  "fc.weight": {
    "max": 0.7528879046440125,
    "mean": 0.18810529239608773
  },
  "layer4.1.bn3.bias": {
    "max": 0.10853152722120285,
    "mean": 0.025040664023919298
  },
  "layer4.1.bn3.weight": {
    "max": 0.1823963075876236,
    "mean": 0.04272102378574865
  },
  "layer4.1.conv3.weight": {
    "max": 0.40497732162475586,
    "mean": 0.09724543585841144
  },
  "layer4.2.bn1.bias": {
    "max": 0.120968759059906,
    "mean": 0.023612121476658754
  },
  "layer4.2.bn1.weight": {
    "max": 0.15939617156982422,
    "mean": 0.03296260505748381
  },
  "layer4.2.bn2.bias": {
    "max": 0.05870300158858299,
    "mean": 0.013018115211452823
  },
  "layer4.2.bn2.weight": {
    "max": 0.093240886926651,
    "mean": 0.02036966957459559
  },
  "layer4.2.bn3.bias": {
    "max": 0.043083108961582184,
    "mean": 0.009518337247344398
  },
  "layer4.2.bn3.weight": {
    "max": 0.06789124757051468,
    "mean": 0.015636010139631774
  },
  "layer4.2.conv1.weight": {
    "max": 0.46283647418022156,
    "mean": 0.11375433255984847
  },
  "layer4.2.conv2.weight": {
    "max": 0.15600784122943878,
    "mean": 0.0372114889970648
  },
  "layer4.2.conv3.weight": {
    "max": 0.11026932299137115,
    "mean": 0.024692530129936392
  }
}