{
  "fc.bias": {
    "max": 0.06594200432300568,
    "mean": 0.014769932437754636
  },
  "fc.weight": {
    "max": 0.8744593858718872,
    "mean": 0.18861486868833058
  },
  "layer4.1.bn3.bias": {
    "max": 0.18856889009475708,
    "mean": 0.029206726266399658
  },
  "layer4.1.bn3.weight": {
    "max": 0.3074241280555725,
    "mean": 0.04948123537112094
  },
  "layer4.1.conv3.weight": {
    "max": 0.6026895046234131,
    "mean": 0.11098553859204653
  },
  "layer4.2.bn1.bias": {
    "max": 0.16735002398490906,
    "mean": 0.027543412761338655
  },
  "layer4.2.bn1.weight": {
    "max": 0.21443668007850647,
    "mean": 0.03809199594164966
  },
  "layer4.2.bn2.bias": {
    "max": 0.07171811163425446,
    "mean": 0.014701686952446055
  },
  "layer4.2.bn2.weight": {
    "max": 0.11366923153400421,
    "mean": 0.023342322311239384
  },
  "layer4.2.bn3.bias": {
    "max": 0.04984515532851219,
    "mean": 0.010328277118595517
  },
  "layer4.2.bn3.weight": {
    "max": 0.08372164517641068,
    "mean": 0.016975292413595265
  },
  "layer4.2.conv1.weight": {
    "max": 0.6826496124267578,
    "mean": 0.12924519543236654
  },
  "layer4.2.conv2.weight": {
    "max": 0.18555288016796112,
    "mean": 0.04077635606871419
  },
  "layer4.2.conv3.weight": {
    "max": 0.1206534206867218,
    "mean": 0.026864820004702777
  }
}