{
  "fc.bias": {
    "max": 0.15836158394813538,
    "mean": 0.08093641085284096
  },
  "fc.weight": {
    "max": 1.822298288345337,
    "mean": 0.9245737017904009
  },
  "layer4.1.bn3.bias": {
    "max": 0.07071715593338013,
    "mean": 0.04389068064945085
  },
  "layer4.1.bn3.weight": {
    "max": 0.11347977817058563,
    "mean": 0.07322845091777189
  },
  "layer4.1.conv3.weight": {
    "max": 0.25969192385673523,
    "mean": 0.17567420776401246
  },
  "layer4.2.bn1.bias": {
    "max": 0.08835159987211227,
    "mean": 0.047042837217450145
  },
  "layer4.2.bn1.weight": {
    "max": 0.11188695579767227,
    "mean": 0.06479459329375199
  },
  "layer4.2.bn2.bias": {
    "max": 0.05011475086212158,
    "mean": 0.029140716535704478
  },
  "layer4.2.bn2.weight": {
    "max": 0.11084825545549393,
    "mean": 0.04673545279673168
  },
  "layer4.2.bn3.bias": {
    "max": 0.047754917293787,
    "mean": 0.025707065271479743
  },
  "layer4.2.bn3.weight": {
    "max": 0.09102863073348999,
    "mean": 0.04623095768902983
  },
  "layer4.2.conv1.weight": {
    "max": 0.3467102646827698,
    "mean": 0.2057982376217842
  },
  "layer4.2.conv2.weight": {
    "max": 0.15749455988407135,
    "mean": 0.08828425324388912
  },
  "layer4.2.conv3.weight": {
    "max": 0.12973260879516602,
    "mean": 0.06758846099887575
  }
}