{
  "fc.bias": {
    "max": 0.11056257784366608,
    "mean": 0.049648819943623884
  },
  "fc.weight": {
    "max": 1.3099539279937744,
    "mean": 0.6013640076773508
  },
  "layer4.1.bn3.bias": {
    "max": 0.10395844280719757,
    "mean": 0.04355312378810985
  },
  "layer4.1.bn3.weight": {
    "max": 0.16770721971988678,
    "mean": 0.07356546178460122
  },
  "layer4.1.conv3.weight": {
    "max": 0.3935598134994507,
    "mean": 0.17328855435763085
  },
  "layer4.2.bn1.bias": {
    "max": 0.1208956241607666,
    "mean": 0.045580217934080534
  },
  "layer4.2.bn1.weight": {
    "max": 0.15632514655590057,
    "mean": 0.0626948979390519
  },
  "layer4.2.bn2.bias": {
    "max": 0.07216288894414902,
    "mean": 0.025858355278947524
  },
  "layer4.2.bn2.weight": {
    "max": 0.09311871975660324,
    "mean": 0.04179834848003728
  },
  "layer4.2.bn3.bias": {
    "max": 0.04721798375248909,
    "mean": 0.020646084613565888
  },
  "layer4.2.bn3.weight": {
    "max": 0.08572159707546234,
    "mean": 0.036373264036540474
  },
  "layer4.2.conv1.weight": {
    "max": 0.4451163709163666,
    "mean": 0.20620514439685003
  },
  "layer4.2.conv2.weight": {
    "max": 0.18862593173980713,
    "mean": 0.07914598181843757
  },
  "layer4.2.conv3.weight": {
    "max": 0.1405099779367447,
    "mean": 0.05616564853382962
  }
}