{
  "fc.bias": {
    "max": 0.11879003793001175,
    "mean": 0.023179404431554886
  },
  "fc.weight": {
    "max": 1.318118691444397,
    "mean": 0.2931135597718614
  },
  "layer4.1.bn3.bias": {
    "max": 0.11165984719991684,
    "mean": 0.03144082645985431
  },
  "layer4.1.bn3.weight": {
    "max": 0.1880452036857605,
    "mean": 0.05267085358633527
  },
  "layer4.1.conv3.weight": {
    "max": 0.44287019968032837,
    "mean": 0.12092142655115043
  },
  "layer4.2.bn1.bias": {
    "max": 0.11533147096633911,
    "mean": 0.03114612486113661
  },
  "layer4.2.bn1.weight": {
    "max": 0.154862642288208,
    "mean": 0.04276477627855326
  },
  "layer4.2.bn2.bias": {
    "max": 0.05860258266329765,
    "mean": 0.017056158586139125
  },
  "layer4.2.bn2.weight": {
    "max": 0.08994900435209274,
    "mean": 0.026575134956011815
  },
  "layer4.2.bn3.bias": {
    "max": 0.05581115931272507,
    "mean": 0.012719356291262167
  },
  "layer4.2.bn3.weight": {
    "max": 0.0854739174246788,
    "mean": 0.02125888122345454
  },
  "layer4.2.conv1.weight": {
    "max": 0.5115286707878113,
    "mean": 0.14523325780938778
  },
  "layer4.2.conv2.weight": {
    "max": 0.17075936496257782,
    "mean": 0.05026213745985712
  },
  "layer4.2.conv3.weight": {
    "max": 0.1159575954079628,
    "mean": 0.03388211182717766
  }
}