{
  "fc.bias": {
    "max": 0.08081550151109695,
    "mean": 0.013042172201717871
  },
  "fc.weight": {
    "max": 0.7118687033653259,
    "mean": 0.16020221078768374
  },
  "layer4.1.bn3.bias": {
    "max": 0.1359775811433792,
    "mean": 0.02455648091567647
  },
  "layer4.1.bn3.weight": {
    "max": 0.2351265847682953,
    "mean": 0.042180986776698515
  },
  "layer4.1.conv3.weight": {
    "max": 0.528071403503418,
    "mean": 0.09513435436412693
  },
  "layer4.2.bn1.bias": {
    "max": 0.1348460465669632,
    "mean": 0.023246651031409524
  },
  "layer4.2.bn1.weight": {
    "max": 0.1703358143568039,
    "mean": 0.0321415312076819
  },
  "layer4.2.bn2.bias": {
    "max": 0.05955919250845909,
    "mean": 0.012404172350174382
  },
  "layer4.2.bn2.weight": {
    "max": 0.0987858697772026,
    "mean": 0.019319600788959567
  },
  "layer4.2.bn3.bias": {
    "max": 0.04767310619354248,
    "mean": 0.009225944939077765
  },
  "layer4.2.bn3.weight": {
    "max": 0.07426472753286362,
    "mean": 0.01487413699717893
  },
  "layer4.2.conv1.weight": {
    "max": 0.5242285132408142,
    "mean": 0.1085105064641019
  },
  "layer4.2.conv2.weight": {
    "max": 0.15439946949481964,
    "mean": 0.033697796958482025
  },
  "layer4.2.conv3.weight": {
    "max": 0.11037760972976685,
    "mean": 0.02257406632395162
  }
}