{
  "fc.bias": {
    "max": 0.16098231077194214,
    "mean": 0.10029020775641714
  },
  "fc.weight": {
    "max": 0.7891198396682739,
    "mean": 0.5322508144378663
  }
}