{
  "fc.bias": {
    "max": 0.12282226234674454,
    "mean": 0.06555275759526662
  },
  "fc.weight": {
    "max": 0.5825050473213196,
    "mean": 0.3492031752211707
  }
}