{
  "fc.bias": {
    "max": 0.12505857646465302,
    "mean": 0.05764413227992398
  },
  "fc.weight": {
    "max": 0.6103510856628418,
    "mean": 0.30735325306653977
  }
}