{
  "fc.bias": {
    "max": 0.127402201294899,
    "mean": 0.06628762581518718
  },
  "fc.weight": {
    "max": 0.5990647077560425,
    "mean": 0.3507166048458644
  }
}