{
  "fc.bias": {
    "max": 0.10817926377058029,
    "mean": 0.06180289582482406
  },
  "fc.weight": {
    "max": 0.5712922215461731,
    "mean": 0.32637879695211136
  }
}