{
  "fc.bias": {
    "max": 0.19846637547016144,
    "mean": 0.1279038513983999
  },
  "fc.weight": {
    "max": 0.9479462504386902,
    "mean": 0.6746696215016501
  }
}