{
  "fc.bias": {
    "max": 0.14834187924861908,
    "mean": 0.08611942046454975
  },
  "fc.weight": {
    "max": 0.7386901378631592,
    "mean": 0.4542952377455575
  }
}