{
  "fc.bias": {
    "max": 0.17679674923419952,
    "mean": 0.11177797836916788
  },
  "fc.weight": {
    "max": 0.7770554423332214,
    "mean": 0.5840359323365347
  }
}