{
  "fc.bias": {
    "max": 0.12716814875602722,
    "mean": 0.08599578906382833
  },
  "fc.weight": {
    "max": 0.6484633088111877,
    "mean": 0.455861725296293
  }
}