{
  "fc.bias": {
    "max": 0.12623263895511627,
    "mean": 0.07507930862052101
  },
  "fc.weight": {
    "max": 0.648054301738739,
    "mean": 0.40446560663836345
  }
}