{
  "fc.bias": {
    "max": 0.1371423751115799,
    "mean": 0.06373442897839206
  },
  "fc.weight": {
    "max": 0.7676678895950317,
    "mean": 0.33739607930183413
  }
}