{
  "fc.bias": {
    "max": 0.15443043410778046,
    "mean": 0.08450702311737197
  },
  "fc.weight": {
    "max": 0.8249925971031189,
    "mean": 0.4493628258364541
  }
}