{
  "fc.bias": {
    "max": 0.14535164833068848,
    "mean": 0.07884805819817951
  },
  "fc.weight": {
    "max": 0.8137926459312439,
    "mean": 0.4174367367369788
  }
}