{
  "fc.bias": {
    "max": 0.02361634001135826,
    "mean": 0.005936172787499215
  },
  "fc.weight": {
    "max": 0.2822437286376953,
    "mean": 0.07230403058763062
  },
  "layer4.1.bn3.bias": {
    "max": 0.023375825956463814,
    "mean": 0.006075872439292393
  },
  "layer4.1.bn3.weight": {
    "max": 0.03884197026491165,
    "mean": 0.01005170812131837
  },
  "layer4.1.conv3.weight": {
    "max": 0.09039232134819031,
    "mean": 0.022720444382035306
  },
  "layer4.2.bn1.bias": {
    "max": 0.02736724354326725,
    "mean": 0.006717394012957812
  },
  "layer4.2.bn1.weight": {
    "max": 0.036082781851291656,
    "mean": 0.008781383070163429
  },
  "layer4.2.bn2.bias": {
    "max": 0.01259874738752842,
    "mean": 0.0035267645459888235
  },
  "layer4.2.bn2.weight": {
    "max": 0.021240387111902237,
    "mean": 0.00553758154856041
  },
  "layer4.2.bn3.bias": {
    "max": 0.009944508783519268,
    "mean": 0.0026431544342943067
  },
  "layer4.2.bn3.weight": {
    "max": 0.016755186021327972,
    "mean": 0.004639732782795493
  },
  "layer4.2.conv1.weight": {
    "max": 0.10658024251461029,
    "mean": 0.02724205555527338
  },
  "layer4.2.conv2.weight": {
    "max": 0.03991621360182762,
    "mean": 0.010349445254541933
  },
  "layer4.2.conv3.weight": {
    "max": 0.029004661366343498,
    "mean": 0.007093221038979079
  }
}