{
  "fc.bias": {
    "max": 0.03998231887817383,
    "mean": 0.009981315975476588
  },
  "fc.weight": {
    "max": 0.4704829156398773,
    "mean": 0.12053495118660586
  },
  "layer4.1.bn3.bias": {
    "max": 0.05138884857296944,
    "mean": 0.009537318390461484
  },
  "layer4.1.bn3.weight": {
    "max": 0.08358266949653625,
    "mean": 0.015123187208415143
  },
  "layer4.1.conv3.weight": {
    "max": 0.17730368673801422,
    "mean": 0.034066989346008214
  },
  "layer4.2.bn1.bias": {
    "max": 0.05500171706080437,
    "mean": 0.01081137707556731
  },
  "layer4.2.bn1.weight": {
    "max": 0.06324751675128937,
    "mean": 0.013891301899483162
  },
  "layer4.2.bn2.bias": {
    "max": 0.028427893295884132,
    "mean": 0.005763397096390171
  },
  "layer4.2.bn2.weight": {
    "max": 0.039009712636470795,
    "mean": 0.00864076606729733
  },
  "layer4.2.bn3.bias": {
    "max": 0.018783515319228172,
    "mean": 0.004471394001406484
  },
  "layer4.2.bn3.weight": {
    "max": 0.03134874999523163,
    "mean": 0.007729869324248284
  },
  "layer4.2.conv1.weight": {
    "max": 0.18546922504901886,
    "mean": 0.0406869954629136
  },
  "layer4.2.conv2.weight": {
    "max": 0.07702789455652237,
    "mean": 0.016615774628839324
  },
  "layer4.2.conv3.weight": {
    "max": 0.051238976418972015,
    "mean": 0.011680773018659758
  }
}