{
  "fc.bias": {
    "max": 0.019312405958771706,
    "mean": 0.00455452436165485
  },
  "fc.weight": {
    "max": 0.2637333571910858,
    "mean": 0.05925539299579603
  },
  "layer4.1.bn3.bias": {
    "max": 0.032918259501457214,
    "mean": 0.005032312334515154
  },
  "layer4.1.bn3.weight": {
    "max": 0.05232187733054161,
    "mean": 0.008123289140140905
  },
  "layer4.1.conv3.weight": {
    "max": 0.1150549128651619,
    "mean": 0.017827488465367684
  },
  "layer4.2.bn1.bias": {
    "max": 0.034796714782714844,
    "mean": 0.005477390228770673
  },
  "layer4.2.bn1.weight": {
    "max": 0.04299264773726463,
    "mean": 0.007242570044140199
  },
  "layer4.2.bn2.bias": {
    "max": 0.014870460145175457,
    "mean": 0.0029282444239860134
  },
  "layer4.2.bn2.weight": {
    "max": 0.024976743385195732,
    "mean": 0.004572546278359369
  },
  "layer4.2.bn3.bias": {
    "max": 0.009245801717042923,
    "mean": 0.00212904532007607
  },
  "layer4.2.bn3.weight": {
    "max": 0.017134396359324455,
    "mean": 0.003839436355545851
  },
  "layer4.2.conv1.weight": {
    "max": 0.11809340864419937,
    "mean": 0.021328734047710896
  },
  "layer4.2.conv2.weight": {
    "max": 0.044085439294576645,
    "mean": 0.008526417674563294
  },
  "layer4.2.conv3.weight": {
    "max": 0.029120467603206635,
    "mean": 0.0058868063231264905
  }
}