{
  "fc.bias": {
    "max": 0.11814265698194504,
    "mean": 0.04089928564748594
  },
  "fc.weight": {
    "max": 1.0950770378112793,
    "mean": 0.46302354633808135
  },
  "layer4.1.bn3.bias": {
    "max": 0.054395049810409546,
    "mean": 0.02223353051979627
  },
  "layer4.1.bn3.weight": {
    "max": 0.08711319416761398,
    "mean": 0.03675538679318768
  },
  "layer4.1.conv3.weight": {
    "max": 0.19634880125522614,
    "mean": 0.0857388222856181
  },
  "layer4.2.bn1.bias": {
    "max": 0.05603223294019699,
    "mean": 0.024429216980934143
  },
  "layer4.2.bn1.weight": {
    "max": 0.07623175531625748,
    "mean": 0.03338898045143911
  },
  "layer4.2.bn2.bias": {
    "max": 0.04400968924164772,
    "mean": 0.015243514374430691
  },
  "layer4.2.bn2.weight": {
    "max": 0.06064096465706825,
    "mean": 0.0240062151370304
  },
  "layer4.2.bn3.bias": {
    "max": 0.03783639520406723,
    "mean": 0.013427423512829202
  },
  "layer4.2.bn3.weight": {
    "max": 0.06110525503754616,
    "mean": 0.023922092760247843
  },
  "layer4.2.conv1.weight": {
    "max": 0.23165850341320038,
    "mean": 0.10361400821379253
  },
  "layer4.2.conv2.weight": {
    "max": 0.10542409121990204,
    "mean": 0.04526125102170876
  },
  "layer4.2.conv3.weight": {
    "max": 0.0791650041937828,
    "mean": 0.03411481140979699
  }
}