{
  "fc.bias": {
    "max": 0.09471240639686584,
    "mean": 0.06948002928069659
  },
  "fc.weight": {
    "max": 1.0424938201904297,
    "mean": 0.780151812519346
  },
  "layer4.1.bn3.bias": {
    "max": 0.0497303307056427,
    "mean": 0.031167403768215862
  },
  "layer4.1.bn3.weight": {
    "max": 0.07871969789266586,
    "mean": 0.051833141116159304
  },
  "layer4.1.conv3.weight": {
    "max": 0.19262097775936127,
    "mean": 0.12369408650057656
  },
  "layer4.2.bn1.bias": {
    "max": 0.0576489232480526,
    "mean": 0.033743797934481075
  },
  "layer4.2.bn1.weight": {
    "max": 0.0794198289513588,
    "mean": 0.04664318444473403
  },
  "layer4.2.bn2.bias": {
    "max": 0.03294259309768677,
    "mean": 0.022153464944234917
  },
  "layer4.2.bn2.weight": {
    "max": 0.053279563784599304,
    "mean": 0.03550861296909196
  },
  "layer4.2.bn3.bias": {
    "max": 0.030510539188981056,
    "mean": 0.020520058034786157
  },
  "layer4.2.bn3.weight": {
    "max": 0.052844200283288956,
    "mean": 0.037211140564509804
  },
  "layer4.2.conv1.weight": {
    "max": 0.2233710139989853,
    "mean": 0.14363323492663246
  },
  "layer4.2.conv2.weight": {
    "max": 0.10167090594768524,
    "mean": 0.06521791517734528
  },
  "layer4.2.conv3.weight": {
    "max": 0.07326377183198929,
    "mean": 0.05118587304438863
  }
}