{
  "fc.bias": {
    "max": 0.14003829658031464,
    "mean": 0.08932969506297793
  },
  "fc.weight": {
    "max": 1.3173151016235352,
    "mean": 0.9338257636342729
  },
  "layer4.1.bn3.bias": {
    "max": 0.04584856703877449,
    "mean": 0.030201785159962517
  },
  "layer4.1.bn3.weight": {
    "max": 0.07206716388463974,
    "mean": 0.05030006117054394
  },
  "layer4.1.conv3.weight": {
    "max": 0.179854154586792,
    "mean": 0.12121989578008652
  },
  "layer4.2.bn1.bias": {
    "max": 0.05040941759943962,
    "mean": 0.03183688398982797
  },
  "layer4.2.bn1.weight": {
    "max": 0.06643765419721603,
    "mean": 0.04421847058194024
  },
  "layer4.2.bn2.bias": {
    "max": 0.03453720360994339,
    "mean": 0.02235943339765072
  },
  "layer4.2.bn2.weight": {
    "max": 0.04910324886441231,
    "mean": 0.03493082768150738
  },
  "layer4.2.bn3.bias": {
    "max": 0.03670976310968399,
    "mean": 0.02299873669232641
  },
  "layer4.2.bn3.weight": {
    "max": 0.059034816920757294,
    "mean": 0.041391720516341074
  },
  "layer4.2.conv1.weight": {
    "max": 0.19810746610164642,
    "mean": 0.13800500567470278
  },
  "layer4.2.conv2.weight": {
    "max": 0.09664417803287506,
    "mean": 0.06567331243838583
  },
  "layer4.2.conv3.weight": {
    "max": 0.0734209269285202,
    "mean": 0.053286406930003846
  }
}