{
  "fc.bias": {
    "max": 0.04601040109992027,
    "mean": 0.01576985276104616
  },
  "fc.weight": {
    "max": 0.6281089186668396,
    "mean": 0.20455965990466732
  },
  "layer4.1.bn3.bias": {
    "max": 0.04796389117836952,
    "mean": 0.013148484495468437
  },
  "layer4.1.bn3.weight": {
    "max": 0.0691431388258934,
    "mean": 0.022773854328053338
  },
  "layer4.1.conv3.weight": {
    "max": 0.14949828386306763,
    "mean": 0.0536159278159695
  },
  "layer4.2.bn1.bias": {
    "max": 0.056782547384500504,
    "mean": 0.0142237335909158
  },
  "layer4.2.bn1.weight": {
    "max": 0.06750944256782532,
    "mean": 0.020262728345447352
  },
  "layer4.2.bn2.bias": {
    "max": 0.03173629194498062,
    "mean": 0.008305095954399024
  },
  "layer4.2.bn2.weight": {
    "max": 0.045930977910757065,
    "mean": 0.013699485873803496
  },
  "layer4.2.bn3.bias": {
    "max": 0.021195542067289352,
    "mean": 0.006578743472761874
  },
  "layer4.2.bn3.weight": {
    "max": 0.03970637917518616,
    "mean": 0.012117414908217532
  },
  "layer4.2.conv1.weight": {
    "max": 0.18199914693832397,
    "mean": 0.06453468907358391
  },
  "layer4.2.conv2.weight": {
    "max": 0.08140435814857483,
    "mean": 0.025596911180764438
  },
  "layer4.2.conv3.weight": {
    "max": 0.06480435281991959,
    "mean": 0.01802105512470007
  }
}