{
  "fc.bias": {
    "max": 0.039012398570775986,
    "mean": 0.009686970241766955
  },
  "fc.weight": {
    "max": 0.4095781147480011,
    "mean": 0.12240992265620403
  },
  "layer4.1.bn3.bias": {
    "max": 0.046160273253917694,
    "mean": 0.009881011696000185
  },
  "layer4.1.bn3.weight": {
    "max": 0.06659586727619171,
    "mean": 0.01594638679110046
  },
  "layer4.1.conv3.weight": {
    "max": 0.1486234813928604,
    "mean": 0.03541244783970927
  },
  "layer4.2.bn1.bias": {
    "max": 0.05904364213347435,
    "mean": 0.010672997442140644
  },
  "layer4.2.bn1.weight": {
    "max": 0.0683305636048317,
    "mean": 0.014473732241562435
  },
  "layer4.2.bn2.bias": {
    "max": 0.02162901498377323,
    "mean": 0.00566663011642439
  },
  "layer4.2.bn2.weight": {
    "max": 0.030050184577703476,
    "mean": 0.008981043060443231
  },
  "layer4.2.bn3.bias": {
    "max": 0.016513537615537643,
    "mean": 0.0044011450821666845
  },
  "layer4.2.bn3.weight": {
    "max": 0.02805831842124462,
    "mean": 0.00787568219737815
  },
  "layer4.2.conv1.weight": {
    "max": 0.16958124935626984,
    "mean": 0.043009705588753736
  },
  "layer4.2.conv2.weight": {
    "max": 0.06945212930440903,
    "mean": 0.017393377213738858
  },
  "layer4.2.conv3.weight": {
    "max": 0.043227069079875946,
    "mean": 0.011912804506053882
  }
}