{
  "fc.bias": {
    "max": 0.03861762955784798,
    "mean": 0.015442993338885052
  },
  "fc.weight": {
    "max": 0.5168756246566772,
    "mean": 0.1919459795313222
  },
  "layer4.1.bn3.bias": {
    "max": 0.0299970880150795,
    "mean": 0.01185607501704778
  },
  "layer4.1.bn3.weight": {
    "max": 0.053525377064943314,
    "mean": 0.020237676200589964
  },
  "layer4.1.conv3.weight": {
    "max": 0.1370248943567276,
    "mean": 0.048015430782522475
  },
  "layer4.2.bn1.bias": {
    "max": 0.03562439978122711,
    "mean": 0.012997509173250625
  },
  "layer4.2.bn1.weight": {
    "max": 0.04583805426955223,
    "mean": 0.018012962343969516
  },
  "layer4.2.bn2.bias": {
    "max": 0.01758180558681488,
    "mean": 0.007481478221182313
  },
  "layer4.2.bn2.weight": {
    "max": 0.029441513121128082,
    "mean": 0.012241609993257694
  },
  "layer4.2.bn3.bias": {
    "max": 0.015175871551036835,
    "mean": 0.006154044172061341
  },
  "layer4.2.bn3.weight": {
    "max": 0.028105657547712326,
    "mean": 0.011193976311811378
  },
  "layer4.2.conv1.weight": {
    "max": 0.14844577014446259,
    "mean": 0.05743496636194842
  },
  "layer4.2.conv2.weight": {
    "max": 0.05789509415626526,
    "mean": 0.02321802864649466
  },
  "layer4.2.conv3.weight": {
    "max": 0.04221583530306816,
    "mean": 0.016318577208689282
  }
}