{
  "fc.bias": {
    "max": 0.07201696932315826,
    "mean": 0.029723705777100155
  },
  "fc.weight": {
    "max": 0.7210453748703003,
    "mean": 0.3431101394551141
  },
  "layer4.1.bn3.bias": {
    "max": 0.05502251535654068,
    "mean": 0.018576041901750225
  },
  "layer4.1.bn3.weight": {
    "max": 0.08917815238237381,
    "mean": 0.03150443926985775
  },
  "layer4.1.conv3.weight": {
    "max": 0.20250949263572693,
    "mean": 0.07492452849234854
  },
  "layer4.2.bn1.bias": {
    "max": 0.07204330712556839,
    "mean": 0.020311875654650587
  },
  "layer4.2.bn1.weight": {
    "max": 0.0867830216884613,
    "mean": 0.027748635464480944
  },
  "layer4.2.bn2.bias": {
    "max": 0.03214650973677635,
    "mean": 0.012204906989687256
  },
  "layer4.2.bn2.weight": {
    "max": 0.0503828227519989,
    "mean": 0.019884386472404002
  },
  "layer4.2.bn3.bias": {
    "max": 0.026006687432527542,
    "mean": 0.010812428899641548
  },
  "layer4.2.bn3.weight": {
    "max": 0.044946376234292984,
    "mean": 0.019357955296124732
  },
  "layer4.2.conv1.weight": {
    "max": 0.21516627073287964,
    "mean": 0.08870041487472398
  },
  "layer4.2.conv2.weight": {
    "max": 0.09032644331455231,
    "mean": 0.036880856858832495
  },
  "layer4.2.conv3.weight": {
    "max": 0.05638297274708748,
    "mean": 0.02671653026981013
  }
}