{
  "fc.bias": {
    "max": 0.23169559240341187,
    "mean": 0.18221383265086583
  },
  "fc.weight": {
    "max": 1.49323570728302,
    "mean": 1.0992214935166496
  },
  "layer4.1.bn3.bias": {
    "max": 0.019463924691081047,
    "mean": 0.01315518543124199
  },
  "layer4.1.bn3.weight": {
    "max": 0.03112339787185192,
    "mean": 0.019935274576502186
  },
  "layer4.1.conv3.weight": {
    "max": 0.10446358472108841,
    "mean": 0.05715908264475209
  },
  "layer4.2.bn1.bias": {
    "max": 0.02264666184782982,
    "mean": 0.012142481082784278
  },
  "layer4.2.bn1.weight": {
    "max": 0.030285296961665154,
    "mean": 0.017682157842708487
  },
  "layer4.2.bn2.bias": {
    "max": 0.0229805875569582,
    "mean": 0.013259765771882875
  },
  "layer4.2.bn2.weight": {
    "max": 0.02735826000571251,
    "mean": 0.017088631181312458
  },
  "layer4.2.bn3.bias": {
    "max": 0.024386217817664146,
    "mean": 0.015645401046744414
  },
  "layer4.2.bn3.weight": {
    "max": 0.03786058351397514,
    "mean": 0.0232005504359092
  },
  "layer4.2.conv1.weight": {
    "max": 0.08229252696037292,
    "mean": 0.056015366102967944
  },
  "layer4.2.conv2.weight": {
    "max": 0.05938716232776642,
    "mean": 0.040752262249588965
  },
  "layer4.2.conv3.weight": {
    "max": 0.042527273297309875,
    "mean": 0.0323682751506567
  }
}