{
  "fc.bias": {
    "max": 0.18163055181503296,
    "mean": 0.11973216916833605
  },
  "fc.weight": {
    "max": 1.8020111322402954,
    "mean": 1.2107760667800904
  },
  "layer4.1.bn3.bias": {
    "max": 0.046980589628219604,
    "mean": 0.031194002607039042
  },
  "layer4.1.bn3.weight": {
    "max": 0.07631704956293106,
    "mean": 0.05048978828958103
  },
  "layer4.1.conv3.weight": {
    "max": 0.19144363701343536,
    "mean": 0.122210964347635
  },
  "layer4.2.bn1.bias": {
    "max": 0.04979724436998367,
    "mean": 0.03213887395603316
  },
  "layer4.2.bn1.weight": {
    "max": 0.06591904163360596,
    "mean": 0.044097215575831274
  },
  "layer4.2.bn2.bias": {
    "max": 0.03927275165915489,
    "mean": 0.02503735992525305
  },
  "layer4.2.bn2.weight": {
    "max": 0.05733634904026985,
    "mean": 0.03760888219944068
  },
  "layer4.2.bn3.bias": {
    "max": 0.037155985832214355,
    "mean": 0.028142828600747245
  },
  "layer4.2.bn3.weight": {
    "max": 0.06433317065238953,
    "mean": 0.05031392553022929
  },
  "layer4.2.conv1.weight": {
    "max": 0.21163435280323029,
    "mean": 0.13595418014696667
  },
  "layer4.2.conv2.weight": {
    "max": 0.10409413278102875,
    "mean": 0.07100296435611589
  },
  "layer4.2.conv3.weight": {
    "max": 0.0789654403924942,
    "mean": 0.060082292131015236
  }
}