{
  "fc.bias": {
    "max": 0.08572311699390411,
    "mean": 0.05159658012645585
  },
  "fc.weight": {
    "max": 0.9488919973373413,
    "mean": 0.5934711124215807
  },
  "layer4.1.bn3.bias": {
    "max": 0.044263388961553574,
    "mean": 0.025949421471783092
  },
  "layer4.1.bn3.weight": {
    "max": 0.07284753769636154,
    "mean": 0.0443624773727996
  },
  "layer4.1.conv3.weight": {
    "max": 0.18565283715724945,
    "mean": 0.1064732687813895
  },
  "layer4.2.bn1.bias": {
    "max": 0.04457338526844978,
    "mean": 0.027439049099172864
  },
  "layer4.2.bn1.weight": {
    "max": 0.06527533382177353,
    "mean": 0.039181841271264214
  },
  "layer4.2.bn2.bias": {
    "max": 0.028877468779683113,
    "mean": 0.017967612988182478
  },
  "layer4.2.bn2.weight": {
    "max": 0.0440521277487278,
    "mean": 0.029099240047591072
  },
  "layer4.2.bn3.bias": {
    "max": 0.03280413895845413,
    "mean": 0.01656453415219273
  },
  "layer4.2.bn3.weight": {
    "max": 0.051214441657066345,
    "mean": 0.029886147486312048
  },
  "layer4.2.conv1.weight": {
    "max": 0.21754951775074005,
    "mean": 0.12412541615111487
  },
  "layer4.2.conv2.weight": {
    "max": 0.09625202417373657,
    "mean": 0.0546335440661226
  },
  "layer4.2.conv3.weight": {
    "max": 0.06769656389951706,
    "mean": 0.04103362884904657
  }
}