{
  "fc.bias": {
    "max": 0.03428003564476967,
    "mean": 0.007822283477123295
  },
  "fc.weight": {
    "max": 0.4619772732257843,
    "mean": 0.10616592873952219
  },
  "layer4.1.bn3.bias": {
    "max": 0.0624014213681221,
    "mean": 0.009666200193376946
  },
  "layer4.1.bn3.weight": {
    "max": 0.08581364154815674,
    "mean": 0.015768031622948393
  },
  "layer4.1.conv3.weight": {
    "max": 0.1811550408601761,
    "mean": 0.03509232194295951
  },
  "layer4.2.bn1.bias": {
    "max": 0.08224129676818848,
    "mean": 0.011077597333184842
  },
  "layer4.2.bn1.weight": {
    "max": 0.08980963379144669,
    "mean": 0.014400393158263925
  },
  "layer4.2.bn2.bias": {
    "max": 0.02781868539750576,
    "mean": 0.005516822531353683
  },
  "layer4.2.bn2.weight": {
    "max": 0.04685504734516144,
    "mean": 0.008575360575092159
  },
  "layer4.2.bn3.bias": {
    "max": 0.017188765108585358,
    "mean": 0.003714066693126889
  },
  "layer4.2.bn3.weight": {
    "max": 0.03207162022590637,
    "mean": 0.006752471589217228
  },
  "layer4.2.conv1.weight": {
    "max": 0.21609258651733398,
    "mean": 0.041998916997441224
  },
  "layer4.2.conv2.weight": {
    "max": 0.08224556595087051,
    "mean": 0.016609817527101507
  },
  "layer4.2.conv3.weight": {
    "max": 0.05697570741176605,
    "mean": 0.01144060305419511
  }
}