{
  "fc.bias": {
    "max": 0.06463678926229477,
    "mean": 0.014815912109666637
  },
  "fc.weight": {
    "max": 0.6630365252494812,
    "mean": 0.18167293603931153
  },
  "layer4.1.bn3.bias": {
    "max": 0.050986457616090775,
    "mean": 0.012854086328297853
  },
  "layer4.1.bn3.weight": {
    "max": 0.07874743640422821,
    "mean": 0.021478719570274862
  },
  "layer4.1.conv3.weight": {
    "max": 0.17519088089466095,
    "mean": 0.04963153927986111
  },
  "layer4.2.bn1.bias": {
    "max": 0.055913735181093216,
    "mean": 0.014098064940688866
  },
  "layer4.2.bn1.weight": {
    "max": 0.07149985432624817,
    "mean": 0.01920446524662631
  },
  "layer4.2.bn2.bias": {
    "max": 0.03136008605360985,
    "mean": 0.007795377684357975
  },
  "layer4.2.bn2.weight": {
    "max": 0.045904211699962616,
    "mean": 0.01275748785452119
  },
  "layer4.2.bn3.bias": {
    "max": 0.025916757062077522,
    "mean": 0.0061371038435027005
  },
  "layer4.2.bn3.weight": {
    "max": 0.04281891882419586,
    "mean": 0.010899340680667332
  },
  "layer4.2.conv1.weight": {
    "max": 0.20348577201366425,
    "mean": 0.05932727309742144
  },
  "layer4.2.conv2.weight": {
    "max": 0.08446744829416275,
    "mean": 0.02387559444510511
  },
  "layer4.2.conv3.weight": {
    "max": 0.0613597072660923,
    "mean": 0.016609295344512377
  }
}