{
  "fc.bias": {
    "max": 0.037310563027858734,
    "mean": 0.008653984198878919
  },
  "fc.weight": {
    "max": 0.5870246887207031,
    "mean": 0.11661508173814841
  },
  "layer4.1.bn3.bias": {
    "max": 0.04347176104784012,
    "mean": 0.008805518873435047
  },
  "layer4.1.bn3.weight": {
    "max": 0.0791855975985527,
    "mean": 0.014944572407486183
  },
  "layer4.1.conv3.weight": {
    "max": 0.20806099474430084,
    "mean": 0.036095756332256965
  },
  "layer4.2.bn1.bias": {
    "max": 0.03773391619324684,
    "mean": 0.009224050538614392
  },
  "layer4.2.bn1.weight": {
    "max": 0.060897160321474075,
    "mean": 0.012655458206843053
  },
  "layer4.2.bn2.bias": {
    "max": 0.023861156776547432,
    "mean": 0.005178856240984585
  },
  "layer4.2.bn2.weight": {
    "max": 0.05299673601984978,
    "mean": 0.008801084580565138
  },
  "layer4.2.bn3.bias": {
    "max": 0.01860208250582218,
    "mean": 0.0038945917272940277
  },
  "layer4.2.bn3.weight": {
    "max": 0.03502102941274643,
    "mean": 0.007103674662565547
  },
  "layer4.2.conv1.weight": {
    "max": 0.2623404562473297,
    "mean": 0.04419571842466082
  },
  "layer4.2.conv2.weight": {
    "max": 0.08900980651378632,
    "mean": 0.016524306066068157
  },
  "layer4.2.conv3.weight": {
    "max": 0.06143313646316528,
    "mean": 0.011318235545020018
  }
}