{
  "fc.bias": {
    "max": 0.06380275636911392,
    "mean": 0.02092694028147629
  },
  "fc.weight": {
    "max": 0.7287172675132751,
    "mean": 0.2619251764246396
  },
  "layer4.1.bn3.bias": {
    "max": 0.05653546750545502,
    "mean": 0.016808835011241693
  },
  "layer4.1.bn3.weight": {
    "max": 0.07444384694099426,
    "mean": 0.02827311156849776
  },
  "layer4.1.conv3.weight": {
    "max": 0.17286387085914612,
    "mean": 0.06760870346001216
  },
  "layer4.2.bn1.bias": {
    "max": 0.06393685936927795,
    "mean": 0.017727273616141508
  },
  "layer4.2.bn1.weight": {
    "max": 0.0849587619304657,
    "mean": 0.024763927276113203
  },
  "layer4.2.bn2.bias": {
    "max": 0.031998053193092346,
    "mean": 0.010177544397967203
  },
  "layer4.2.bn2.weight": {
    "max": 0.04678799584507942,
    "mean": 0.01669913192412683
  },
  "layer4.2.bn3.bias": {
    "max": 0.02493431605398655,
    "mean": 0.00811186748822885
  },
  "layer4.2.bn3.weight": {
    "max": 0.04044511914253235,
    "mean": 0.014755710573600872
  },
  "layer4.2.conv1.weight": {
    "max": 0.2080996036529541,
    "mean": 0.07888278178870678
  },
  "layer4.2.conv2.weight": {
    "max": 0.0931171402335167,
    "mean": 0.03193241743636983
  },
  "layer4.2.conv3.weight": {
    "max": 0.061232563108205795,
    "mean": 0.022278760147414037
  }
}