{
  "fc.bias": {
    "max": 0.06443355232477188,
    "mean": 0.009166636712450002
  },
  "fc.weight": {
    "max": 0.8495882749557495,
    "mean": 0.1011429862631485
  },
  "layer4.0.bn1.bias": {
    "max": 0.11823060363531113,
    "mean": 0.009678870923089562
  },
  "layer4.0.bn1.weight": {
    "max": 0.18690088391304016,
    "mean": 0.017183264795333213
  },
  "layer4.0.bn2.bias": {
    "max": 0.04234803840517998,
    "mean": 0.003587860448574897
  },
  "layer4.0.bn2.weight": {
    "max": 0.050154540687799454,
    "mean": 0.005204775552140615
  },
  "layer4.0.bn3.bias": {
    "max": 0.10094102472066879,
    "mean": 0.007844422593916534
  },
  "layer4.0.bn3.weight": {
    "max": 0.16944774985313416,
    "mean": 0.01430579554268791
  },
  "layer4.0.conv1.weight": {
    "max": 0.4210394024848938,
    "mean": 0.0410346073486809
  },
  "layer4.0.conv2.weight": {
    "max": 0.18727342784404755,
    "mean": 0.021016985052265225
  },
  "layer4.0.conv3.weight": {
    "max": 0.2311812788248062,
    "mean": 0.025699765931266095
  },
  "layer4.0.downsample.0.weight": {
    "max": 0.30373573303222656,
    "mean": 0.02803876282539152
  },
  "layer4.0.downsample.1.bias": {
    "max": 0.10094102472066879,
    "mean": 0.007844422593916534
  },
  "layer4.0.downsample.1.weight": {
    "max": 0.16771967709064484,
    "mean": 0.013238416381645947
  },
  "layer4.1.bn1.bias": {
    "max": 0.04425010085105896,
    "mean": 0.0044178139651194215
  },
  "layer4.1.bn1.weight": {
    "max": 0.05734091252088547,
    "mean": 0.006328312104118855
  },
  "layer4.1.bn2.bias": {
    "max": 0.04975195974111557,
    "mean": 0.004795271943782739
  },
  "layer4.1.bn2.weight": {
    "max": 0.0687931478023529,
    "mean": 0.007632719686392063
  },
  "layer4.1.bn3.bias": {
    "max": 0.08837216347455978,
    "mean": 0.0067928946954322915
  },
  "layer4.1.bn3.weight": {
    "max": 0.1237494945526123,
    "mean": 0.010808680501941125
  },
  "layer4.1.conv1.weight": {
    "max": 0.22734303772449493,
    "mean": 0.026580146037158556
  },
  "layer4.1.conv2.weight": {
    "max": 0.12946359813213348,
    "mean": 0.015477578600777114
  },
  "layer4.1.conv3.weight": {
    "max": 0.16845926642417908,
    "mean": 0.017766096170817036
  },
  "layer4.2.bn1.bias": {
    "max": 0.10420317202806473,
    "mean": 0.007143603484582855
  },
  "layer4.2.bn1.weight": {
    "max": 0.1162860244512558,
    "mean": 0.010278546117478981
  },
  "layer4.2.bn2.bias": {
    "max": 0.07971464097499847,
    "mean": 0.005733001849813653
  },
  "layer4.2.bn2.weight": {
    "max": 0.10554399341344833,
    "mean": 0.007427269816253102
  },
  "layer4.2.bn3.bias": {
    "max": 0.055311210453510284,
    "mean": 0.00553667961168685
  },
  "layer4.2.bn3.weight": {
    "max": 0.08749180287122726,
    "mean": 0.008032093069965152
  },
  "layer4.2.conv1.weight": {
    "max": 0.25554436445236206,
    "mean": 0.025481978484146697
  },
  "layer4.2.conv2.weight": {
    "max": 0.13835395872592926,
    "mean": 0.012261798369124464
  },
  "layer4.2.conv3.weight": {
    "max": 0.1143612265586853,
    "mean": 0.011069225660508632
  }
}