{
  "fc.bias": {
    "max": 0.10316931456327438,
    "mean": 0.04186222813225218
  },
  "fc.weight": {
    "max": 1.4957313537597656,
    "mean": 0.5857568976495947
  },
  "layer4.0.bn1.bias": {
    "max": 0.09154185652732849,
    "mean": 0.02472259045179401
  },
  "layer4.0.bn1.weight": {
    "max": 0.13479942083358765,
    "mean": 0.042436341636681134
  },
  "layer4.0.bn2.bias": {
    "max": 0.027431074529886246,
    "mean": 0.01023771201193865
  },
  "layer4.0.bn2.weight": {
    "max": 0.033973630517721176,
    "mean": 0.014809031472541392
  },
  "layer4.0.bn3.bias": {
    "max": 0.06689569354057312,
    "mean": 0.022886317212666783
  },
  "layer4.0.bn3.weight": {
    "max": 0.1090056449174881,
    "mean": 0.04090001542786403
  },
  "layer4.0.conv1.weight": {
    "max": 0.30466654896736145,
    "mean": 0.10743036970496178
  },
  "layer4.0.conv2.weight": {
    "max": 0.15652614831924438,
    "mean": 0.0662929701219712
  },
  "layer4.0.conv3.weight": {
    "max": 0.20739594101905823,
    "mean": 0.08471168992242643
  },
  "layer4.0.downsample.0.weight": {
    "max": 0.1999434232711792,
    "mean": 0.0861814914084971
  },
  "layer4.0.downsample.1.bias": {
    "max": 0.06689569354057312,
    "mean": 0.022886317212666783
  },
  "layer4.0.downsample.1.weight": {
    "max": 0.10060319304466248,
    "mean": 0.03656037730963103
  },
  "layer4.1.bn1.bias": {
    "max": 0.04236462712287903,
    "mean": 0.01617336617716189
  },
  "layer4.1.bn1.weight": {
    "max": 0.058140095323324203,
    "mean": 0.022936558817247196
  },
  "layer4.1.bn2.bias": {
    "max": 0.03989320993423462,
    "mean": 0.0159187310348664
  },
  "layer4.1.bn2.weight": {
    "max": 0.06398472934961319,
    "mean": 0.02694192895931857
  },
  "layer4.1.bn3.bias": {
    "max": 0.05154462158679962,
    "mean": 0.01922071703709662
  },
  "layer4.1.bn3.weight": {
    "max": 0.10016775876283646,
    "mean": 0.03769116878376475
  },
  "layer4.1.conv1.weight": {
    "max": 0.2675733268260956,
    "mean": 0.10433085007859128
  },
  "layer4.1.conv2.weight": {
    "max": 0.16124917566776276,
    "mean": 0.0654124317557684
  },
  "layer4.1.conv3.weight": {
    "max": 0.19237889349460602,
    "mean": 0.0773734354573701
  },
  "layer4.2.bn1.bias": {
    "max": 0.06543994694948196,
    "mean": 0.022077859604864247
  },
  "layer4.2.bn1.weight": {
    "max": 0.09288612008094788,
    "mean": 0.034029785839042495
  },
  "layer4.2.bn2.bias": {
    "max": 0.04538476839661598,
    "mean": 0.016565474909730257
  },
  "layer4.2.bn2.weight": {
    "max": 0.0675550252199173,
    "mean": 0.02535964410752058
  },
  "layer4.2.bn3.bias": {
    "max": 0.037426140159368515,
    "mean": 0.013009263203213257
  },
  "layer4.2.bn3.weight": {
    "max": 0.06625506281852722,
    "mean": 0.02361706555022725
  },
  "layer4.2.conv1.weight": {
    "max": 0.2441135048866272,
    "mean": 0.10215439859245505
  },
  "layer4.2.conv2.weight": {
    "max": 0.14246705174446106,
    "mean": 0.047452711283362335
  },
  "layer4.2.conv3.weight": {
    "max": 0.10692886263132095,
    "mean": 0.03897797224510993
  }
}