{
  "fc.bias": {
    "max": 0.07582483440637589,
    "mean": 0.023630769460661602
  },
  "fc.weight": {
    "max": 1.1596835851669312,
    "mean": 0.337578060105443
  },
  "layer4.0.bn1.bias": {
    "max": 0.08758934587240219,
    "mean": 0.018330921564317707
  },
  "layer4.0.bn1.weight": {
    "max": 0.12631118297576904,
    "mean": 0.03163806737467115
  },
  "layer4.0.bn2.bias": {
    "max": 0.02842751145362854,
    "mean": 0.007718255155403832
  },
  "layer4.0.bn2.weight": {
    "max": 0.040569890290498734,
    "mean": 0.01107947445058796
  },
  "layer4.0.bn3.bias": {
    "max": 0.07639893144369125,
    "mean": 0.016756967188224996
  },
  "layer4.0.bn3.weight": {
    "max": 0.11230038851499557,
    "mean": 0.029957142078118133
  },
  "layer4.0.conv1.weight": {
    "max": 0.2913617491722107,
    "mean": 0.08194466181498553
  },
  "layer4.0.conv2.weight": {
    "max": 0.17349524796009064,
    "mean": 0.049640551457580714
  },
  "layer4.0.conv3.weight": {
    "max": 0.2170436829328537,
    "mean": 0.0633455392432266
  },
  "layer4.0.downsample.0.weight": {
    "max": 0.2389221340417862,
    "mean": 0.065112170068148
  },
  "layer4.0.downsample.1.bias": {
    "max": 0.07639893144369125,
    "mean": 0.016756967188224996
  },
  "layer4.0.downsample.1.weight": {
    "max": 0.12868931889533997,
    "mean": 0.02697509401777227
  },
  "layer4.1.bn1.bias": {
    "max": 0.059136275202035904,
    "mean": 0.01183064649280693
  },
  "layer4.1.bn1.weight": {
    "max": 0.08461499214172363,
    "mean": 0.016673177373096613
  },
  "layer4.1.bn2.bias": {
    "max": 0.049951862543821335,
    "mean": 0.011652387996769643
  },
  "layer4.1.bn2.weight": {
    "max": 0.07900682091712952,
    "mean": 0.01959105649214637
  },
  "layer4.1.bn3.bias": {
    "max": 0.050991129130125046,
    "mean": 0.013606598675417315
  },
  "layer4.1.bn3.weight": {
    "max": 0.10030440986156464,
    "mean": 0.026465067069179244
  },
  "layer4.1.conv1.weight": {
    "max": 0.3208774924278259,
    "mean": 0.07742739542520471
  },
  "layer4.1.conv2.weight": {
    "max": 0.1945517659187317,
    "mean": 0.0473312213986979
  },
  "layer4.1.conv3.weight": {
    "max": 0.21030086278915405,
    "mean": 0.05457800731462027
  },
  "layer4.2.bn1.bias": {
    "max": 0.06239388883113861,
    "mean": 0.015919108219344967
  },
  "layer4.2.bn1.weight": {
    "max": 0.09103984385728836,
    "mean": 0.024505754319086137
  },
  "layer4.2.bn2.bias": {
    "max": 0.045214466750621796,
    "mean": 0.011561005216125133
  },
  "layer4.2.bn2.weight": {
    "max": 0.06553336977958679,
    "mean": 0.0174781984614674
  },
  "layer4.2.bn3.bias": {
    "max": 0.028979184105992317,
    "mean": 0.008740480393836542
  },
  "layer4.2.bn3.weight": {
    "max": 0.05394306033849716,
    "mean": 0.01571024341791469
  },
  "layer4.2.conv1.weight": {
    "max": 0.2697366774082184,
    "mean": 0.07289603886593665
  },
  "layer4.2.conv2.weight": {
    "max": 0.14227628707885742,
    "mean": 0.032441570779109107
  },
  "layer4.2.conv3.weight": {
    "max": 0.10174190998077393,
    "mean": 0.025920853685986782
  }
}