{
  "fc.bias": {
    "max": 0.16542033851146698,
    "mean": 0.06203322331820216
  },
  "fc.weight": {
    "max": 1.9504733085632324,
    "mean": 0.8556411712510246
  },
  "layer4.0.bn1.bias": {
    "max": 0.05861895903944969,
    "mean": 0.027181083426943847
  },
  "layer4.0.bn1.weight": {
    "max": 0.09598539769649506,
    "mean": 0.047370099797844886
  },
  "layer4.0.bn2.bias": {
    "max": 0.024832986295223236,
    "mean": 0.011751239438142096
  },
  "layer4.0.bn2.weight": {
    "max": 0.03968672826886177,
    "mean": 0.017040285665009702
  },
  "layer4.0.bn3.bias": {
    "max": 0.05887635797262192,
    "mean": 0.026581853718629905
  },
  "layer4.0.bn3.weight": {
    "max": 0.0996699407696724,
    "mean": 0.04757052580160754
  },
  "layer4.0.conv1.weight": {
    "max": 0.2407536804676056,
    "mean": 0.12261499617780958
  },
  "layer4.0.conv2.weight": {
    "max": 0.1651063859462738,
    "mean": 0.07709418590579714
  },
  "layer4.0.conv3.weight": {
    "max": 0.20851227641105652,
    "mean": 0.09844151452183723
  },
  "layer4.0.downsample.0.weight": {
    "max": 0.1996026486158371,
    "mean": 0.10082397901586124
  },
  "layer4.0.downsample.1.bias": {
    "max": 0.05887635797262192,
    "mean": 0.026581853718629905
  },
  "layer4.0.downsample.1.weight": {
    "max": 0.09118178486824036,
    "mean": 0.042576773198587554
  },
  "layer4.1.bn1.bias": {
    "max": 0.04350332170724869,
    "mean": 0.01873058814023222
  },
  "layer4.1.bn1.weight": {
    "max": 0.05763298273086548,
    "mean": 0.026667770264404162
  },
  "layer4.1.bn2.bias": {
    "max": 0.03780987858772278,
    "mean": 0.018520952119891132
  },
  "layer4.1.bn2.weight": {
    "max": 0.06837968528270721,
    "mean": 0.03207293802074024
  },
  "layer4.1.bn3.bias": {
    "max": 0.050708405673503876,
    "mean": 0.023297535819666725
  },
  "layer4.1.bn3.weight": {
    "max": 0.1055905893445015,
    "mean": 0.04649749023041555
  },
  "layer4.1.conv1.weight": {
    "max": 0.25449520349502563,
    "mean": 0.12153212917702538
  },
  "layer4.1.conv2.weight": {
    "max": 0.15721161663532257,
    "mean": 0.07794610572712762
  },
  "layer4.1.conv3.weight": {
    "max": 0.19042237102985382,
    "mean": 0.09387424751051834
  },
  "layer4.2.bn1.bias": {
    "max": 0.05662580579519272,
    "mean": 0.026320867290986434
  },
  "layer4.2.bn1.weight": {
    "max": 0.08247072249650955,
    "mean": 0.04131971709962402
  },
  "layer4.2.bn2.bias": {
    "max": 0.046725280582904816,
    "mean": 0.02044127918247666
  },
  "layer4.2.bn2.weight": {
    "max": 0.06690981239080429,
    "mean": 0.03150404445294823
  },
  "layer4.2.bn3.bias": {
    "max": 0.037465665489435196,
    "mean": 0.016894647753132243
  },
  "layer4.2.bn3.weight": {
    "max": 0.06851603090763092,
    "mean": 0.030701039412191936
  },
  "layer4.2.conv1.weight": {
    "max": 0.25322118401527405,
    "mean": 0.12570710305656704
  },
  "layer4.2.conv2.weight": {
    "max": 0.11965618282556534,
    "mean": 0.059348574663911545
  },
  "layer4.2.conv3.weight": {
    "max": 0.09960906952619553,
    "mean": 0.049111041692750795
  }
}