{
  "fc.bias": {
    "max": 0.06603515148162842,
    "mean": 0.009397739739173891
  },
  "fc.weight": {
    "max": 0.8081755638122559,
    "mean": 0.11657825847821576
  },
  "layer4.0.bn1.bias": {
    "max": 0.07218388468027115,
    "mean": 0.010341588244232949
  },
  "layer4.0.bn1.weight": {
    "max": 0.13723666965961456,
    "mean": 0.01824274904244313
  },
  "layer4.0.bn2.bias": {
    "max": 0.030172260478138924,
    "mean": 0.004138438697024997
  },
  "layer4.0.bn2.weight": {
    "max": 0.0542466901242733,
    "mean": 0.006179694059641666
  },
  "layer4.0.bn3.bias": {
    "max": 0.05786805599927902,
    "mean": 0.008555799207346613
  },
  "layer4.0.bn3.weight": {
    "max": 0.119015172123909,
    "mean": 0.015549801291906208
  },
  "layer4.0.conv1.weight": {
    "max": 0.35289546847343445,
    "mean": 0.045845028630823695
  },
  "layer4.0.conv2.weight": {
    "max": 0.2262219339609146,
    "mean": 0.02633829713374975
  },
  "layer4.0.conv3.weight": {
    "max": 0.281818687915802,
    "mean": 0.03249886038679896
  },
  "layer4.0.downsample.0.weight": {
    "max": 0.293472021818161,
    "mean": 0.03377229463009696
  },
  "layer4.0.downsample.1.bias": {
    "max": 0.05786805599927902,
    "mean": 0.008555799207346613
  },
  "layer4.0.downsample.1.weight": {
    "max": 0.09951814264059067,
    "mean": 0.014118296082846687
  },
  "layer4.1.bn1.bias": {
    "max": 0.03966870158910751,
    "mean": 0.0054614109535136126
  },
  "layer4.1.bn1.weight": {
    "max": 0.07746613770723343,
    "mean": 0.007969980053853111
  },
  "layer4.1.bn2.bias": {
    "max": 0.04224710538983345,
    "mean": 0.005837365946229381
  },
  "layer4.1.bn2.weight": {
    "max": 0.08426172286272049,
    "mean": 0.009467081700983856
  },
  "layer4.1.bn3.bias": {
    "max": 0.04717421159148216,
    "mean": 0.007154357732485681
  },
  "layer4.1.bn3.weight": {
    "max": 0.10056432336568832,
    "mean": 0.01280794494186661
  },
  "layer4.1.conv1.weight": {
    "max": 0.34722989797592163,
    "mean": 0.03603924622559654
  },
  "layer4.1.conv2.weight": {
    "max": 0.19104717671871185,
    "mean": 0.021054113619611597
  },
  "layer4.1.conv3.weight": {
    "max": 0.19664713740348816,
    "mean": 0.022972260034210715
  },
  "layer4.2.bn1.bias": {
    "max": 0.055946189910173416,
    "mean": 0.00799259534111895
  },
  "layer4.2.bn1.weight": {
    "max": 0.10981469601392746,
    "mean": 0.012007215212090938
  },
  "layer4.2.bn2.bias": {
    "max": 0.0399697981774807,
    "mean": 0.005953156586807121
  },
  "layer4.2.bn2.weight": {
    "max": 0.07632133364677429,
    "mean": 0.00825423213699001
  },
  "layer4.2.bn3.bias": {
    "max": 0.030653201043605804,
    "mean": 0.004919093035298699
  },
  "layer4.2.bn3.weight": {
    "max": 0.05109870061278343,
    "mean": 0.007950694349295061
  },
  "layer4.2.conv1.weight": {
    "max": 0.27690795063972473,
    "mean": 0.032352472156801794
  },
  "layer4.2.conv2.weight": {
    "max": 0.1226193979382515,
    "mean": 0.014287604728597216
  },
  "layer4.2.conv3.weight": {
    "max": 0.0920015498995781,
    "mean": 0.011553241936365208
  }
}