{
  "fc.bias": {
    "max": 0.07645077258348465,
    "mean": 0.0172629069474559
  },
  "fc.weight": {
    "max": 0.9749397039413452,
    "mean": 0.23894863041649972
  },
  "layer4.0.bn1.bias": {
    "max": 0.10852903127670288,
    "mean": 0.017347646007131387
  },
  "layer4.0.bn1.weight": {
    "max": 0.19992214441299438,
    "mean": 0.029873467183705153
  },
  "layer4.0.bn2.bias": {
    "max": 0.03408895805478096,
    "mean": 0.006760485427761783
  },
  "layer4.0.bn2.weight": {
    "max": 0.05657569319009781,
    "mean": 0.009672601011781289
  },
  "layer4.0.bn3.bias": {
    "max": 0.0761173814535141,
    "mean": 0.014610351280966175
  },
  "layer4.0.bn3.weight": {
    "max": 0.15786342322826385,
    "mean": 0.026100294748321175
  },
  "layer4.0.conv1.weight": {
    "max": 0.43410560488700867,
    "mean": 0.07357829832205814
  },
  "layer4.0.conv2.weight": {
    "max": 0.2177169770002365,
    "mean": 0.04135702371114998
  },
  "layer4.0.conv3.weight": {
    "max": 0.27284884452819824,
    "mean": 0.05236549009036805
  },
  "layer4.0.downsample.0.weight": {
    "max": 0.25785088539123535,
    "mean": 0.05484810811999653
  },
  "layer4.0.downsample.1.bias": {
    "max": 0.0761173814535141,
    "mean": 0.014610351280966175
  },
  "layer4.0.downsample.1.weight": {
    "max": 0.11894620209932327,
    "mean": 0.023621559248422273
  },
  "layer4.1.bn1.bias": {
    "max": 0.049392055720090866,
    "mean": 0.009649821337994321
  },
  "layer4.1.bn1.weight": {
    "max": 0.07247766107320786,
    "mean": 0.013483405186894483
  },
  "layer4.1.bn2.bias": {
    "max": 0.05002574995160103,
    "mean": 0.00976839232320864
  },
  "layer4.1.bn2.weight": {
    "max": 0.08938637375831604,
    "mean": 0.01587478470231872
  },
  "layer4.1.bn3.bias": {
    "max": 0.05336879938840866,
    "mean": 0.011868140986521862
  },
  "layer4.1.bn3.weight": {
    "max": 0.10523240268230438,
    "mean": 0.021683023756902134
  },
  "layer4.1.conv1.weight": {
    "max": 0.3362392485141754,
    "mean": 0.061860585634130986
  },
  "layer4.1.conv2.weight": {
    "max": 0.1803150177001953,
    "mean": 0.03721449899869705
  },
  "layer4.1.conv3.weight": {
    "max": 0.19995105266571045,
    "mean": 0.042349331820982376
  },
  "layer4.2.bn1.bias": {
    "max": 0.07660366594791412,
    "mean": 0.013579909728058347
  },
  "layer4.2.bn1.weight": {
    "max": 0.10711859911680222,
    "mean": 0.01993754366504228
  },
  "layer4.2.bn2.bias": {
    "max": 0.05834896117448807,
    "mean": 0.010264540370387425
  },
  "layer4.2.bn2.weight": {
    "max": 0.08149246871471405,
    "mean": 0.014231736935242744
  },
  "layer4.2.bn3.bias": {
    "max": 0.03813202679157257,
    "mean": 0.007730144355529254
  },
  "layer4.2.bn3.weight": {
    "max": 0.05839156731963158,
    "mean": 0.013230249476868527
  },
  "layer4.2.conv1.weight": {
    "max": 0.2963239252567291,
    "mean": 0.05721611073240638
  },
  "layer4.2.conv2.weight": {
    "max": 0.13609685003757477,
    "mean": 0.025958854994969444
  },
  "layer4.2.conv3.weight": {
    "max": 0.10644268989562988,
    "mean": 0.021118836733429427
  }
}