{
  "fc.bias": {
    "max": 0.06731755286455154,
    "mean": 0.00923874316599852
  },
  "fc.weight": {
    "max": 0.7641268968582153,
    "mean": 0.12474763253105006
  },
  "layer4.0.bn1.bias": {
    "max": 0.07199843227863312,
    "mean": 0.009394106841271942
  },
  "layer4.0.bn1.weight": {
    "max": 0.12201399356126785,
    "mean": 0.016059990352784683
  },
  "layer4.0.bn2.bias": {
    "max": 0.02477106638252735,
    "mean": 0.00358020955005486
  },
  "layer4.0.bn2.weight": {
    "max": 0.03522597625851631,
    "mean": 0.005215763061195113
  },
  "layer4.0.bn3.bias": {
    "max": 0.05259723961353302,
    "mean": 0.0077832706430178535
  },
  "layer4.0.bn3.weight": {
    "max": 0.0917259231209755,
    "mean": 0.01365771045825178
  },
  "layer4.0.conv1.weight": {
    "max": 0.2400418072938919,
    "mean": 0.03929214661658209
  },
  "layer4.0.conv2.weight": {
    "max": 0.1466507464647293,
    "mean": 0.02214317543773047
  },
  "layer4.0.conv3.weight": {
    "max": 0.18839526176452637,
    "mean": 0.02767786414179552
  },
  "layer4.0.downsample.0.weight": {
    "max": 0.20542743802070618,
    "mean": 0.02980503230596826
  },
  "layer4.0.downsample.1.bias": {
    "max": 0.05259723961353302,
    "mean": 0.0077832706430178535
  },
  "layer4.0.downsample.1.weight": {
    "max": 0.08157598972320557,
    "mean": 0.012584255307280858
  },
  "layer4.1.bn1.bias": {
    "max": 0.034361131489276886,
    "mean": 0.004997503013562112
  },
  "layer4.1.bn1.weight": {
    "max": 0.04697816073894501,
    "mean": 0.006976689495287636
  },
  "layer4.1.bn2.bias": {
    "max": 0.0348549522459507,
    "mean": 0.005015331611606858
  },
  "layer4.1.bn2.weight": {
    "max": 0.05366143584251404,
    "mean": 0.00817093495300339
  },
  "layer4.1.bn3.bias": {
    "max": 0.03839496523141861,
    "mean": 0.0063021911719988565
  },
  "layer4.1.bn3.weight": {
    "max": 0.07428047806024551,
    "mean": 0.011287051871518737
  },
  "layer4.1.conv1.weight": {
    "max": 0.208745539188385,
    "mean": 0.031429947539498765
  },
  "layer4.1.conv2.weight": {
    "max": 0.11751026660203934,
    "mean": 0.01884233586240693
  },
  "layer4.1.conv3.weight": {
    "max": 0.13243702054023743,
    "mean": 0.021199254806768816
  },
  "layer4.2.bn1.bias": {
    "max": 0.051972612738609314,
    "mean": 0.0071962005980562285
  },
  "layer4.2.bn1.weight": {
    "max": 0.07787340134382248,
    "mean": 0.01049539393583213
  },
  "layer4.2.bn2.bias": {
    "max": 0.0349743589758873,
    "mean": 0.0054314922321022354
  },
  "layer4.2.bn2.weight": {
    "max": 0.06011833995580673,
    "mean": 0.007413493095290115
  },
  "layer4.2.bn3.bias": {
    "max": 0.03291824832558632,
    "mean": 0.004387418467917347
  },
  "layer4.2.bn3.weight": {
    "max": 0.05021300166845322,
    "mean": 0.007304061602002808
  },
  "layer4.2.conv1.weight": {
    "max": 0.176034078001976,
    "mean": 0.02887516904173286
  },
  "layer4.2.conv2.weight": {
    "max": 0.07964806258678436,
    "mean": 0.013014600468034456
  },
  "layer4.2.conv3.weight": {
    "max": 0.06984056532382965,
    "mean": 0.011246912934792427
  }
}