{
  "fc.bias": {
    "max": 0.07949350774288177,
    "mean": 0.01843739114435656
  },
  "fc.weight": {
    "max": 1.2078649997711182,
    "mean": 0.2658238007287894
  },
  "layer4.0.bn1.bias": {
    "max": 0.0769137367606163,
    "mean": 0.01564965388737619
  },
  "layer4.0.bn1.weight": {
    "max": 0.12459466606378555,
    "mean": 0.027039809984021952
  },
  "layer4.0.bn2.bias": {
    "max": 0.02959543652832508,
    "mean": 0.006493896305245081
  },
  "layer4.0.bn2.weight": {
    "max": 0.041730087250471115,
    "mean": 0.009405306977569125
  },
  "layer4.0.bn3.bias": {
    "max": 0.05466887727379799,
    "mean": 0.013927203533904893
  },
  "layer4.0.bn3.weight": {
    "max": 0.10981211066246033,
    "mean": 0.025038352188920338
  },
  "layer4.0.conv1.weight": {
    "max": 0.29924508929252625,
    "mean": 0.06869188704927053
  },
  "layer4.0.conv2.weight": {
    "max": 0.18090006709098816,
    "mean": 0.0417533645047141
  },
  "layer4.0.conv3.weight": {
    "max": 0.23723916709423065,
    "mean": 0.052644451508032424
  },
  "layer4.0.downsample.0.weight": {
    "max": 0.2294231504201889,
    "mean": 0.053614890057859674
  },
  "layer4.0.downsample.1.bias": {
    "max": 0.05466887727379799,
    "mean": 0.013927203533904893
  },
  "layer4.0.downsample.1.weight": {
    "max": 0.09218226373195648,
    "mean": 0.022531130314871136
  },
  "layer4.1.bn1.bias": {
    "max": 0.041545651853084564,
    "mean": 0.009621700242028705
  },
  "layer4.1.bn1.weight": {
    "max": 0.06706061214208603,
    "mean": 0.013714813531509468
  },
  "layer4.1.bn2.bias": {
    "max": 0.03860953822731972,
    "mean": 0.00960186108306516
  },
  "layer4.1.bn2.weight": {
    "max": 0.08340372145175934,
    "mean": 0.01578140326027226
  },
  "layer4.1.bn3.bias": {
    "max": 0.0430632121860981,
    "mean": 0.011455443061588863
  },
  "layer4.1.bn3.weight": {
    "max": 0.09557968378067017,
    "mean": 0.021858709424933686
  },
  "layer4.1.conv1.weight": {
    "max": 0.3171428442001343,
    "mean": 0.06341886173201991
  },
  "layer4.1.conv2.weight": {
    "max": 0.16984346508979797,
    "mean": 0.038757209212386186
  },
  "layer4.1.conv3.weight": {
    "max": 0.20671439170837402,
    "mean": 0.04426083673656519
  },
  "layer4.2.bn1.bias": {
    "max": 0.05183575674891472,
    "mean": 0.01329262610092493
  },
  "layer4.2.bn1.weight": {
    "max": 0.10236258804798126,
    "mean": 0.02017849381913298
  },
  "layer4.2.bn2.bias": {
    "max": 0.04320785775780678,
    "mean": 0.009911296536946402
  },
  "layer4.2.bn2.weight": {
    "max": 0.08870061486959457,
    "mean": 0.014958122107699248
  },
  "layer4.2.bn3.bias": {
    "max": 0.03463102504611015,
    "mean": 0.0075484478977575365
  },
  "layer4.2.bn3.weight": {
    "max": 0.06293991953134537,
    "mean": 0.013457909158065117
  },
  "layer4.2.conv1.weight": {
    "max": 0.3118469715118408,
    "mean": 0.05964149834455124
  },
  "layer4.2.conv2.weight": {
    "max": 0.17574647068977356,
    "mean": 0.027273257170537753
  },
  "layer4.2.conv3.weight": {
    "max": 0.11781466752290726,
    "mean": 0.021877640003804117
  }
}