{
  "fc.bias": {
    "max": 0.07851066440343857,
    "mean": 0.008308797534846235
  },
  "fc.weight": {
    "max": 0.8579056262969971,
    "mean": 0.09913215740018391
  },
  "layer4.0.bn1.bias": {
    "max": 0.06969265639781952,
    "mean": 0.008671418068895166
  },
  "layer4.0.bn1.weight": {
    "max": 0.11609532684087753,
    "mean": 0.01534091765875928
  },
  "layer4.0.bn2.bias": {
    "max": 0.02864355593919754,
    "mean": 0.003429360258846178
  },
  "layer4.0.bn2.weight": {
    "max": 0.04040245711803436,
    "mean": 0.005095323979746484
  },
  "layer4.0.bn3.bias": {
    "max": 0.052417270839214325,
    "mean": 0.0070867146139478015
  },
  "layer4.0.bn3.weight": {
    "max": 0.09485285729169846,
    "mean": 0.012978707800606832
  },
  "layer4.0.conv1.weight": {
    "max": 0.29000478982925415,
    "mean": 0.03811249140246738
  },
  "layer4.0.conv2.weight": {
    "max": 0.18470777571201324,
    "mean": 0.021611049776381282
  },
  "layer4.0.conv3.weight": {
    "max": 0.21890850365161896,
    "mean": 0.026460415883131125
  },
  "layer4.0.downsample.0.weight": {
    "max": 0.22854936122894287,
    "mean": 0.028023710646250817
  },
  "layer4.0.downsample.1.bias": {
    "max": 0.052417270839214325,
    "mean": 0.0070867146139478015
  },
  "layer4.0.downsample.1.weight": {
    "max": 0.09385558217763901,
    "mean": 0.011877357223836173
  },
  "layer4.1.bn1.bias": {
    "max": 0.035984598100185394,
    "mean": 0.0043815816212216824
  },
  "layer4.1.bn1.weight": {
    "max": 0.0522591657936573,
    "mean": 0.0063341009572260585
  },
  "layer4.1.bn2.bias": {
    "max": 0.035340964794158936,
    "mean": 0.004718616266712031
  },
  "layer4.1.bn2.weight": {
    "max": 0.053464315831661224,
    "mean": 0.007484358995633166
  },
  "layer4.1.bn3.bias": {
    "max": 0.0506388396024704,
    "mean": 0.006177927427447035
  },
  "layer4.1.bn3.weight": {
    "max": 0.09063427150249481,
    "mean": 0.01070453785902438
  },
  "layer4.1.conv1.weight": {
    "max": 0.24113555252552032,
    "mean": 0.028788809037775667
  },
  "layer4.1.conv2.weight": {
    "max": 0.15114367008209229,
    "mean": 0.01741363073166992
  },
  "layer4.1.conv3.weight": {
    "max": 0.15080606937408447,
    "mean": 0.018973147942576492
  },
  "layer4.2.bn1.bias": {
    "max": 0.056265588849782944,
    "mean": 0.006731634241722142
  },
  "layer4.2.bn1.weight": {
    "max": 0.08239103853702545,
    "mean": 0.00986712930397646
  },
  "layer4.2.bn2.bias": {
    "max": 0.04187476262450218,
    "mean": 0.0051722566520142465
  },
  "layer4.2.bn2.weight": {
    "max": 0.05100120231509209,
    "mean": 0.0070320777716031966
  },
  "layer4.2.bn3.bias": {
    "max": 0.04243065044283867,
    "mean": 0.004406612004833213
  },
  "layer4.2.bn3.weight": {
    "max": 0.06874023377895355,
    "mean": 0.007102184336503602
  },
  "layer4.2.conv1.weight": {
    "max": 0.22504638135433197,
    "mean": 0.02743710030419087
  },
  "layer4.2.conv2.weight": {
    "max": 0.10133467614650726,
    "mean": 0.012381705066197485
  },
  "layer4.2.conv3.weight": {
    "max": 0.07525082677602768,
    "mean": 0.010031730361370138
  }
}