{
  "fc.bias": {
    "max": 0.06937535852193832,
    "mean": 0.012641229478592452
  },
  "fc.weight": {
    "max": 0.8808887004852295,
    "mean": 0.16529659851986384
  },
  "layer4.0.bn1.bias": {
    "max": 0.09350502490997314,
    "mean": 0.01315975801329062
  },
  "layer4.0.bn1.weight": {
    "max": 0.15327292680740356,
    "mean": 0.022991151035364185
  },
  "layer4.0.bn2.bias": {
    "max": 0.03270496428012848,
    "mean": 0.005183631949060198
  },
  "layer4.0.bn2.weight": {
    "max": 0.048266906291246414,
    "mean": 0.007686354731267784
  },
  "layer4.0.bn3.bias": {
    "max": 0.08219341933727264,
    "mean": 0.010842352647450752
  },
  "layer4.0.bn3.weight": {
    "max": 0.15972739458084106,
    "mean": 0.019496657071119573
  },
  "layer4.0.conv1.weight": {
    "max": 0.3666853904724121,
    "mean": 0.057731114473925635
  },
  "layer4.0.conv2.weight": {
    "max": 0.22783908247947693,
    "mean": 0.033075908971118874
  },
  "layer4.0.conv3.weight": {
    "max": 0.2706699073314667,
    "mean": 0.04040000157879799
  },
  "layer4.0.downsample.0.weight": {
    "max": 0.3377229571342468,
    "mean": 0.042637324650838436
  },
  "layer4.0.downsample.1.bias": {
    "max": 0.08219341933727264,
    "mean": 0.010842352647450752
  },
  "layer4.0.downsample.1.weight": {
    "max": 0.14256030321121216,
    "mean": 0.01801489869964176
  },
  "layer4.1.bn1.bias": {
    "max": 0.0461481548845768,
    "mean": 0.007022497698947388
  },
  "layer4.1.bn1.weight": {
    "max": 0.07405907660722733,
    "mean": 0.01014820145721647
  },
  "layer4.1.bn2.bias": {
    "max": 0.04273374378681183,
    "mean": 0.007348846703576523
  },
  "layer4.1.bn2.weight": {
    "max": 0.07952536642551422,
    "mean": 0.012284686491974364
  },
  "layer4.1.bn3.bias": {
    "max": 0.05988088250160217,
    "mean": 0.009086246809207036
  },
  "layer4.1.bn3.weight": {
    "max": 0.1127314567565918,
    "mean": 0.016547137865813317
  },
  "layer4.1.conv1.weight": {
    "max": 0.299623042345047,
    "mean": 0.04601977782922664
  },
  "layer4.1.conv2.weight": {
    "max": 0.19004209339618683,
    "mean": 0.02765392021824872
  },
  "layer4.1.conv3.weight": {
    "max": 0.2229992151260376,
    "mean": 0.03089625135779248
  },
  "layer4.2.bn1.bias": {
    "max": 0.07437079399824142,
    "mean": 0.009999704321463859
  },
  "layer4.2.bn1.weight": {
    "max": 0.10913792252540588,
    "mean": 0.01517036033228838
  },
  "layer4.2.bn2.bias": {
    "max": 0.04934946447610855,
    "mean": 0.007656343182232896
  },
  "layer4.2.bn2.weight": {
    "max": 0.0663934051990509,
    "mean": 0.010675574461430578
  },
  "layer4.2.bn3.bias": {
    "max": 0.035105619579553604,
    "mean": 0.006449118450857765
  },
  "layer4.2.bn3.weight": {
    "max": 0.05842253565788269,
    "mean": 0.010640206437674351
  },
  "layer4.2.conv1.weight": {
    "max": 0.28673437237739563,
    "mean": 0.04202714922072898
  },
  "layer4.2.conv2.weight": {
    "max": 0.12163329124450684,
    "mean": 0.019332090303401595
  },
  "layer4.2.conv3.weight": {
    "max": 0.0988512709736824,
    "mean": 0.015683521304745228
  }
}