{
  "fc.bias": {
    "max": 0.08743839710950851,
    "mean": 0.016705736300542152
  },
  "fc.weight": {
    "max": 1.5799826383590698,
    "mean": 0.24412107478561146
  },
  "layer4.0.bn1.bias": {
    "max": 0.10263261944055557,
    "mean": 0.01669275384246638
  },
  "layer4.0.bn1.weight": {
    "max": 0.18759892880916595,
    "mean": 0.03000910961035905
  },
  "layer4.0.bn2.bias": {
    "max": 0.03845486044883728,
    "mean": 0.006898441966706222
  },
  "layer4.0.bn2.weight": {
    "max": 0.0590759739279747,
    "mean": 0.01026273383800539
  },
  "layer4.0.bn3.bias": {
    "max": 0.07776722311973572,
    "mean": 0.014251463580543973
  },
  "layer4.0.bn3.weight": {
    "max": 0.14792709052562714,
    "mean": 0.026695893559870974
  },
  "layer4.0.conv1.weight": {
    "max": 0.4462283253669739,
    "mean": 0.0765130043069699
  },
  "layer4.0.conv2.weight": {
    "max": 0.270530104637146,
    "mean": 0.04512214740638488
  },
  "layer4.0.conv3.weight": {
    "max": 0.3273918926715851,
    "mean": 0.0562872480374894
  },
  "layer4.0.downsample.0.weight": {
    "max": 0.33364078402519226,
    "mean": 0.057045771227484304
  },
  "layer4.0.downsample.1.bias": {
    "max": 0.07776722311973572,
    "mean": 0.014251463580543973
  },
  "layer4.0.downsample.1.weight": {
    "max": 0.1472649872303009,
    "mean": 0.02374615400464141
  },
  "layer4.1.bn1.bias": {
    "max": 0.05340356007218361,
    "mean": 0.009771259434970229
  },
  "layer4.1.bn1.weight": {
    "max": 0.08752210438251495,
    "mean": 0.014543226477024811
  },
  "layer4.1.bn2.bias": {
    "max": 0.056219201534986496,
    "mean": 0.009973296944767104
  },
  "layer4.1.bn2.weight": {
    "max": 0.10262896865606308,
    "mean": 0.01684769557240153
  },
  "layer4.1.bn3.bias": {
    "max": 0.06495893746614456,
    "mean": 0.011710315658877205
  },
  "layer4.1.bn3.weight": {
    "max": 0.13780853152275085,
    "mean": 0.022623238451113657
  },
  "layer4.1.conv1.weight": {
    "max": 0.39732596278190613,
    "mean": 0.06602622791259949
  },
  "layer4.1.conv2.weight": {
    "max": 0.23482705652713776,
    "mean": 0.03920755016185077
  },
  "layer4.1.conv3.weight": {
    "max": 0.24681170284748077,
    "mean": 0.04437186413976763
  },
  "layer4.2.bn1.bias": {
    "max": 0.08222225308418274,
    "mean": 0.013724327340023592
  },
  "layer4.2.bn1.weight": {
    "max": 0.17672225832939148,
    "mean": 0.022529257347507936
  },
  "layer4.2.bn2.bias": {
    "max": 0.05801011249423027,
    "mean": 0.010275349920598923
  },
  "layer4.2.bn2.weight": {
    "max": 0.1159057542681694,
    "mean": 0.016059204062081073
  },
  "layer4.2.bn3.bias": {
    "max": 0.036848485469818115,
    "mean": 0.0074861084248238645
  },
  "layer4.2.bn3.weight": {
    "max": 0.07653442770242691,
    "mean": 0.013603505698930738
  },
  "layer4.2.conv1.weight": {
    "max": 0.4036622941493988,
    "mean": 0.06124304801824369
  },
  "layer4.2.conv2.weight": {
    "max": 0.16516534984111786,
    "mean": 0.027270029727036932
  },
  "layer4.2.conv3.weight": {
    "max": 0.12375339865684509,
    "mean": 0.02198550459712611
  }
}