{
  "fc.bias": {
    "max": 0.060282643884420395,
    "mean": 0.010840516016053568
  },
  "fc.weight": {
    "max": 0.7600862383842468,
    "mean": 0.14432077869573343
  },
  "layer4.0.bn1.bias": {
    "max": 0.0858415886759758,
    "mean": 0.012390432162875576
  },
  "layer4.0.bn1.weight": {
    "max": 0.14023934304714203,
    "mean": 0.02190475553631716
  },
  "layer4.0.bn2.bias": {
    "max": 0.035261087119579315,
    "mean": 0.004912349961190817
  },
  "layer4.0.bn2.weight": {
    "max": 0.04995713755488396,
    "mean": 0.007282097350689583
  },
  "layer4.0.bn3.bias": {
    "max": 0.07308179885149002,
    "mean": 0.010126917872486436
  },
  "layer4.0.bn3.weight": {
    "max": 0.14823761582374573,
    "mean": 0.01828290785941395
  },
  "layer4.0.conv1.weight": {
    "max": 0.3569142818450928,
    "mean": 0.054863557665043375
  },
  "layer4.0.conv2.weight": {
    "max": 0.19461947679519653,
    "mean": 0.03076788163220044
  },
  "layer4.0.conv3.weight": {
    "max": 0.2411525398492813,
    "mean": 0.03789057280286215
  },
  "layer4.0.downsample.0.weight": {
    "max": 0.2532379627227783,
    "mean": 0.04021386079182516
  },
  "layer4.0.downsample.1.bias": {
    "max": 0.07308179885149002,
    "mean": 0.010126917872486436
  },
  "layer4.0.downsample.1.weight": {
    "max": 0.11346673220396042,
    "mean": 0.016933193619188387
  },
  "layer4.1.bn1.bias": {
    "max": 0.05679132416844368,
    "mean": 0.006492937488801544
  },
  "layer4.1.bn1.weight": {
    "max": 0.08034131675958633,
    "mean": 0.009454832244768372
  },
  "layer4.1.bn2.bias": {
    "max": 0.04747100919485092,
    "mean": 0.006739883201225894
  },
  "layer4.1.bn2.weight": {
    "max": 0.08343697339296341,
    "mean": 0.011091785836407715
  },
  "layer4.1.bn3.bias": {
    "max": 0.05112438276410103,
    "mean": 0.008372471990546079
  },
  "layer4.1.bn3.weight": {
    "max": 0.1076054573059082,
    "mean": 0.014882558605625361
  },
  "layer4.1.conv1.weight": {
    "max": 0.3062005043029785,
    "mean": 0.04270984218148182
  },
  "layer4.1.conv2.weight": {
    "max": 0.1926475465297699,
    "mean": 0.025182985199997867
  },
  "layer4.1.conv3.weight": {
    "max": 0.2004980742931366,
    "mean": 0.028158648983891386
  },
  "layer4.2.bn1.bias": {
    "max": 0.061432380229234695,
    "mean": 0.009589180846690267
  },
  "layer4.2.bn1.weight": {
    "max": 0.08966135233640671,
    "mean": 0.01418916269629595
  },
  "layer4.2.bn2.bias": {
    "max": 0.042663756757974625,
    "mean": 0.0069963742325489875
  },
  "layer4.2.bn2.weight": {
    "max": 0.06842140853404999,
    "mean": 0.010024185980437323
  },
  "layer4.2.bn3.bias": {
    "max": 0.033725205808877945,
    "mean": 0.005750743691252345
  },
  "layer4.2.bn3.weight": {
    "max": 0.058138079941272736,
    "mean": 0.009638178549607152
  },
  "layer4.2.conv1.weight": {
    "max": 0.23934023082256317,
    "mean": 0.039303727265547164
  },
  "layer4.2.conv2.weight": {
    "max": 0.11529143899679184,
    "mean": 0.017507703566807323
  },
  "layer4.2.conv3.weight": {
    "max": 0.07787640392780304,
    "mean": 0.013871635909599717
  }
}