{
  "fc.bias": {
    "max": 0.08402078598737717,
    "mean": 0.009588639089607958
  },
  "fc.weight": {
    "max": 0.9958623051643372,
    "mean": 0.11282041022346155
  },
  "layer4.0.bn1.bias": {
    "max": 0.09107647091150284,
    "mean": 0.010070720169637103
  },
  "layer4.0.bn1.weight": {
    "max": 0.1755712628364563,
    "mean": 0.018474003749652183
  },
  "layer4.0.bn2.bias": {
    "max": 0.039386630058288574,
    "mean": 0.004142328448445239
  },
  "layer4.0.bn2.weight": {
    "max": 0.060201678425073624,
    "mean": 0.0063287775539772285
  },
  "layer4.0.bn3.bias": {
    "max": 0.0786670595407486,
    "mean": 0.008180539897777115
  },
  "layer4.0.bn3.weight": {
    "max": 0.15060459077358246,
    "mean": 0.015295449701256335
  },
  "layer4.0.conv1.weight": {
    "max": 0.49256134033203125,
    "mean": 0.04739518815021646
  },
  "layer4.0.conv2.weight": {
    "max": 0.2585461437702179,
    "mean": 0.0269463234192725
  },
  "layer4.0.conv3.weight": {
    "max": 0.2952113449573517,
    "mean": 0.032053000316310705
  },
  "layer4.0.downsample.0.weight": {
    "max": 0.3199451267719269,
    "mean": 0.03403329282189328
  },
  "layer4.0.downsample.1.bias": {
    "max": 0.0786670595407486,
    "mean": 0.008180539897777115
  },
  "layer4.0.downsample.1.weight": {
    "max": 0.13302409648895264,
    "mean": 0.013944777996101557
  },
  "layer4.1.bn1.bias": {
    "max": 0.06251486390829086,
    "mean": 0.005192576686388618
  },
  "layer4.1.bn1.weight": {
    "max": 0.09947124123573303,
    "mean": 0.007754540947911924
  },
  "layer4.1.bn2.bias": {
    "max": 0.06026076525449753,
    "mean": 0.005705929650030157
  },
  "layer4.1.bn2.weight": {
    "max": 0.10227499902248383,
    "mean": 0.009295908357915843
  },
  "layer4.1.bn3.bias": {
    "max": 0.07078005373477936,
    "mean": 0.00724066057579226
  },
  "layer4.1.bn3.weight": {
    "max": 0.1323358565568924,
    "mean": 0.01242035084365073
  },
  "layer4.1.conv1.weight": {
    "max": 0.3730241358280182,
    "mean": 0.034343693495289436
  },
  "layer4.1.conv2.weight": {
    "max": 0.1887100785970688,
    "mean": 0.020367997754625063
  },
  "layer4.1.conv3.weight": {
    "max": 0.18765094876289368,
    "mean": 0.021545871350276035
  },
  "layer4.2.bn1.bias": {
    "max": 0.07939457148313522,
    "mean": 0.007777034352742963
  },
  "layer4.2.bn1.weight": {
    "max": 0.1384042650461197,
    "mean": 0.011946236884151794
  },
  "layer4.2.bn2.bias": {
    "max": 0.049467455595731735,
    "mean": 0.00603220987898177
  },
  "layer4.2.bn2.weight": {
    "max": 0.07005263864994049,
    "mean": 0.008424841667074362
  },
  "layer4.2.bn3.bias": {
    "max": 0.048966847360134125,
    "mean": 0.005462892198237179
  },
  "layer4.2.bn3.weight": {
    "max": 0.08338505029678345,
    "mean": 0.00894542499250487
  },
  "layer4.2.conv1.weight": {
    "max": 0.290598064661026,
    "mean": 0.0313996022657167
  },
  "layer4.2.conv2.weight": {
    "max": 0.1324722021818161,
    "mean": 0.014484371470950594
  },
  "layer4.2.conv3.weight": {
    "max": 0.1071527749300003,
    "mean": 0.011825060085959974
  }
}