{
  "fc.bias": {
    "max": 0.07847147434949875,
    "mean": 0.01632784671133517
  },
  "fc.weight": {
    "max": 0.9216747283935547,
    "mean": 0.2200479677984757
  },
  "layer4.0.bn1.bias": {
    "max": 0.09537587314844131,
    "mean": 0.01607684276540697
  },
  "layer4.0.bn1.weight": {
    "max": 0.15874241292476654,
    "mean": 0.02745603513055747
  },
  "layer4.0.bn2.bias": {
    "max": 0.037582773715257645,
    "mean": 0.006619538935608164
  },
  "layer4.0.bn2.weight": {
    "max": 0.04974346607923508,
    "mean": 0.009615031725427667
  },
  "layer4.0.bn3.bias": {
    "max": 0.07713440805673599,
    "mean": 0.01408605267002713
  },
  "layer4.0.bn3.weight": {
    "max": 0.1252897083759308,
    "mean": 0.02505930046800391
  },
  "layer4.0.conv1.weight": {
    "max": 0.3775629699230194,
    "mean": 0.06936103698797524
  },
  "layer4.0.conv2.weight": {
    "max": 0.19980214536190033,
    "mean": 0.04163968306799818
  },
  "layer4.0.conv3.weight": {
    "max": 0.2506992518901825,
    "mean": 0.05239459206815809
  },
  "layer4.0.downsample.0.weight": {
    "max": 0.2604743540287018,
    "mean": 0.05309193617797324
  },
  "layer4.0.downsample.1.bias": {
    "max": 0.07713440805673599,
    "mean": 0.01408605267002713
  },
  "layer4.0.downsample.1.weight": {
    "max": 0.11869899183511734,
    "mean": 0.022455443310318516
  },
  "layer4.1.bn1.bias": {
    "max": 0.057573508471250534,
    "mean": 0.009771742486128849
  },
  "layer4.1.bn1.weight": {
    "max": 0.0723942294716835,
    "mean": 0.013505416751140729
  },
  "layer4.1.bn2.bias": {
    "max": 0.054658081382513046,
    "mean": 0.00968209458864294
  },
  "layer4.1.bn2.weight": {
    "max": 0.0798601284623146,
    "mean": 0.0156472884644089
  },
  "layer4.1.bn3.bias": {
    "max": 0.059663597494363785,
    "mean": 0.01126609867654874
  },
  "layer4.1.bn3.weight": {
    "max": 0.10599032044410706,
    "mean": 0.02080350863863714
  },
  "layer4.1.conv1.weight": {
    "max": 0.3086170256137848,
    "mean": 0.061051544511823784
  },
  "layer4.1.conv2.weight": {
    "max": 0.1796194463968277,
    "mean": 0.03656029220337846
  },
  "layer4.1.conv3.weight": {
    "max": 0.20759077370166779,
    "mean": 0.04154144353998293
  },
  "layer4.2.bn1.bias": {
    "max": 0.06785404682159424,
    "mean": 0.013284713655926421
  },
  "layer4.2.bn1.weight": {
    "max": 0.09801725298166275,
    "mean": 0.019317005158767903
  },
  "layer4.2.bn2.bias": {
    "max": 0.03803126886487007,
    "mean": 0.009516433325479738
  },
  "layer4.2.bn2.weight": {
    "max": 0.06202751025557518,
    "mean": 0.013438881432105388
  },
  "layer4.2.bn3.bias": {
    "max": 0.030118996277451515,
    "mean": 0.007127395704571557
  },
  "layer4.2.bn3.weight": {
    "max": 0.05109439790248871,
    "mean": 0.012427682166952374
  },
  "layer4.2.conv1.weight": {
    "max": 0.26975443959236145,
    "mean": 0.05474764289833339
  },
  "layer4.2.conv2.weight": {
    "max": 0.10495185106992722,
    "mean": 0.02433044276399804
  },
  "layer4.2.conv3.weight": {
    "max": 0.08323351293802261,
    "mean": 0.019214634310587175
  }
}