{
  "fc.bias": {
    "max": 0.08173331618309021,
    "mean": 0.012134631981856988
  },
  "fc.weight": {
    "max": 1.0330439805984497,
    "mean": 0.15027682902258155
  },
  "layer4.0.bn1.bias": {
    "max": 0.10882086306810379,
    "mean": 0.013574861704546493
  },
  "layer4.0.bn1.weight": {
    "max": 0.19743701815605164,
    "mean": 0.023882180828700906
  },
  "layer4.0.bn2.bias": {
    "max": 0.040986787527799606,
    "mean": 0.00520819937599299
  },
  "layer4.0.bn2.weight": {
    "max": 0.06107692793011665,
    "mean": 0.007697266554168891
  },
  "layer4.0.bn3.bias": {
    "max": 0.07510748505592346,
    "mean": 0.010735777490502058
  },
  "layer4.0.bn3.weight": {
    "max": 0.14668260514736176,
    "mean": 0.019316078829828515
  },
  "layer4.0.conv1.weight": {
    "max": 0.5018658638000488,
    "mean": 0.058701987438502586
  },
  "layer4.0.conv2.weight": {
    "max": 0.23707352578639984,
    "mean": 0.03186800689478072
  },
  "layer4.0.conv3.weight": {
    "max": 0.2940013110637665,
    "mean": 0.03887498164591047
  },
  "layer4.0.downsample.0.weight": {
    "max": 0.31297051906585693,
    "mean": 0.041153649201649906
  },
  "layer4.0.downsample.1.bias": {
    "max": 0.07510748505592346,
    "mean": 0.010735777490502058
  },
  "layer4.0.downsample.1.weight": {
    "max": 0.13608725368976593,
    "mean": 0.017976697482102153
  },
  "layer4.1.bn1.bias": {
    "max": 0.04893060028553009,
    "mean": 0.006750702600901215
  },
  "layer4.1.bn1.weight": {
    "max": 0.0747697651386261,
    "mean": 0.009854117939706027
  },
  "layer4.1.bn2.bias": {
    "max": 0.0502789132297039,
    "mean": 0.006956721542062171
  },
  "layer4.1.bn2.weight": {
    "max": 0.07985972613096237,
    "mean": 0.011345204740022641
  },
  "layer4.1.bn3.bias": {
    "max": 0.06041962653398514,
    "mean": 0.009015097188114721
  },
  "layer4.1.bn3.weight": {
    "max": 0.11086658388376236,
    "mean": 0.015763563560238773
  },
  "layer4.1.conv1.weight": {
    "max": 0.3143157660961151,
    "mean": 0.042654458513217315
  },
  "layer4.1.conv2.weight": {
    "max": 0.17381547391414642,
    "mean": 0.02520543811709753
  },
  "layer4.1.conv3.weight": {
    "max": 0.20907501876354218,
    "mean": 0.02800979694617646
  },
  "layer4.2.bn1.bias": {
    "max": 0.07097820192575455,
    "mean": 0.009968157947566527
  },
  "layer4.2.bn1.weight": {
    "max": 0.11141108721494675,
    "mean": 0.01494986336981778
  },
  "layer4.2.bn2.bias": {
    "max": 0.05673348531126976,
    "mean": 0.007614971818028217
  },
  "layer4.2.bn2.weight": {
    "max": 0.08470546454191208,
    "mean": 0.011021481366811452
  },
  "layer4.2.bn3.bias": {
    "max": 0.047911692410707474,
    "mean": 0.00654790757246831
  },
  "layer4.2.bn3.weight": {
    "max": 0.08593041449785233,
    "mean": 0.01081383092478583
  },
  "layer4.2.conv1.weight": {
    "max": 0.29689842462539673,
    "mean": 0.0395786293940286
  },
  "layer4.2.conv2.weight": {
    "max": 0.1528637558221817,
    "mean": 0.01898296753061004
  },
  "layer4.2.conv3.weight": {
    "max": 0.1265198439359665,
    "mean": 0.015362884814551633
  }
}