{
  "fc.bias": {
    "max": 0.07206764817237854,
    "mean": 0.021523002530115524
  },
  "fc.weight": {
    "max": 1.1880772113800049,
    "mean": 0.30442742185134974
  },
  "layer4.0.bn1.bias": {
    "max": 0.08275962620973587,
    "mean": 0.0204472771912281
  },
  "layer4.0.bn1.weight": {
    "max": 0.1302732229232788,
    "mean": 0.03493707522167824
  },
  "layer4.0.bn2.bias": {
    "max": 0.03312075510621071,
    "mean": 0.008358754503465857
  },
  "layer4.0.bn2.weight": {
    "max": 0.046576522290706635,
    "mean": 0.011869226626087246
  },
  "layer4.0.bn3.bias": {
    "max": 0.07277223467826843,
    "mean": 0.018037980252411216
  },
  "layer4.0.bn3.weight": {
    "max": 0.11603786796331406,
    "mean": 0.031691189088160175
  },
  "layer4.0.conv1.weight": {
    "max": 0.340508371591568,
    "mean": 0.08779142753221095
  },
  "layer4.0.conv2.weight": {
    "max": 0.20600725710391998,
    "mean": 0.05192156009010172
  },
  "layer4.0.conv3.weight": {
    "max": 0.2487189620733261,
    "mean": 0.06568368203472347
  },
  "layer4.0.downsample.0.weight": {
    "max": 0.26092541217803955,
    "mean": 0.0673599419293792
  },
  "layer4.0.downsample.1.bias": {
    "max": 0.07277223467826843,
    "mean": 0.018037980252411216
  },
  "layer4.0.downsample.1.weight": {
    "max": 0.10993169993162155,
    "mean": 0.028865894375901136
  },
  "layer4.1.bn1.bias": {
    "max": 0.05079415440559387,
    "mean": 0.012543796092421481
  },
  "layer4.1.bn1.weight": {
    "max": 0.06929178535938263,
    "mean": 0.017259421151164654
  },
  "layer4.1.bn2.bias": {
    "max": 0.04423325136303902,
    "mean": 0.012013447632115069
  },
  "layer4.1.bn2.weight": {
    "max": 0.0828322023153305,
    "mean": 0.019940378866823656
  },
  "layer4.1.bn3.bias": {
    "max": 0.0497705340385437,
    "mean": 0.01426692118743501
  },
  "layer4.1.bn3.weight": {
    "max": 0.10584667325019836,
    "mean": 0.027178015153622254
  },
  "layer4.1.conv1.weight": {
    "max": 0.322436660528183,
    "mean": 0.07818783851340413
  },
  "layer4.1.conv2.weight": {
    "max": 0.18053478002548218,
    "mean": 0.046253944158088416
  },
  "layer4.1.conv3.weight": {
    "max": 0.21050065755844116,
    "mean": 0.05325305975142068
  },
  "layer4.2.bn1.bias": {
    "max": 0.05804579332470894,
    "mean": 0.016540441429325644
  },
  "layer4.2.bn1.weight": {
    "max": 0.09585382044315338,
    "mean": 0.024804609112574587
  },
  "layer4.2.bn2.bias": {
    "max": 0.044764891266822815,
    "mean": 0.012186004214121826
  },
  "layer4.2.bn2.weight": {
    "max": 0.06726479530334473,
    "mean": 0.017308323051048707
  },
  "layer4.2.bn3.bias": {
    "max": 0.032707732170820236,
    "mean": 0.009181216895729968
  },
  "layer4.2.bn3.weight": {
    "max": 0.056202538311481476,
    "mean": 0.015977060867673053
  },
  "layer4.2.conv1.weight": {
    "max": 0.26454079151153564,
    "mean": 0.07055060976783611
  },
  "layer4.2.conv2.weight": {
    "max": 0.12688589096069336,
    "mean": 0.03171123674372211
  },
  "layer4.2.conv3.weight": {
    "max": 0.10211320966482162,
    "mean": 0.02553829790974435
  }
}