{
  "fc.bias": {
    "max": 0.0842212587594986,
    "mean": 0.014570102530498324
  },
  "fc.weight": {
    "max": 1.2945271730422974,
    "mean": 0.19022962603052812
  },
  "layer4.0.bn1.bias": {
    "max": 0.10388781875371933,
    "mean": 0.01442561270718995
  },
  "layer4.0.bn1.weight": {
    "max": 0.21443690359592438,
    "mean": 0.025815625584883883
  },
  "layer4.0.bn2.bias": {
    "max": 0.04131966829299927,
    "mean": 0.005800081189414154
  },
  "layer4.0.bn2.weight": {
    "max": 0.0635816901922226,
    "mean": 0.00861753565338274
  },
  "layer4.0.bn3.bias": {
    "max": 0.07934655249118805,
    "mean": 0.012100489273351351
  },
  "layer4.0.bn3.weight": {
    "max": 0.16675278544425964,
    "mean": 0.0222346608555277
  },
  "layer4.0.conv1.weight": {
    "max": 0.49801796674728394,
    "mean": 0.06503170225170574
  },
  "layer4.0.conv2.weight": {
    "max": 0.28317734599113464,
    "mean": 0.03761202258623338
  },
  "layer4.0.conv3.weight": {
    "max": 0.36460715532302856,
    "mean": 0.04589398514529291
  },
  "layer4.0.downsample.0.weight": {
    "max": 0.3305981457233429,
    "mean": 0.04800806199366759
  },
  "layer4.0.downsample.1.bias": {
    "max": 0.07934655249118805,
    "mean": 0.012100489273351351
  },
  "layer4.0.downsample.1.weight": {
    "max": 0.12817375361919403,
    "mean": 0.020133454331662505
  },
  "layer4.1.bn1.bias": {
    "max": 0.053514979779720306,
    "mean": 0.007989200095928807
  },
  "layer4.1.bn1.weight": {
    "max": 0.09522292017936707,
    "mean": 0.011795963569727194
  },
  "layer4.1.bn2.bias": {
    "max": 0.0562114417552948,
    "mean": 0.00829064056048602
  },
  "layer4.1.bn2.weight": {
    "max": 0.09695705026388168,
    "mean": 0.013765936853430633
  },
  "layer4.1.bn3.bias": {
    "max": 0.06271491944789886,
    "mean": 0.010061152575653978
  },
  "layer4.1.bn3.weight": {
    "max": 0.12029477953910828,
    "mean": 0.018480768370042953
  },
  "layer4.1.conv1.weight": {
    "max": 0.38747408986091614,
    "mean": 0.05289695796124371
  },
  "layer4.1.conv2.weight": {
    "max": 0.22887776792049408,
    "mean": 0.031636529344167295
  },
  "layer4.1.conv3.weight": {
    "max": 0.2557052671909332,
    "mean": 0.03519331570980804
  },
  "layer4.2.bn1.bias": {
    "max": 0.07404184341430664,
    "mean": 0.011200012843058046
  },
  "layer4.2.bn1.weight": {
    "max": 0.12312087416648865,
    "mean": 0.017157391177191
  },
  "layer4.2.bn2.bias": {
    "max": 0.06530971080064774,
    "mean": 0.008807215214390972
  },
  "layer4.2.bn2.weight": {
    "max": 0.10142884403467178,
    "mean": 0.0125860502548416
  },
  "layer4.2.bn3.bias": {
    "max": 0.043002936989068985,
    "mean": 0.00716199436158474
  },
  "layer4.2.bn3.weight": {
    "max": 0.08446770906448364,
    "mean": 0.012063264763315342
  },
  "layer4.2.conv1.weight": {
    "max": 0.34348559379577637,
    "mean": 0.04860334019775369
  },
  "layer4.2.conv2.weight": {
    "max": 0.1909501552581787,
    "mean": 0.0222758721630089
  },
  "layer4.2.conv3.weight": {
    "max": 0.13612739741802216,
    "mean": 0.01780946351820603
  }
}