{
  "fc.bias": {
    "max": 0.06810697168111801,
    "mean": 0.009690991159836163
  },
  "fc.weight": {
    "max": 0.8962475657463074,
    "mean": 0.13106307955990945
  },
  "layer4.0.bn1.bias": {
    "max": 0.10316118597984314,
    "mean": 0.009811843383566676
  },
  "layer4.0.bn1.weight": {
    "max": 0.181900292634964,
    "mean": 0.017050325554695777
  },
  "layer4.0.bn2.bias": {
    "max": 0.044355109333992004,
    "mean": 0.003873824617975125
  },
  "layer4.0.bn2.weight": {
    "max": 0.0652608722448349,
    "mean": 0.005634755721465419
  },
  "layer4.0.bn3.bias": {
    "max": 0.07738642394542694,
    "mean": 0.00818781573159088
  },
  "layer4.0.bn3.weight": {
    "max": 0.14220255613327026,
    "mean": 0.014807924367321123
  },
  "layer4.0.conv1.weight": {
    "max": 0.5358749032020569,
    "mean": 0.04356880394608847
  },
  "layer4.0.conv2.weight": {
    "max": 0.26028838753700256,
    "mean": 0.024567308524191114
  },
  "layer4.0.conv3.weight": {
    "max": 0.3558509349822998,
    "mean": 0.03056802402167315
  },
  "layer4.0.downsample.0.weight": {
    "max": 0.35482001304626465,
    "mean": 0.03227545279992877
  },
  "layer4.0.downsample.1.bias": {
    "max": 0.07738642394542694,
    "mean": 0.00818781573159088
  },
  "layer4.0.downsample.1.weight": {
    "max": 0.1347595602273941,
    "mean": 0.013582595170093035
  },
  "layer4.1.bn1.bias": {
    "max": 0.05598027631640434,
    "mean": 0.005262890450623153
  },
  "layer4.1.bn1.weight": {
    "max": 0.08672791719436646,
    "mean": 0.007604304045089521
  },
  "layer4.1.bn2.bias": {
    "max": 0.04783603176474571,
    "mean": 0.005426772439012503
  },
  "layer4.1.bn2.weight": {
    "max": 0.09012485295534134,
    "mean": 0.00893379671889956
  },
  "layer4.1.bn3.bias": {
    "max": 0.051455460488796234,
    "mean": 0.006783322303339706
  },
  "layer4.1.bn3.weight": {
    "max": 0.11005553603172302,
    "mean": 0.012387734050446722
  },
  "layer4.1.conv1.weight": {
    "max": 0.43222564458847046,
    "mean": 0.03536685011183311
  },
  "layer4.1.conv2.weight": {
    "max": 0.20026558637619019,
    "mean": 0.020811316624583145
  },
  "layer4.1.conv3.weight": {
    "max": 0.23470449447631836,
    "mean": 0.02384470294246317
  },
  "layer4.2.bn1.bias": {
    "max": 0.06043285131454468,
    "mean": 0.007848816521124848
  },
  "layer4.2.bn1.weight": {
    "max": 0.09754683077335358,
    "mean": 0.011774789971864916
  },
  "layer4.2.bn2.bias": {
    "max": 0.04312872514128685,
    "mean": 0.005735946650009802
  },
  "layer4.2.bn2.weight": {
    "max": 0.05567115917801857,
    "mean": 0.007864645240437573
  },
  "layer4.2.bn3.bias": {
    "max": 0.03358069062232971,
    "mean": 0.0044514917399543
  },
  "layer4.2.bn3.weight": {
    "max": 0.05772954225540161,
    "mean": 0.007501376564905513
  },
  "layer4.2.conv1.weight": {
    "max": 0.2887357175350189,
    "mean": 0.03201738230135691
  },
  "layer4.2.conv2.weight": {
    "max": 0.1037328764796257,
    "mean": 0.01416763715961549
  },
  "layer4.2.conv3.weight": {
    "max": 0.08280633389949799,
    "mean": 0.011671758764257122
  }
}