{
  "fc.bias": {
    "max": 0.053006988018751144,
    "mean": 0.008797023301303853
  },
  "fc.weight": {
    "max": 0.7082635164260864,
    "mean": 0.10598305365170485
  },
  "layer4.0.bn1.bias": {
    "max": 0.11996671557426453,
    "mean": 0.010002900824308329
  },
  "layer4.0.bn1.weight": {
    "max": 0.20118650794029236,
    "mean": 0.017281574367495653
  },
  "layer4.0.bn2.bias": {
    "max": 0.040124040096998215,
    "mean": 0.003809986621521862
  },
  "layer4.0.bn2.weight": {
    "max": 0.06217072531580925,
    "mean": 0.0055572836624924096
  },
  "layer4.0.bn3.bias": {
    "max": 0.0749860405921936,
    "mean": 0.007987677346141676
  },
  "layer4.0.bn3.weight": {
    "max": 0.16099968552589417,
    "mean": 0.014460770036842275
  },
  "layer4.0.conv1.weight": {
    "max": 0.4922029674053192,
    "mean": 0.04274419335997663
  },
  "layer4.0.conv2.weight": {
    "max": 0.2333160936832428,
    "mean": 0.022838217187589698
  },
  "layer4.0.conv3.weight": {
    "max": 0.32120847702026367,
    "mean": 0.028285098439997197
  },
  "layer4.0.downsample.0.weight": {
    "max": 0.29685598611831665,
    "mean": 0.030852759625829226
  },
  "layer4.0.downsample.1.bias": {
    "max": 0.0749860405921936,
    "mean": 0.007987677346141676
  },
  "layer4.0.downsample.1.weight": {
    "max": 0.12173028290271759,
    "mean": 0.013231944605150993
  },
  "layer4.1.bn1.bias": {
    "max": 0.051300741732120514,
    "mean": 0.004874495017782985
  },
  "layer4.1.bn1.weight": {
    "max": 0.0750250592827797,
    "mean": 0.006843514544161735
  },
  "layer4.1.bn2.bias": {
    "max": 0.04490971937775612,
    "mean": 0.005173636547302262
  },
  "layer4.1.bn2.weight": {
    "max": 0.08076393604278564,
    "mean": 0.008214175903225884
  },
  "layer4.1.bn3.bias": {
    "max": 0.05305669829249382,
    "mean": 0.006629047856341848
  },
  "layer4.1.bn3.weight": {
    "max": 0.09971153736114502,
    "mean": 0.011172157684174766
  },
  "layer4.1.conv1.weight": {
    "max": 0.3366676867008209,
    "mean": 0.0308328140582723
  },
  "layer4.1.conv2.weight": {
    "max": 0.1685912311077118,
    "mean": 0.017682769098028076
  },
  "layer4.1.conv3.weight": {
    "max": 0.1940292865037918,
    "mean": 0.019604675599340614
  },
  "layer4.2.bn1.bias": {
    "max": 0.056568972766399384,
    "mean": 0.0074847238084060205
  },
  "layer4.2.bn1.weight": {
    "max": 0.09904277324676514,
    "mean": 0.010588244848269304
  },
  "layer4.2.bn2.bias": {
    "max": 0.041877880692481995,
    "mean": 0.005721450178617878
  },
  "layer4.2.bn2.weight": {
    "max": 0.067625030875206,
    "mean": 0.007472375359544198
  },
  "layer4.2.bn3.bias": {
    "max": 0.030015738680958748,
    "mean": 0.004652938385469107
  },
  "layer4.2.bn3.weight": {
    "max": 0.048966288566589355,
    "mean": 0.00734926986661906
  },
  "layer4.2.conv1.weight": {
    "max": 0.2597275674343109,
    "mean": 0.027582728418721152
  },
  "layer4.2.conv2.weight": {
    "max": 0.0916028544306755,
    "mean": 0.01248967510082626
  },
  "layer4.2.conv3.weight": {
    "max": 0.07676775008440018,
    "mean": 0.010608373394851307
  }
}