{
  "fc.bias": {
    "max": 0.05050889775156975,
    "mean": 0.01115167271636892
  },
  "fc.weight": {
    "max": 0.7822620868682861,
    "mean": 0.15114694674632378
  },
  "layer4.0.bn1.bias": {
    "max": 0.07814327627420425,
    "mean": 0.010624477901396208
  },
  "layer4.0.bn1.weight": {
    "max": 0.15792348980903625,
    "mean": 0.019008954828521902
  },
  "layer4.0.bn2.bias": {
    "max": 0.035045038908720016,
    "mean": 0.00434752418973533
  },
  "layer4.0.bn2.weight": {
    "max": 0.04601000249385834,
    "mean": 0.0062939671467341085
  },
  "layer4.0.bn3.bias": {
    "max": 0.05809509754180908,
    "mean": 0.00896669558261887
  },
  "layer4.0.bn3.weight": {
    "max": 0.11489982157945633,
    "mean": 0.01647575872667533
  },
  "layer4.0.conv1.weight": {
    "max": 0.40375372767448425,
    "mean": 0.04856789793287005
  },
  "layer4.0.conv2.weight": {
    "max": 0.20014670491218567,
    "mean": 0.027921438430702047
  },
  "layer4.0.conv3.weight": {
    "max": 0.30333611369132996,
    "mean": 0.034797579370871454
  },
  "layer4.0.downsample.0.weight": {
    "max": 0.32379844784736633,
    "mean": 0.03646141068544239
  },
  "layer4.0.downsample.1.bias": {
    "max": 0.05809509754180908,
    "mean": 0.00896669558261887
  },
  "layer4.0.downsample.1.weight": {
    "max": 0.11747059226036072,
    "mean": 0.015088148620728005
  },
  "layer4.1.bn1.bias": {
    "max": 0.03690044954419136,
    "mean": 0.005933256005061724
  },
  "layer4.1.bn1.weight": {
    "max": 0.06553059816360474,
    "mean": 0.008639810938995131
  },
  "layer4.1.bn2.bias": {
    "max": 0.03884394094347954,
    "mean": 0.006123642225076245
  },
  "layer4.1.bn2.weight": {
    "max": 0.06377842277288437,
    "mean": 0.010205126301734709
  },
  "layer4.1.bn3.bias": {
    "max": 0.04416126012802124,
    "mean": 0.007356148193399089
  },
  "layer4.1.bn3.weight": {
    "max": 0.08173281699419022,
    "mean": 0.013722289167427725
  },
  "layer4.1.conv1.weight": {
    "max": 0.30947089195251465,
    "mean": 0.04006918443450039
  },
  "layer4.1.conv2.weight": {
    "max": 0.1797313690185547,
    "mean": 0.02402352200006135
  },
  "layer4.1.conv3.weight": {
    "max": 0.2082366794347763,
    "mean": 0.02699815416209666
  },
  "layer4.2.bn1.bias": {
    "max": 0.058995380997657776,
    "mean": 0.008593337000721867
  },
  "layer4.2.bn1.weight": {
    "max": 0.09622783213853836,
    "mean": 0.013423473229881243
  },
  "layer4.2.bn2.bias": {
    "max": 0.03368542715907097,
    "mean": 0.0064283178350056655
  },
  "layer4.2.bn2.weight": {
    "max": 0.0509318970143795,
    "mean": 0.009276179024600423
  },
  "layer4.2.bn3.bias": {
    "max": 0.025245949625968933,
    "mean": 0.0049576162675761485
  },
  "layer4.2.bn3.weight": {
    "max": 0.04044453427195549,
    "mean": 0.008506186342565343
  },
  "layer4.2.conv1.weight": {
    "max": 0.29536011815071106,
    "mean": 0.03686312297492155
  },
  "layer4.2.conv2.weight": {
    "max": 0.11855918169021606,
    "mean": 0.016521202708827332
  },
  "layer4.2.conv3.weight": {
    "max": 0.07743729650974274,
    "mean": 0.01333787082170602
  }
}