{
  "fc.bias": {
    "max": 0.08324731886386871,
    "mean": 0.009842256249186384
  },
  "fc.weight": {
    "max": 0.6971533894538879,
    "mean": 0.10933457227723141
  },
  "layer4.0.bn1.bias": {
    "max": 0.10337243974208832,
    "mean": 0.009875109020940727
  },
  "layer4.0.bn1.weight": {
    "max": 0.18095903098583221,
    "mean": 0.017467901063750364
  },
  "layer4.0.bn2.bias": {
    "max": 0.03509869799017906,
    "mean": 0.003922885283204128
  },
  "layer4.0.bn2.weight": {
    "max": 0.050618112087249756,
    "mean": 0.005832676246552313
  },
  "layer4.0.bn3.bias": {
    "max": 0.05795225128531456,
    "mean": 0.008143370643208202
  },
  "layer4.0.bn3.weight": {
    "max": 0.11437133699655533,
    "mean": 0.014905768443506011
  },
  "layer4.0.conv1.weight": {
    "max": 0.40756791830062866,
    "mean": 0.044017315281338856
  },
  "layer4.0.conv2.weight": {
    "max": 0.2155444175004959,
    "mean": 0.024805742841147418
  },
  "layer4.0.conv3.weight": {
    "max": 0.2451169639825821,
    "mean": 0.029812407818306904
  },
  "layer4.0.downsample.0.weight": {
    "max": 0.23594817519187927,
    "mean": 0.03146135346490025
  },
  "layer4.0.downsample.1.bias": {
    "max": 0.05795225128531456,
    "mean": 0.008143370643208202
  },
  "layer4.0.downsample.1.weight": {
    "max": 0.09484594315290451,
    "mean": 0.01348988812121596
  },
  "layer4.1.bn1.bias": {
    "max": 0.04037132486701012,
    "mean": 0.005072565355928548
  },
  "layer4.1.bn1.weight": {
    "max": 0.06318484991788864,
    "mean": 0.007385107262837534
  },
  "layer4.1.bn2.bias": {
    "max": 0.043408650904893875,
    "mean": 0.005482989270988453
  },
  "layer4.1.bn2.weight": {
    "max": 0.07553166151046753,
    "mean": 0.008969071967751785
  },
  "layer4.1.bn3.bias": {
    "max": 0.051974229514598846,
    "mean": 0.006893144176262597
  },
  "layer4.1.bn3.weight": {
    "max": 0.09128649532794952,
    "mean": 0.011842492970504931
  },
  "layer4.1.conv1.weight": {
    "max": 0.2641577124595642,
    "mean": 0.03303354966978077
  },
  "layer4.1.conv2.weight": {
    "max": 0.16356810927391052,
    "mean": 0.019411872762596302
  },
  "layer4.1.conv3.weight": {
    "max": 0.16576723754405975,
    "mean": 0.020554887341443517
  },
  "layer4.2.bn1.bias": {
    "max": 0.055505044758319855,
    "mean": 0.007295419959555147
  },
  "layer4.2.bn1.weight": {
    "max": 0.08749981969594955,
    "mean": 0.011149473644659987
  },
  "layer4.2.bn2.bias": {
    "max": 0.037199992686510086,
    "mean": 0.005710480448490541
  },
  "layer4.2.bn2.weight": {
    "max": 0.06111470237374306,
    "mean": 0.007980547861890435
  },
  "layer4.2.bn3.bias": {
    "max": 0.03442089259624481,
    "mean": 0.0051965325335913805
  },
  "layer4.2.bn3.weight": {
    "max": 0.057531215250492096,
    "mean": 0.008117782889707346
  },
  "layer4.2.conv1.weight": {
    "max": 0.20464976131916046,
    "mean": 0.028932845694528492
  },
  "layer4.2.conv2.weight": {
    "max": 0.11121898144483566,
    "mean": 0.013852891420454918
  },
  "layer4.2.conv3.weight": {
    "max": 0.08562822639942169,
    "mean": 0.011397429437326667
  }
}