{
  "fc.bias": {
    "max": 0.05765211954712868,
    "mean": 0.00314450493500252
  },
  "fc.weight": {
    "max": 0.7477627396583557,
    "mean": 0.03724292874818535
  },
  "layer4.0.bn1.bias": {
    "max": 0.0936490073800087,
    "mean": 0.003596195526593614
  },
  "layer4.0.bn1.weight": {
    "max": 0.1859591007232666,
    "mean": 0.006538313932256382
  },
  "layer4.0.bn2.bias": {
    "max": 0.03378370776772499,
    "mean": 0.001336072046105333
  },
  "layer4.0.bn2.weight": {
    "max": 0.05388078838586807,
    "mean": 0.002004075721739095
  },
  "layer4.0.bn3.bias": {
    "max": 0.06101230904459953,
    "mean": 0.0028070918283330166
  },
  "layer4.0.bn3.weight": {
    "max": 0.10874996334314346,
    "mean": 0.005085274361621746
  },
  "layer4.0.conv1.weight": {
    "max": 0.4847071170806885,
    "mean": 0.01614815852805415
  },
  "layer4.0.conv2.weight": {
    "max": 0.2143479436635971,
    "mean": 0.008242199409043159
  },
  "layer4.0.conv3.weight": {
    "max": 0.2378218024969101,
    "mean": 0.009888789728751622
  },
  "layer4.0.downsample.0.weight": {
    "max": 0.2515993118286133,
    "mean": 0.010898262985985119
  },
  "layer4.0.downsample.1.bias": {
    "max": 0.06101230904459953,
    "mean": 0.0028070918283330166
  },
  "layer4.0.downsample.1.weight": {
    "max": 0.1095345988869667,
    "mean": 0.004744206319020512
  },
  "layer4.1.bn1.bias": {
    "max": 0.03656308352947235,
    "mean": 0.0016228100620797445
  },
  "layer4.1.bn1.weight": {
    "max": 0.056294407695531845,
    "mean": 0.002373875284980126
  },
  "layer4.1.bn2.bias": {
    "max": 0.03982226923108101,
    "mean": 0.0017666104484942479
  },
  "layer4.1.bn2.weight": {
    "max": 0.07020742446184158,
    "mean": 0.002841646800043236
  },
  "layer4.1.bn3.bias": {
    "max": 0.04428105056285858,
    "mean": 0.0023575500495904376
  },
  "layer4.1.bn3.weight": {
    "max": 0.08740872889757156,
    "mean": 0.003904327379748013
  },
  "layer4.1.conv1.weight": {
    "max": 0.25770071148872375,
    "mean": 0.010379233551939251
  },
  "layer4.1.conv2.weight": {
    "max": 0.13990336656570435,
    "mean": 0.006062551976091137
  },
  "layer4.1.conv3.weight": {
    "max": 0.14278766512870789,
    "mean": 0.0065857949198626945
  },
  "layer4.2.bn1.bias": {
    "max": 0.0421813502907753,
    "mean": 0.002503138326844367
  },
  "layer4.2.bn1.weight": {
    "max": 0.0831519290804863,
    "mean": 0.003735261909943282
  },
  "layer4.2.bn2.bias": {
    "max": 0.03424430266022682,
    "mean": 0.0019997547042761915
  },
  "layer4.2.bn2.weight": {
    "max": 0.05985257774591446,
    "mean": 0.002650465017639882
  },
  "layer4.2.bn3.bias": {
    "max": 0.03450784832239151,
    "mean": 0.001934281158250347
  },
  "layer4.2.bn3.weight": {
    "max": 0.05491863191127777,
    "mean": 0.0029375026237175917
  },
  "layer4.2.conv1.weight": {
    "max": 0.195610910654068,
    "mean": 0.0095004715185548
  },
  "layer4.2.conv2.weight": {
    "max": 0.08685023337602615,
    "mean": 0.004461949205490652
  },
  "layer4.2.conv3.weight": {
    "max": 0.0771527886390686,
    "mean": 0.003847512055430603
  }
}