{
  "fc.bias": {
    "max": 0.05599032714962959,
    "mean": 0.009023749473271891
  },
  "fc.weight": {
    "max": 0.6874571442604065,
    "mean": 0.10353440770962542
  },
  "layer4.0.bn1.bias": {
    "max": 0.11449684947729111,
    "mean": 0.010106723012244662
  },
  "layer4.0.bn1.weight": {
    "max": 0.1882479041814804,
    "mean": 0.017718758524736457
  },
  "layer4.0.bn2.bias": {
    "max": 0.04256168007850647,
    "mean": 0.003847100400468792
  },
  "layer4.0.bn2.weight": {
    "max": 0.0633024051785469,
    "mean": 0.005722168196932346
  },
  "layer4.0.bn3.bias": {
    "max": 0.08303862810134888,
    "mean": 0.008081874906149875
  },
  "layer4.0.bn3.weight": {
    "max": 0.1582450270652771,
    "mean": 0.014688464388995532
  },
  "layer4.0.conv1.weight": {
    "max": 0.46402880549430847,
    "mean": 0.04321792441120904
  },
  "layer4.0.conv2.weight": {
    "max": 0.2359342724084854,
    "mean": 0.023642033442031658
  },
  "layer4.0.conv3.weight": {
    "max": 0.32402321696281433,
    "mean": 0.02919671453481507
  },
  "layer4.0.downsample.0.weight": {
    "max": 0.3313244581222534,
    "mean": 0.03088557816555424
  },
  "layer4.0.downsample.1.bias": {
    "max": 0.08303862810134888,
    "mean": 0.008081874906149875
  },
  "layer4.0.downsample.1.weight": {
    "max": 0.13568246364593506,
    "mean": 0.013457664090424908
  },
  "layer4.1.bn1.bias": {
    "max": 0.05503011867403984,
    "mean": 0.004896281666806317
  },
  "layer4.1.bn1.weight": {
    "max": 0.07798942923545837,
    "mean": 0.006909328942118528
  },
  "layer4.1.bn2.bias": {
    "max": 0.05889647826552391,
    "mean": 0.0053601758548289325
  },
  "layer4.1.bn2.weight": {
    "max": 0.09352074563503265,
    "mean": 0.008442011854536498
  },
  "layer4.1.bn3.bias": {
    "max": 0.07279782742261887,
    "mean": 0.007173294217146966
  },
  "layer4.1.bn3.weight": {
    "max": 0.124714195728302,
    "mean": 0.012010152760828662
  },
  "layer4.1.conv1.weight": {
    "max": 0.360111266374588,
    "mean": 0.030708050178987572
  },
  "layer4.1.conv2.weight": {
    "max": 0.1849372535943985,
    "mean": 0.01795798888793797
  },
  "layer4.1.conv3.weight": {
    "max": 0.20742318034172058,
    "mean": 0.019902980701153865
  },
  "layer4.2.bn1.bias": {
    "max": 0.08661957085132599,
    "mean": 0.007730353933584411
  },
  "layer4.2.bn1.weight": {
    "max": 0.14022791385650635,
    "mean": 0.011359010012061585
  },
  "layer4.2.bn2.bias": {
    "max": 0.055897291749715805,
    "mean": 0.006100788314943202
  },
  "layer4.2.bn2.weight": {
    "max": 0.08993273228406906,
    "mean": 0.008019776126301233
  },
  "layer4.2.bn3.bias": {
    "max": 0.03668837249279022,
    "mean": 0.005225560677187917
  },
  "layer4.2.bn3.weight": {
    "max": 0.06244884803891182,
    "mean": 0.008113023620005282
  },
  "layer4.2.conv1.weight": {
    "max": 0.33442845940589905,
    "mean": 0.02925224401825939
  },
  "layer4.2.conv2.weight": {
    "max": 0.1516510248184204,
    "mean": 0.013524162059017856
  },
  "layer4.2.conv3.weight": {
    "max": 0.11137911677360535,
    "mean": 0.011180239222251528
  }
}