{
  "fc.bias": {
    "max": 0.07867513597011566,
    "mean": 0.029770649358896274
  },
  "fc.weight": {
    "max": 1.1150089502334595,
    "mean": 0.4214245969908578
  },
  "layer4.0.bn1.bias": {
    "max": 0.07389122247695923,
    "mean": 0.020308352182619272
  },
  "layer4.0.bn1.weight": {
    "max": 0.1372154802083969,
    "mean": 0.03590959314389953
  },
  "layer4.0.bn2.bias": {
    "max": 0.029038283973932266,
    "mean": 0.00852788420394063
  },
  "layer4.0.bn2.weight": {
    "max": 0.042776696383953094,
    "mean": 0.012736840186574097
  },
  "layer4.0.bn3.bias": {
    "max": 0.06331153213977814,
    "mean": 0.018581920443435332
  },
  "layer4.0.bn3.weight": {
    "max": 0.11144144088029861,
    "mean": 0.03376412025386734
  },
  "layer4.0.conv1.weight": {
    "max": 0.3126346170902252,
    "mean": 0.09164963923926864
  },
  "layer4.0.conv2.weight": {
    "max": 0.17122896015644073,
    "mean": 0.057178232077775254
  },
  "layer4.0.conv3.weight": {
    "max": 0.21949630975723267,
    "mean": 0.07218088272426809
  },
  "layer4.0.downsample.0.weight": {
    "max": 0.220441535115242,
    "mean": 0.07313563297103558
  },
  "layer4.0.downsample.1.bias": {
    "max": 0.06331153213977814,
    "mean": 0.018581920443435332
  },
  "layer4.0.downsample.1.weight": {
    "max": 0.10113202780485153,
    "mean": 0.03003880429081619
  },
  "layer4.1.bn1.bias": {
    "max": 0.04475802183151245,
    "mean": 0.013052455464244953
  },
  "layer4.1.bn1.weight": {
    "max": 0.06339257210493088,
    "mean": 0.018895395224514815
  },
  "layer4.1.bn2.bias": {
    "max": 0.04259141534566879,
    "mean": 0.013171425572529967
  },
  "layer4.1.bn2.weight": {
    "max": 0.06905381381511688,
    "mean": 0.0222188659697505
  },
  "layer4.1.bn3.bias": {
    "max": 0.04596718028187752,
    "mean": 0.01541148539200159
  },
  "layer4.1.bn3.weight": {
    "max": 0.090662881731987,
    "mean": 0.030158354104496538
  },
  "layer4.1.conv1.weight": {
    "max": 0.25086259841918945,
    "mean": 0.08826726982103927
  },
  "layer4.1.conv2.weight": {
    "max": 0.15685118734836578,
    "mean": 0.05448223171622625
  },
  "layer4.1.conv3.weight": {
    "max": 0.18750961124897003,
    "mean": 0.06317511918156275
  },
  "layer4.2.bn1.bias": {
    "max": 0.05592796579003334,
    "mean": 0.017964289246260055
  },
  "layer4.2.bn1.weight": {
    "max": 0.08429978787899017,
    "mean": 0.02818489554072065
  },
  "layer4.2.bn2.bias": {
    "max": 0.041571807116270065,
    "mean": 0.013361920843100441
  },
  "layer4.2.bn2.weight": {
    "max": 0.05964511260390282,
    "mean": 0.02053424474849765
  },
  "layer4.2.bn3.bias": {
    "max": 0.027148498222231865,
    "mean": 0.010203005568057831
  },
  "layer4.2.bn3.weight": {
    "max": 0.048301778733730316,
    "mean": 0.018502724641667946
  },
  "layer4.2.conv1.weight": {
    "max": 0.24195514619350433,
    "mean": 0.08473525214142033
  },
  "layer4.2.conv2.weight": {
    "max": 0.11792014539241791,
    "mean": 0.03770634415426424
  },
  "layer4.2.conv3.weight": {
    "max": 0.08188121765851974,
    "mean": 0.030090131421706506
  }
}