{
  "fc.bias": {
    "max": 0.0607207752764225,
    "mean": 0.009446728137388293
  },
  "fc.weight": {
    "max": 0.8545529246330261,
    "mean": 0.12020185626411278
  },
  "layer4.0.bn1.bias": {
    "max": 0.08181744068861008,
    "mean": 0.010458621501820744
  },
  "layer4.0.bn1.weight": {
    "max": 0.13060465455055237,
    "mean": 0.018387042610286567
  },
  "layer4.0.bn2.bias": {
    "max": 0.028862766921520233,
    "mean": 0.003988355544928968
  },
  "layer4.0.bn2.weight": {
    "max": 0.04286676645278931,
    "mean": 0.005925071176357701
  },
  "layer4.0.bn3.bias": {
    "max": 0.05623100697994232,
    "mean": 0.008535699300960655
  },
  "layer4.0.bn3.weight": {
    "max": 0.10951247811317444,
    "mean": 0.015440305802164532
  },
  "layer4.0.conv1.weight": {
    "max": 0.35846346616744995,
    "mean": 0.045642404679840966
  },
  "layer4.0.conv2.weight": {
    "max": 0.19007554650306702,
    "mean": 0.02540497679294536
  },
  "layer4.0.conv3.weight": {
    "max": 0.23338720202445984,
    "mean": 0.030849895237354628
  },
  "layer4.0.downsample.0.weight": {
    "max": 0.24112996459007263,
    "mean": 0.03271561602899705
  },
  "layer4.0.downsample.1.bias": {
    "max": 0.05623100697994232,
    "mean": 0.008535699300960655
  },
  "layer4.0.downsample.1.weight": {
    "max": 0.10509603470563889,
    "mean": 0.014011418421203936
  },
  "layer4.1.bn1.bias": {
    "max": 0.04264271259307861,
    "mean": 0.005367312160862119
  },
  "layer4.1.bn1.weight": {
    "max": 0.0645315870642662,
    "mean": 0.007784428953330332
  },
  "layer4.1.bn2.bias": {
    "max": 0.04469232261180878,
    "mean": 0.0058206448820939324
  },
  "layer4.1.bn2.weight": {
    "max": 0.07771417498588562,
    "mean": 0.009385221036864096
  },
  "layer4.1.bn3.bias": {
    "max": 0.05316131189465523,
    "mean": 0.007436370240965127
  },
  "layer4.1.bn3.weight": {
    "max": 0.10054503381252289,
    "mean": 0.012977077151444973
  },
  "layer4.1.conv1.weight": {
    "max": 0.2719293534755707,
    "mean": 0.034630337267839685
  },
  "layer4.1.conv2.weight": {
    "max": 0.15882857143878937,
    "mean": 0.02084253808662262
  },
  "layer4.1.conv3.weight": {
    "max": 0.22749114036560059,
    "mean": 0.02339176196272352
  },
  "layer4.2.bn1.bias": {
    "max": 0.06167227029800415,
    "mean": 0.008395702943370062
  },
  "layer4.2.bn1.weight": {
    "max": 0.08995621651411057,
    "mean": 0.012303845149269493
  },
  "layer4.2.bn2.bias": {
    "max": 0.04529517516493797,
    "mean": 0.006388652884124895
  },
  "layer4.2.bn2.weight": {
    "max": 0.07860743254423141,
    "mean": 0.008806896407404565
  },
  "layer4.2.bn3.bias": {
    "max": 0.035372812300920486,
    "mean": 0.005281229890523329
  },
  "layer4.2.bn3.weight": {
    "max": 0.058569177985191345,
    "mean": 0.00854288884127787
  },
  "layer4.2.conv1.weight": {
    "max": 0.28142690658569336,
    "mean": 0.03296328733799912
  },
  "layer4.2.conv2.weight": {
    "max": 0.17801500856876373,
    "mean": 0.015361573875436858
  },
  "layer4.2.conv3.weight": {
    "max": 0.09088301658630371,
    "mean": 0.012383229675719382
  }
}