{
  "fc.bias": {
    "max": 0.21491967141628265,
    "mean": 0.12275124117732047
  },
  "fc.weight": {
    "max": 1.9637107849121094,
    "mean": 1.309944384438651
  },
  "layer4.0.bn1.bias": {
    "max": 0.0509619265794754,
    "mean": 0.02394707854304995
  },
  "layer4.0.bn1.weight": {
    "max": 0.09105008840560913,
    "mean": 0.04134821338845151
  },
  "layer4.0.bn2.bias": {
    "max": 0.02234135940670967,
    "mean": 0.010835170507697122
  },
  "layer4.0.bn2.weight": {
    "max": 0.036564841866493225,
    "mean": 0.015278891882460031
  },
  "layer4.0.bn3.bias": {
    "max": 0.04892396926879883,
    "mean": 0.026350359693169595
  },
  "layer4.0.bn3.weight": {
    "max": 0.09789836406707764,
    "mean": 0.045344360087599074
  },
  "layer4.0.conv1.weight": {
    "max": 0.2536733150482178,
    "mean": 0.10823714909808976
  },
  "layer4.0.conv2.weight": {
    "max": 0.16376447677612305,
    "mean": 0.07206069953739642
  },
  "layer4.0.conv3.weight": {
    "max": 0.2065615952014923,
    "mean": 0.09224418437906674
  },
  "layer4.0.downsample.0.weight": {
    "max": 0.19901461899280548,
    "mean": 0.09617892543120043
  },
  "layer4.0.downsample.1.bias": {
    "max": 0.04892396926879883,
    "mean": 0.026350359693169595
  },
  "layer4.0.downsample.1.weight": {
    "max": 0.07767102867364883,
    "mean": 0.04214505508009877
  },
  "layer4.1.bn1.bias": {
    "max": 0.03522906079888344,
    "mean": 0.01768993890312101
  },
  "layer4.1.bn1.weight": {
    "max": 0.0526585653424263,
    "mean": 0.024344491796301944
  },
  "layer4.1.bn2.bias": {
    "max": 0.03380795195698738,
    "mean": 0.01779327846398311
  },
  "layer4.1.bn2.weight": {
    "max": 0.06344127655029297,
    "mean": 0.030289210719721658
  },
  "layer4.1.bn3.bias": {
    "max": 0.04384087398648262,
    "mean": 0.02430188564317567
  },
  "layer4.1.bn3.weight": {
    "max": 0.09593131393194199,
    "mean": 0.046080063150397366
  },
  "layer4.1.conv1.weight": {
    "max": 0.24003563821315765,
    "mean": 0.11211610465177468
  },
  "layer4.1.conv2.weight": {
    "max": 0.15548187494277954,
    "mean": 0.07851589464715548
  },
  "layer4.1.conv3.weight": {
    "max": 0.18949557840824127,
    "mean": 0.09752454385161399
  },
  "layer4.2.bn1.bias": {
    "max": 0.04755778983235359,
    "mean": 0.026151193263275283
  },
  "layer4.2.bn1.weight": {
    "max": 0.08241056650876999,
    "mean": 0.039638713228383235
  },
  "layer4.2.bn2.bias": {
    "max": 0.039977286010980606,
    "mean": 0.02200732687222106
  },
  "layer4.2.bn2.weight": {
    "max": 0.06041500344872475,
    "mean": 0.03269814964117748
  },
  "layer4.2.bn3.bias": {
    "max": 0.03165684640407562,
    "mean": 0.0212455850360649
  },
  "layer4.2.bn3.weight": {
    "max": 0.05911625176668167,
    "mean": 0.03716633899935654
  },
  "layer4.2.conv1.weight": {
    "max": 0.26379647850990295,
    "mean": 0.12316695223961557
  },
  "layer4.2.conv2.weight": {
    "max": 0.1305079609155655,
    "mean": 0.06656543079231467
  },
  "layer4.2.conv3.weight": {
    "max": 0.08861590921878815,
    "mean": 0.05627297018255506
  }
}