{
  "fc.bias": {
    "max": 0.07585203647613525,
    "mean": 0.0084761762072828
  },
  "fc.weight": {
    "max": 0.968734085559845,
    "mean": 0.10109090739615827
  },
  "layer4.0.bn1.bias": {
    "max": 0.11252521723508835,
    "mean": 0.010268817126364281
  },
  "layer4.0.bn1.weight": {
    "max": 0.2303813248872757,
    "mean": 0.01814001643692401
  },
  "layer4.0.bn2.bias": {
    "max": 0.04633874073624611,
    "mean": 0.003961652009693352
  },
  "layer4.0.bn2.weight": {
    "max": 0.06534025818109512,
    "mean": 0.0056705590314907435
  },
  "layer4.0.bn3.bias": {
    "max": 0.08964670449495316,
    "mean": 0.00822609649599274
  },
  "layer4.0.bn3.weight": {
    "max": 0.1583145409822464,
    "mean": 0.014679401389777403
  },
  "layer4.0.conv1.weight": {
    "max": 0.42179808020591736,
    "mean": 0.042947972860440914
  },
  "layer4.0.conv2.weight": {
    "max": 0.22702361643314362,
    "mean": 0.022478995086275974
  },
  "layer4.0.conv3.weight": {
    "max": 0.29716283082962036,
    "mean": 0.02820857363876712
  },
  "layer4.0.downsample.0.weight": {
    "max": 0.3004091680049896,
    "mean": 0.03121318118988711
  },
  "layer4.0.downsample.1.bias": {
    "max": 0.08964670449495316,
    "mean": 0.00822609649599274
  },
  "layer4.0.downsample.1.weight": {
    "max": 0.16506442427635193,
    "mean": 0.013906307789496038
  },
  "layer4.1.bn1.bias": {
    "max": 0.05442219600081444,
    "mean": 0.004993709834145973
  },
  "layer4.1.bn1.weight": {
    "max": 0.08256864547729492,
    "mean": 0.006969813666052817
  },
  "layer4.1.bn2.bias": {
    "max": 0.06912251561880112,
    "mean": 0.005348611290719419
  },
  "layer4.1.bn2.weight": {
    "max": 0.10167712718248367,
    "mean": 0.008254721854604474
  },
  "layer4.1.bn3.bias": {
    "max": 0.08643396198749542,
    "mean": 0.007175744983776115
  },
  "layer4.1.bn3.weight": {
    "max": 0.14989721775054932,
    "mean": 0.011754198260501393
  },
  "layer4.1.conv1.weight": {
    "max": 0.3488950729370117,
    "mean": 0.029615680961640984
  },
  "layer4.1.conv2.weight": {
    "max": 0.1899527907371521,
    "mean": 0.017189883373347193
  },
  "layer4.1.conv3.weight": {
    "max": 0.1924651563167572,
    "mean": 0.01921131166102506
  },
  "layer4.2.bn1.bias": {
    "max": 0.08639297634363174,
    "mean": 0.007664693872892323
  },
  "layer4.2.bn1.weight": {
    "max": 0.14707474410533905,
    "mean": 0.011138314785182176
  },
  "layer4.2.bn2.bias": {
    "max": 0.07228073477745056,
    "mean": 0.005986813347766916
  },
  "layer4.2.bn2.weight": {
    "max": 0.09937965124845505,
    "mean": 0.007776844622494537
  },
  "layer4.2.bn3.bias": {
    "max": 0.05182445049285889,
    "mean": 0.0053178121990016996
  },
  "layer4.2.bn3.weight": {
    "max": 0.08925770223140717,
    "mean": 0.008411460159955563
  },
  "layer4.2.conv1.weight": {
    "max": 0.31920379400253296,
    "mean": 0.028380376986232088
  },
  "layer4.2.conv2.weight": {
    "max": 0.1569417417049408,
    "mean": 0.013281756275921777
  },
  "layer4.2.conv3.weight": {
    "max": 0.12647876143455505,
    "mean": 0.01132764811377066
  }
}