{
  "fc.bias": {
    "max": 0.06269772350788116,
    "mean": 0.009366037073580498
  },
  "fc.weight": {
    "max": 0.7924813032150269,
    "mean": 0.1172935152185216
  },
  "layer4.0.bn1.bias": {
    "max": 0.07257988303899765,
    "mean": 0.010147430307936573
  },
  "layer4.0.bn1.weight": {
    "max": 0.12875746190547943,
    "mean": 0.018088327753544686
  },
  "layer4.0.bn2.bias": {
    "max": 0.027337774634361267,
    "mean": 0.004106887672158856
  },
  "layer4.0.bn2.weight": {
    "max": 0.03959549963474274,
    "mean": 0.006103780429033837
  },
  "layer4.0.bn3.bias": {
    "max": 0.05480053648352623,
    "mean": 0.008464002681451218
  },
  "layer4.0.bn3.weight": {
    "max": 0.10116824507713318,
    "mean": 0.015918797963510898
  },
  "layer4.0.conv1.weight": {
    "max": 0.31778955459594727,
    "mean": 0.045763435666740404
  },
  "layer4.0.conv2.weight": {
    "max": 0.16504080593585968,
    "mean": 0.02574608633061871
  },
  "layer4.0.conv3.weight": {
    "max": 0.2060866802930832,
    "mean": 0.032184960846123954
  },
  "layer4.0.downsample.0.weight": {
    "max": 0.2134571373462677,
    "mean": 0.03337133065024058
  },
  "layer4.0.downsample.1.bias": {
    "max": 0.05480053648352623,
    "mean": 0.008464002681451218
  },
  "layer4.0.downsample.1.weight": {
    "max": 0.08986317366361618,
    "mean": 0.01418561608786279
  },
  "layer4.1.bn1.bias": {
    "max": 0.038578588515520096,
    "mean": 0.0054354855064022035
  },
  "layer4.1.bn1.weight": {
    "max": 0.05373896285891533,
    "mean": 0.007901031136851608
  },
  "layer4.1.bn2.bias": {
    "max": 0.034917838871479034,
    "mean": 0.0056935304379866075
  },
  "layer4.1.bn2.weight": {
    "max": 0.06030411645770073,
    "mean": 0.009103635140896326
  },
  "layer4.1.bn3.bias": {
    "max": 0.0447067990899086,
    "mean": 0.007041191348918281
  },
  "layer4.1.bn3.weight": {
    "max": 0.08622271567583084,
    "mean": 0.012548311878386552
  },
  "layer4.1.conv1.weight": {
    "max": 0.23886118829250336,
    "mean": 0.03524202492828148
  },
  "layer4.1.conv2.weight": {
    "max": 0.13931305706501007,
    "mean": 0.021048631356097757
  },
  "layer4.1.conv3.weight": {
    "max": 0.16093946993350983,
    "mean": 0.02304130958438951
  },
  "layer4.2.bn1.bias": {
    "max": 0.047121595591306686,
    "mean": 0.007923078542267571
  },
  "layer4.2.bn1.weight": {
    "max": 0.07969871908426285,
    "mean": 0.011997878159911903
  },
  "layer4.2.bn2.bias": {
    "max": 0.038066644221544266,
    "mean": 0.006019252438054536
  },
  "layer4.2.bn2.weight": {
    "max": 0.058265719562768936,
    "mean": 0.008294369534508276
  },
  "layer4.2.bn3.bias": {
    "max": 0.031245140358805656,
    "mean": 0.005040795895921682
  },
  "layer4.2.bn3.weight": {
    "max": 0.05332135409116745,
    "mean": 0.008307012633678303
  },
  "layer4.2.conv1.weight": {
    "max": 0.20768260955810547,
    "mean": 0.033086610550401796
  },
  "layer4.2.conv2.weight": {
    "max": 0.09533616155385971,
    "mean": 0.014754488178192072
  },
  "layer4.2.conv3.weight": {
    "max": 0.07351808995008469,
    "mean": 0.01188510752574075
  }
}