{
  "fc.bias": {
    "max": 0.22385190427303314,
    "mean": 0.17100811375038966
  },
  "fc.weight": {
    "max": 1.2181973457336426,
    "mean": 0.9387469247409276
  }
}