{
  "fc.bias": {
    "max": 0.12987014651298523,
    "mean": 0.05151006425597838
  },
  "fc.weight": {
    "max": 2.1145424842834473,
    "mean": 0.9028282989774431
  }
}