{
  "fc.bias": {
    "max": 0.09213359653949738,
    "mean": 0.047826898981417926
  },
  "fc.weight": {
    "max": 1.529496192932129,
    "mean": 0.8439119477357183
  }
}