{
  "fc.bias": {
    "max": 0.18919603526592255,
    "mean": 0.11962658064705985
  },
  "fc.weight": {
    "max": 2.9778215885162354,
    "mean": 2.0730436270577566
  }
}