{
  "fc.bias": {
    "max": 0.13204607367515564,
    "mean": 0.04761577503489597
  },
  "fc.weight": {
    "max": 2.0284483432769775,
    "mean": 0.840412005015782
  }
}