{
  "fc.bias": {
    "max": 0.13054271042346954,
    "mean": 0.05365279481347118
  },
  "fc.weight": {
    "max": 2.2736730575561523,
    "mean": 0.9349798844541822
  }
}