{
  "fc.bias": {
    "max": 0.14430053532123566,
    "mean": 0.08178008549979755
  },
  "fc.weight": {
    "max": 2.3543765544891357,
    "mean": 1.4277522008759636
  }
}