{
  "fc.bias": {
    "max": 0.20340020954608917,
    "mean": 0.13706471707139697
  },
  "fc.weight": {
    "max": 3.309561014175415,
    "mean": 2.385479508808681
  }
}