{
  "fc.bias": {
    "max": 0.1595301777124405,
    "mean": 0.07728541022964887
  },
  "fc.weight": {
    "max": 2.540595531463623,
    "mean": 1.342523978778294
  }
}