{
  "fc.bias": {
    "max": 0.1611015349626541,
    "mean": 0.0895110764673778
  },
  "fc.weight": {
    "max": 2.716193914413452,
    "mean": 1.5594998509543283
  }
}