{
  "fc.bias": {
    "max": 0.14298272132873535,
    "mean": 0.0729994138543095
  },
  "fc.weight": {
    "max": 2.359708547592163,
    "mean": 1.26447475535529
  }
}