{
  "fc.bias": {
    "max": 0.15348659455776215,
    "mean": 0.068965174640928
  },
  "fc.weight": {
    "max": 2.458303928375244,
    "mean": 1.192802745274135
  }
}