{
  "fc.bias": {
    "max": 0.13277536630630493,
    "mean": 0.06417441431965147
  },
  "fc.weight": {
    "max": 2.367680072784424,
    "mean": 1.1249270573684147
  }
}