{
  "fc.bias": {
    "max": 0.11516180634498596,
    "mean": 0.0528255824212517
  },
  "fc.weight": {
    "max": 1.8957782983779907,
    "mean": 0.9282834523916245
  }
}