{
  "fc.bias": {
    "max": 0.1684982180595398,
    "mean": 0.07079537997288363
  },
  "fc.weight": {
    "max": 2.6433348655700684,
    "mean": 1.235928269284112
  }
}