{
  "fc.bias": {
    "max": 0.13179807364940643,
    "mean": 0.06143804635320391
  },
  "fc.weight": {
    "max": 2.277750253677368,
    "mean": 1.0695338143621171
  }
}