{
  "fc.bias": {
    "max": 0.15374478697776794,
    "mean": 0.09942841976881027
  },
  "fc.weight": {
    "max": 2.5330259799957275,
    "mean": 1.7295262163025993
  }
}