{
  "fc.bias": {
    "max": 0.19914700090885162,
    "mean": 0.10942050597497395
  },
  "fc.weight": {
    "max": 3.264087200164795,
    "mean": 1.8844537401199342
  }
}