{
  "fc.bias": {
    "max": 0.10960869491100311,
    "mean": 0.05413108051355396
  },
  "fc.weight": {
    "max": 1.9319963455200195,
    "mean": 0.9451786527463368
  }
}