{
  "fc.bias": {
    "max": 0.14779092371463776,
    "mean": 0.052744926286063025
  },
  "fc.weight": {
    "max": 2.4712302684783936,
    "mean": 0.9214529787642615
  }
}