{
  "fc.bias": {
    "max": 0.1317504346370697,
    "mean": 0.0634081301518849
  },
  "fc.weight": {
    "max": 2.1003808975219727,
    "mean": 1.1044211326326643
  }
}