{
  "fc.bias": {
    "max": 0.1497735232114792,
    "mean": 0.07232402654630797
  },
  "fc.weight": {
    "max": 2.655604362487793,
    "mean": 1.2733322525024413
  }
}