{
  "fc.bias": {
    "max": 0.17122334241867065,
    "mean": 0.05936993726130043
  },
  "fc.weight": {
    "max": 2.4925761222839355,
    "mean": 1.0346189493792397
  }
}