{
  "fc.bias": {
    "max": 0.12864769995212555,
    "mean": 0.05776229132499014
  },
  "fc.weight": {
    "max": 1.9944955110549927,
    "mean": 1.0069195779732296
  }
}