{
  "fc.bias": {
    "max": 0.14082179963588715,
    "mean": 0.06444264908986433
  },
  "fc.weight": {
    "max": 2.252169609069824,
    "mean": 1.119853863120079
  }
}