{
  "fc.bias": {
    "max": 0.1348816156387329,
    "mean": 0.08462269357272557
  },
  "fc.weight": {
    "max": 2.1833667755126953,
    "mean": 1.4734220324243819
  }
}