{
  "fc.bias": {
    "max": 0.21557702124118805,
    "mean": 0.0943623388665063
  },
  "fc.weight": {
    "max": 3.3906118869781494,
    "mean": 1.6443795554978506
  }
}