{
  "fc.bias": {
    "max": 0.1371358186006546,
    "mean": 0.07702528741742884
  },
  "fc.weight": {
    "max": 2.2516353130340576,
    "mean": 1.3547046944073269
  }
}