{
  "fc.bias": {
    "max": 0.09733394533395767,
    "mean": 0.05434180750378541
  },
  "fc.weight": {
    "max": 1.7515063285827637,
    "mean": 0.9603961736815316
  }
}