{
  "fc.bias": {
    "max": 0.13968946039676666,
    "mean": 0.057519877600882736
  },
  "fc.weight": {
    "max": 2.154414176940918,
    "mean": 1.0128010701281684
  }
}