{
  "bn1.bias": {
    "max": 0.11689869314432144,
    "mean": 0.014250108042948082
  },
  "bn1.weight": {
    "max": 0.31566882133483887,
    "mean": 0.04743888195005379
  },
  "conv1.weight": {
    "max": 1.3407223224639893,
    "mean": 0.23018766754173806
  },
  "fc.bias": {
    "max": 0.08596684783697128,
    "mean": 0.02158610764624817
  },
  "fc.weight": {
    "max": 1.1236038208007812,
    "mean": 0.2951713290917022
  },
  "layer1.0.bn1.bias": {
    "max": 0.06908024847507477,
    "mean": 0.011853778829182765
  },
  "layer1.0.bn1.weight": {
    "max": 0.106048084795475,
    "mean": 0.016309507045994646
  },
  "layer1.0.bn2.bias": {
    "max": 0.07239661365747452,
    "mean": 0.011284583971386642
  },
  "layer1.0.bn2.weight": {
    "max": 0.20001479983329773,
    "mean": 0.022846937999129294
  },
  "layer1.0.bn3.bias": {
    "max": 0.17628920078277588,
    "mean": 0.025933918871118553
  },
  "layer1.0.bn3.weight": {
    "max": 0.34797510504722595,
    "mean": 0.057301212177345795
  },
  "layer1.0.conv1.weight": {
    "max": 0.481303334236145,
    "mean": 0.0713606653741694
  },
  "layer1.0.conv2.weight": {
    "max": 0.6724561452865601,
    "mean": 0.09971149237161236
  },
  "layer1.0.conv3.weight": {
    "max": 0.7861612439155579,
    "mean": 0.08836169379231121
  },
  "layer1.0.downsample.0.weight": {
    "max": 1.0880732536315918,
    "mean": 0.17656708467352603
  },
  "layer1.0.downsample.1.bias": {
    "max": 0.17628920078277588,
    "mean": 0.025933918871118553
  },
  "layer1.0.downsample.1.weight": {
    "max": 0.34715384244918823,
    "mean": 0.05443115396159036
  },
  "layer1.1.bn1.bias": {
    "max": 0.08847381919622421,
    "mean": 0.015397543189049298
  },
  "layer1.1.bn1.weight": {
    "max": 0.13664813339710236,
    "mean": 0.02071989100592743
  },
  "layer1.1.bn2.bias": {
    "max": 0.037049274891614914,
    "mean": 0.007190908177373266
  },
  "layer1.1.bn2.weight": {
    "max": 0.08633673191070557,
    "mean": 0.013037655577396176
  },
  "layer1.1.bn3.bias": {
    "max": 0.1265409290790558,
    "mean": 0.01842844272863918
  },
  "layer1.1.bn3.weight": {
    "max": 0.27342939376831055,
    "mean": 0.041736435801056876
  },
  "layer1.1.conv1.weight": {
    "max": 0.20920565724372864,
    "mean": 0.035665859615629805
  },
  "layer1.1.conv2.weight": {
    "max": 0.355132520198822,
    "mean": 0.047317179991597576
  },
  "layer1.1.conv3.weight": {
    "max": 0.31204456090927124,
    "mean": 0.05119955209549516
  },
  "layer1.2.bn1.bias": {
    "max": 0.04583068937063217,
    "mean": 0.005776181995918575
  },
  "layer1.2.bn1.weight": {
    "max": 0.07339246571063995,
    "mean": 0.008839823677304334
  },
  "layer1.2.bn2.bias": {
    "max": 0.025694990530610085,
    "mean": 0.004645792896002864
  },
  "layer1.2.bn2.weight": {
    "max": 0.06401090323925018,
    "mean": 0.009115480110797632
  },
  "layer1.2.bn3.bias": {
    "max": 0.07237608730792999,
    "mean": 0.01299057920679583
  },
  "layer1.2.bn3.weight": {
    "max": 0.1555267870426178,
    "mean": 0.024144460193513493
  },
  "layer1.2.conv1.weight": {
    "max": 0.2639167010784149,
    "mean": 0.03803333958311539
  },
  "layer1.2.conv2.weight": {
    "max": 0.3340211510658264,
    "mean": 0.04459637246360736
  },
  "layer1.2.conv3.weight": {
    "max": 0.29115378856658936,
    "mean": 0.04329049319361469
  },
  "layer2.0.bn1.bias": {
    "max": 0.07194185256958008,
    "mean": 0.009807705631745713
  },
  "layer2.0.bn1.weight": {
    "max": 0.10257239639759064,
    "mean": 0.013752828241558745
  },
  "layer2.0.bn2.bias": {
    "max": 0.03634220361709595,
    "mean": 0.005096446864523127
  },
  "layer2.0.bn2.weight": {
    "max": 0.1006893590092659,
    "mean": 0.01133459764557691
  },
  "layer2.0.bn3.bias": {
    "max": 0.05200507119297981,
    "mean": 0.008930195253675005
  },
  "layer2.0.bn3.weight": {
    "max": 0.10521068423986435,
    "mean": 0.014098264598786565
  },
  "layer2.0.conv1.weight": {
    "max": 0.4538734257221222,
    "mean": 0.06676339873179261
  },
  "layer2.0.conv2.weight": {
    "max": 0.3106774091720581,
    "mean": 0.0471167594779815
  },
  "layer2.0.conv3.weight": {
    "max": 0.46522659063339233,
    "mean": 0.06637734729796647
  },
  "layer2.0.downsample.0.weight": {
    "max": 0.32008782029151917,
    "mean": 0.06129737925981837
  },
  "layer2.0.downsample.1.bias": {
    "max": 0.05200507119297981,
    "mean": 0.008930195253675005
  },
  "layer2.0.downsample.1.weight": {
    "max": 0.08102229237556458,
    "mean": 0.013495278706374977
  },
  "layer2.1.bn1.bias": {
    "max": 0.059067998081445694,
    "mean": 0.008830552819584097
  },
  "layer2.1.bn1.weight": {
    "max": 0.1044764444231987,
    "mean": 0.014191603994196547
  },
  "layer2.1.bn2.bias": {
    "max": 0.06059062480926514,
    "mean": 0.00930024744477123
  },
  "layer2.1.bn2.weight": {
    "max": 0.10208427160978317,
    "mean": 0.013544230421040472
  },
  "layer2.1.bn3.bias": {
    "max": 0.04508272558450699,
    "mean": 0.007920059142052197
  },
  "layer2.1.bn3.weight": {
    "max": 0.07485902309417725,
    "mean": 0.013555010181818424
  },
  "layer2.1.conv1.weight": {
    "max": 0.23347821831703186,
    "mean": 0.039507463251772734
  },
  "layer2.1.conv2.weight": {
    "max": 0.38593754172325134,
    "mean": 0.0636571960051411
  },
  "layer2.1.conv3.weight": {
    "max": 0.409176766872406,
    "mean": 0.061268628714606164
  },
  "layer2.2.bn1.bias": {
    "max": 0.05781925469636917,
    "mean": 0.008630110156040505
  },
  "layer2.2.bn1.weight": {
    "max": 0.10923972725868225,
    "mean": 0.013934669895097613
  },
  "layer2.2.bn2.bias": {
    "max": 0.03885830193758011,
    "mean": 0.006536289284454792
  },
  "layer2.2.bn2.weight": {
    "max": 0.08748219907283783,
    "mean": 0.011236550405155867
  },
  "layer2.2.bn3.bias": {
    "max": 0.04207516834139824,
    "mean": 0.007225818641932814
  },
  "layer2.2.bn3.weight": {
    "max": 0.0829787626862526,
    "mean": 0.011860169489186124
  },
  "layer2.2.conv1.weight": {
    "max": 0.2345561534166336,
    "mean": 0.033532206880460894
  },
  "layer2.2.conv2.weight": {
    "max": 0.40027374029159546,
    "mean": 0.046677512179261874
  },
  "layer2.2.conv3.weight": {
    "max": 0.35946598649024963,
    "mean": 0.052108908381446134
  },
  "layer2.3.bn1.bias": {
    "max": 0.04679427668452263,
    "mean": 0.007720584064123354
  },
  "layer2.3.bn1.weight": {
    "max": 0.09403764456510544,
    "mean": 0.012418886470508629
  },
  "layer2.3.bn2.bias": {
    "max": 0.052351705729961395,
    "mean": 0.007311525881855882
  },
  "layer2.3.bn2.weight": {
    "max": 0.09407366812229156,
    "mean": 0.012155725172321712
  },
  "layer2.3.bn3.bias": {
    "max": 0.036136820912361145,
    "mean": 0.0061542875675617585
  },
  "layer2.3.bn3.weight": {
    "max": 0.07621446996927261,
    "mean": 0.01139380105721232
  },
  "layer2.3.conv1.weight": {
    "max": 0.29366111755371094,
    "mean": 0.04400524420331099
  },
  "layer2.3.conv2.weight": {
    "max": 0.30409523844718933,
    "mean": 0.04310254004251744
  },
  "layer2.3.conv3.weight": {
    "max": 0.3054479658603668,
    "mean": 0.04607646449934691
  },
  "layer3.0.bn1.bias": {
    "max": 0.08150693029165268,
    "mean": 0.011937127741818715
  },
  "layer3.0.bn1.weight": {
    "max": 0.14020945131778717,
    "mean": 0.01900765663578308
  },
  "layer3.0.bn2.bias": {
    "max": 0.02946615405380726,
    "mean": 0.005271638507879938
  },
  "layer3.0.bn2.weight": {
    "max": 0.06058638542890549,
    "mean": 0.010169076497383816
  },
  "layer3.0.bn3.bias": {
    "max": 0.04218035936355591,
    "mean": 0.008658296995646587
  },
  "layer3.0.bn3.weight": {
    "max": 0.08143693953752518,
    "mean": 0.014125397000461816
  },
  "layer3.0.conv1.weight": {
    "max": 0.45752450823783875,
    "mean": 0.07171363634256912
  },
  "layer3.0.conv2.weight": {
    "max": 0.2422838658094406,
    "mean": 0.04337212708944987
  },
  "layer3.0.conv3.weight": {
    "max": 0.3077896237373352,
    "mean": 0.05657564475334116
  },