{
  "bn1.bias": {
    "max": 0.07800538092851639,
    "mean": 0.011840704741106102
  },
  "bn1.weight": {
    "max": 0.2719922959804535,
    "mean": 0.04027923885125866
  },
  "conv1.weight": {
    "max": 1.3971707820892334,
    "mean": 0.21349585274068106
  },
  "fc.bias": {
    "max": 0.08096428215503693,
    "mean": 0.020383140215209487
  },
  "fc.weight": {
    "max": 0.9983060359954834,
    "mean": 0.27205277914780057
  },
  "layer1.0.bn1.bias": {
    "max": 0.06809650361537933,
    "mean": 0.01066319754659032
  },
  "layer1.0.bn1.weight": {
    "max": 0.10005396604537964,
    "mean": 0.014269474403949321
  },
  "layer1.0.bn2.bias": {
    "max": 0.06534231454133987,
    "mean": 0.010094189381613562
  },
  "layer1.0.bn2.weight": {
    "max": 0.10823159664869308,
    "mean": 0.01890508617020844
  },
  "layer1.0.bn3.bias": {
    "max": 0.11699840426445007,
    "mean": 0.021624488862788505
  },
  "layer1.0.bn3.weight": {
    "max": 0.575859785079956,
    "mean": 0.05036430010671861
  },
  "layer1.0.conv1.weight": {
    "max": 0.4697726368904114,
    "mean": 0.05791074786385122
  },
  "layer1.0.conv2.weight": {
    "max": 0.785072386264801,
    "mean": 0.08908269942970946
  },
  "layer1.0.conv3.weight": {
    "max": 0.5352891683578491,
    "mean": 0.07373628493514843
  },
  "layer1.0.downsample.0.weight": {
    "max": 1.0862843990325928,
    "mean": 0.1523073466068932
  },
  "layer1.0.downsample.1.bias": {
    "max": 0.11699840426445007,
    "mean": 0.021624488862788505
  },
  "layer1.0.downsample.1.weight": {
    "max": 0.5186579823493958,
    "mean": 0.04784159303543025
  },
  "layer1.1.bn1.bias": {
    "max": 0.06622854620218277,
    "mean": 0.012788108125033821
  },
  "layer1.1.bn1.weight": {
    "max": 0.09766022861003876,
    "mean": 0.018412178525884105
  },
  "layer1.1.bn2.bias": {
    "max": 0.028795527294278145,
    "mean": 0.006134074287183466
  },
  "layer1.1.bn2.weight": {
    "max": 0.058202873915433884,
    "mean": 0.01141627526247508
  },
  "layer1.1.bn3.bias": {
    "max": 0.07690344005823135,
    "mean": 0.015571778437920979
  },
  "layer1.1.bn3.weight": {
    "max": 0.2302512377500534,
    "mean": 0.03573594130600603
  },
  "layer1.1.conv1.weight": {
    "max": 0.1772882491350174,
    "mean": 0.03132212539793857
  },
  "layer1.1.conv2.weight": {
    "max": 0.21239830553531647,
    "mean": 0.041708204675898225
  },
  "layer1.1.conv3.weight": {
    "max": 0.26178234815597534,
    "mean": 0.04410545333089041
  },
  "layer1.2.bn1.bias": {
    "max": 0.02743881568312645,
    "mean": 0.004815854089340843
  },
  "layer1.2.bn1.weight": {
    "max": 0.03911174088716507,
    "mean": 0.007001730934259415
  },
  "layer1.2.bn2.bias": {
    "max": 0.01835297793149948,
    "mean": 0.004087629713768755
  },
  "layer1.2.bn2.weight": {
    "max": 0.050687726587057114,
    "mean": 0.0076713742126490354
  },
  "layer1.2.bn3.bias": {
    "max": 0.05888761207461357,
    "mean": 0.0111733410998048
  },
  "layer1.2.bn3.weight": {
    "max": 0.109887033700943,
    "mean": 0.019714977677919836
  },
  "layer1.2.conv1.weight": {
    "max": 0.17667463421821594,
    "mean": 0.031391486736496776
  },
  "layer1.2.conv2.weight": {
    "max": 0.1913186013698578,
    "mean": 0.03790658742380661
  },
  "layer1.2.conv3.weight": {
    "max": 0.20424090325832367,
    "mean": 0.03705911868102183
  },
  "layer2.0.bn1.bias": {
    "max": 0.0521208755671978,
    "mean": 0.008535531794238653
  },
  "layer2.0.bn1.weight": {
    "max": 0.07111521810293198,
    "mean": 0.011933637383460467
  },
  "layer2.0.bn2.bias": {
    "max": 0.02520592324435711,
    "mean": 0.004493733116936969
  },
  "layer2.0.bn2.weight": {
    "max": 0.05693984031677246,
    "mean": 0.009901178813036366
  },
  "layer2.0.bn3.bias": {
    "max": 0.039384517818689346,
    "mean": 0.0076834071241423125
  },
  "layer2.0.bn3.weight": {
    "max": 0.06996474415063858,
    "mean": 0.012264197856046459
  },
  "layer2.0.conv1.weight": {
    "max": 0.34550902247428894,
    "mean": 0.05764437023101242
  },
  "layer2.0.conv2.weight": {
    "max": 0.21498620510101318,
    "mean": 0.04148052963710922
  },
  "layer2.0.conv3.weight": {
    "max": 0.34259775280952454,
    "mean": 0.05737026991264429
  },
  "layer2.0.downsample.0.weight": {
    "max": 0.2872330844402313,
    "mean": 0.053251292978363514
  },
  "layer2.0.downsample.1.bias": {
    "max": 0.039384517818689346,
    "mean": 0.0076834071241423125
  },
  "layer2.0.downsample.1.weight": {
    "max": 0.06613503396511078,
    "mean": 0.011722643319163971
  },
  "layer2.1.bn1.bias": {
    "max": 0.03405512496829033,
    "mean": 0.00737298436277862
  },
  "layer2.1.bn1.weight": {
    "max": 0.05354424938559532,
    "mean": 0.012152506219780273
  },
  "layer2.1.bn2.bias": {
    "max": 0.03327104449272156,
    "mean": 0.007945079669298138
  },
  "layer2.1.bn2.weight": {
    "max": 0.05452296882867813,
    "mean": 0.011551106396426413
  },
  "layer2.1.bn3.bias": {
    "max": 0.035492975264787674,
    "mean": 0.00681602655205227
  },
  "layer2.1.bn3.weight": {
    "max": 0.05873783677816391,
    "mean": 0.011559824489585091
  },
  "layer2.1.conv1.weight": {
    "max": 0.16596394777297974,
    "mean": 0.034317338662388334
  },
  "layer2.1.conv2.weight": {
    "max": 0.2498469054698944,
    "mean": 0.05687484256008507
  },
  "layer2.1.conv3.weight": {
    "max": 0.26686182618141174,
    "mean": 0.051010562722388256
  },
  "layer2.2.bn1.bias": {
    "max": 0.03824412822723389,
    "mean": 0.008106239166559785
  },
  "layer2.2.bn1.weight": {
    "max": 0.054723504930734634,
    "mean": 0.012693956191214965
  },
  "layer2.2.bn2.bias": {
    "max": 0.05048276111483574,
    "mean": 0.006465318263622716
  },
  "layer2.2.bn2.weight": {
    "max": 0.07104986906051636,
    "mean": 0.011139054828256901
  },
  "layer2.2.bn3.bias": {
    "max": 0.03258523717522621,
    "mean": 0.006247854750378922
  },
  "layer2.2.bn3.weight": {
    "max": 0.05742243304848671,
    "mean": 0.010333895224612206
  },
  "layer2.2.conv1.weight": {
    "max": 0.16155605018138885,
    "mean": 0.031425154958602174
  },
  "layer2.2.conv2.weight": {
    "max": 0.24419431388378143,
    "mean": 0.045482558344208106
  },
  "layer2.2.conv3.weight": {
    "max": 0.24918927252292633,
    "mean": 0.050426989393641375
  },
  "layer2.3.bn1.bias": {
    "max": 0.03914789855480194,
    "mean": 0.006471227991891542
  },
  "layer2.3.bn1.weight": {
    "max": 0.06672241538763046,
    "mean": 0.01052280479599306
  },
  "layer2.3.bn2.bias": {
    "max": 0.03680955618619919,
    "mean": 0.006509367348605468
  },
  "layer2.3.bn2.weight": {
    "max": 0.06933564692735672,
    "mean": 0.010753289606800536
  },
  "layer2.3.bn3.bias": {
    "max": 0.028413258492946625,
    "mean": 0.005373728416577381
  },
  "layer2.3.bn3.weight": {
    "max": 0.06336438655853271,
    "mean": 0.009284639975646445
  },
  "layer2.3.conv1.weight": {
    "max": 0.22949178516864777,
    "mean": 0.03696703614168135
  },
  "layer2.3.conv2.weight": {
    "max": 0.2036091834306717,
    "mean": 0.03847719710245396
  },
  "layer2.3.conv3.weight": {
    "max": 0.23607924580574036,
    "mean": 0.03979487543401774
  },
  "layer3.0.bn1.bias": {
    "max": 0.05425136908888817,
    "mean": 0.01087515231344566
  },
  "layer3.0.bn1.weight": {
    "max": 0.091568723320961,
    "mean": 0.017108885125614638
  },
  "layer3.0.bn2.bias": {
    "max": 0.02456582896411419,
    "mean": 0.004741263554429419
  },
  "layer3.0.bn2.weight": {
    "max": 0.06015383452177048,
    "mean": 0.009271782730876501
  },
  "layer3.0.bn3.bias": {
    "max": 0.03748777508735657,
    "mean": 0.007772306222447826
  },
  "layer3.0.bn3.weight": {
    "max": 0.06913202255964279,
    "mean": 0.012663450041000033
  },
  "layer3.0.conv1.weight": {
    "max": 0.3466070294380188,
    "mean": 0.06303103832261903
  },
  "layer3.0.conv2.weight": {
    "max": 0.20163728296756744,
    "mean": 0.03928739069304096
  },
  "layer3.0.conv3.weight": {
    "max": 0.27358290553092957,