{
  "bn1.bias": {
    "max": 0.05685383081436157,
    "mean": 0.008712062039578866
  },
  "bn1.weight": {
    "max": 0.17371493577957153,
    "mean": 0.03181746303004079
  },
  "conv1.weight": {
    "max": 0.7692645788192749,
    "mean": 0.16072253189781416
  },
  "fc.bias": {
    "max": 0.06556171923875809,
    "mean": 0.01800706507089282
  },
  "fc.weight": {
    "max": 0.9006162285804749,
    "mean": 0.23494948250108533
  },
  "layer1.0.bn1.bias": {
    "max": 0.04717164859175682,
    "mean": 0.008703231602765819
  },
  "layer1.0.bn1.weight": {
    "max": 0.0556483194231987,
    "mean": 0.011166657558808635
  },
  "layer1.0.bn2.bias": {
    "max": 0.04798111692070961,
    "mean": 0.008234550958690566
  },
  "layer1.0.bn2.weight": {
    "max": 0.0875898078083992,
    "mean": 0.015669548214562904
  },
  "layer1.0.bn3.bias": {
    "max": 0.1232052892446518,
    "mean": 0.017513821178415257
  },
  "layer1.0.bn3.weight": {
    "max": 0.2556653320789337,
    "mean": 0.04122788046120799
  },
  "layer1.0.conv1.weight": {
    "max": 0.24094443023204803,
    "mean": 0.046197578321942795
  },
  "layer1.0.conv2.weight": {
    "max": 0.29186752438545227,
    "mean": 0.07004960289989998
  },
  "layer1.0.conv3.weight": {
    "max": 0.2976592779159546,
    "mean": 0.06014349742509824
  },
  "layer1.0.downsample.0.weight": {
    "max": 0.6180509924888611,
    "mean": 0.11976222350062536
  },
  "layer1.0.downsample.1.bias": {
    "max": 0.1232052892446518,
    "mean": 0.017513821178415257
  },
  "layer1.0.downsample.1.weight": {
    "max": 0.22197109460830688,
    "mean": 0.03870107349923014
  },
  "layer1.1.bn1.bias": {
    "max": 0.06311079114675522,
    "mean": 0.010411864546102672
  },
  "layer1.1.bn1.weight": {
    "max": 0.07499425858259201,
    "mean": 0.014447362703088272
  },
  "layer1.1.bn2.bias": {
    "max": 0.027845650911331177,
    "mean": 0.0047678750439081345
  },
  "layer1.1.bn2.weight": {
    "max": 0.05404292047023773,
    "mean": 0.008620814667499092
  },
  "layer1.1.bn3.bias": {
    "max": 0.06983155757188797,
    "mean": 0.012344820686848834
  },
  "layer1.1.bn3.weight": {
    "max": 0.15852805972099304,
    "mean": 0.029087869419683037
  },
  "layer1.1.conv1.weight": {
    "max": 0.12579074501991272,
    "mean": 0.0260274791010722
  },
  "layer1.1.conv2.weight": {
    "max": 0.15680095553398132,
    "mean": 0.03143299059543227
  },
  "layer1.1.conv3.weight": {
    "max": 0.16041427850723267,
    "mean": 0.034232735364930704
  },
  "layer1.2.bn1.bias": {
    "max": 0.025675209239125252,
    "mean": 0.003947007958257537
  },
  "layer1.2.bn1.weight": {
    "max": 0.03646868094801903,
    "mean": 0.00566138685290103
  },
  "layer1.2.bn2.bias": {
    "max": 0.014026644639670849,
    "mean": 0.0034136803038251986
  },
  "layer1.2.bn2.weight": {
    "max": 0.034798476845026016,
    "mean": 0.006285025983524975
  },
  "layer1.2.bn3.bias": {
    "max": 0.05381344258785248,
    "mean": 0.008830509108166943
  },
  "layer1.2.bn3.weight": {
    "max": 0.10609381645917892,
    "mean": 0.01611907726602762
  },
  "layer1.2.conv1.weight": {
    "max": 0.12588131427764893,
    "mean": 0.02451069312985055
  },
  "layer1.2.conv2.weight": {
    "max": 0.15856608748435974,
    "mean": 0.030164624336341928
  },
  "layer1.2.conv3.weight": {
    "max": 0.1535632312297821,
    "mean": 0.02972691604202347
  },
  "layer2.0.bn1.bias": {
    "max": 0.04620622470974922,
    "mean": 0.007098019231884142
  },
  "layer2.0.bn1.weight": {
    "max": 0.05728953331708908,
    "mean": 0.009675371975006003
  },
  "layer2.0.bn2.bias": {
    "max": 0.020364470779895782,
    "mean": 0.003812192394897076
  },
  "layer2.0.bn2.weight": {
    "max": 0.0467325858771801,
    "mean": 0.008014685911766718
  },
  "layer2.0.bn3.bias": {
    "max": 0.04269203543663025,
    "mean": 0.00647617987718799
  },
  "layer2.0.bn3.weight": {
    "max": 0.05593043193221092,
    "mean": 0.009836751775167484
  },
  "layer2.0.conv1.weight": {
    "max": 0.274247407913208,
    "mean": 0.04679498033781004
  },
  "layer2.0.conv2.weight": {
    "max": 0.16600514948368073,
    "mean": 0.03354593614049788
  },
  "layer2.0.conv3.weight": {
    "max": 0.23689591884613037,
    "mean": 0.04641300060353907
  },
  "layer2.0.downsample.0.weight": {
    "max": 0.22267520427703857,
    "mean": 0.0436908104846121
  },
  "layer2.0.downsample.1.bias": {
    "max": 0.04269203543663025,
    "mean": 0.00647617987718799
  },
  "layer2.0.downsample.1.weight": {
    "max": 0.05526390299201012,
    "mean": 0.00963028188503813
  },
  "layer2.1.bn1.bias": {
    "max": 0.04051847755908966,
    "mean": 0.006022505430425684
  },
  "layer2.1.bn1.weight": {
    "max": 0.05247136577963829,
    "mean": 0.009634717161908547
  },
  "layer2.1.bn2.bias": {
    "max": 0.05544885993003845,
    "mean": 0.006803233557023175
  },
  "layer2.1.bn2.weight": {
    "max": 0.06005001440644264,
    "mean": 0.009496275405524232
  },
  "layer2.1.bn3.bias": {
    "max": 0.0381694920361042,
    "mean": 0.00576164639538287
  },
  "layer2.1.bn3.weight": {
    "max": 0.049541570246219635,
    "mean": 0.009378759570494628
  },
  "layer2.1.conv1.weight": {
    "max": 0.14669400453567505,
    "mean": 0.026399827065678047
  },
  "layer2.1.conv2.weight": {
    "max": 0.42679324746131897,
    "mean": 0.047833282583326635
  },
  "layer2.1.conv3.weight": {
    "max": 0.2272203117609024,
    "mean": 0.041915974678039286
  },
  "layer2.2.bn1.bias": {
    "max": 0.039268527179956436,
    "mean": 0.006530141188247528
  },
  "layer2.2.bn1.weight": {
    "max": 0.05376265197992325,
    "mean": 0.009993583402579784
  },
  "layer2.2.bn2.bias": {
    "max": 0.031124679371714592,
    "mean": 0.005047807923962994
  },
  "layer2.2.bn2.weight": {
    "max": 0.05267565697431564,
    "mean": 0.008426110620244539
  },
  "layer2.2.bn3.bias": {
    "max": 0.03177870810031891,
    "mean": 0.0052443664677308075
  },
  "layer2.2.bn3.weight": {
    "max": 0.0482063852250576,
    "mean": 0.008347743250654146
  },
  "layer2.2.conv1.weight": {
    "max": 0.12735019624233246,
    "mean": 0.024914002050978264
  },
  "layer2.2.conv2.weight": {
    "max": 0.19766131043434143,
    "mean": 0.03498788841800498
  },
  "layer2.2.conv3.weight": {
    "max": 0.31972581148147583,
    "mean": 0.039539222994686235
  },
  "layer2.3.bn1.bias": {
    "max": 0.03811551630496979,
    "mean": 0.005212720001831517
  },
  "layer2.3.bn1.weight": {
    "max": 0.05422303080558777,
    "mean": 0.008340273926442023
  },
  "layer2.3.bn2.bias": {
    "max": 0.03524911403656006,
    "mean": 0.005162611033675993
  },
  "layer2.3.bn2.weight": {
    "max": 0.04340439289808273,
    "mean": 0.008652103141648694
  },
  "layer2.3.bn3.bias": {
    "max": 0.02759864367544651,
    "mean": 0.004532371777251163
  },
  "layer2.3.bn3.weight": {
    "max": 0.04213857650756836,
    "mean": 0.007439200049307796
  },
  "layer2.3.conv1.weight": {
    "max": 0.14827021956443787,
    "mean": 0.028247821236395142
  },
  "layer2.3.conv2.weight": {
    "max": 0.1490374654531479,
    "mean": 0.02958952777736288
  },
  "layer2.3.conv3.weight": {
    "max": 0.1637134552001953,
    "mean": 0.031547284060590236
  },
  "layer3.0.bn1.bias": {
    "max": 0.05972684174776077,
    "mean": 0.00944984339934308
  },
  "layer3.0.bn1.weight": {
    "max": 0.07390480488538742,
    "mean": 0.014417101397162436
  },
  "layer3.0.bn2.bias": {
    "max": 0.025740139186382294,
    "mean": 0.004149153104413667
  },
  "layer3.0.bn2.weight": {
    "max": 0.038939982652664185,
    "mean": 0.007815530546691402
  },
  "layer3.0.bn3.bias": {
    "max": 0.037296321243047714,
    "mean": 0.006685885874737453
  },
  "layer3.0.bn3.weight": {
    "max": 0.059394266456365585,
    "mean": 0.010813631261948363
  },
  "layer3.0.conv1.weight": {
    "max": 0.2741200029850006,
    "mean": 0.05240881652720938
  },
  "layer3.0.conv2.weight": {
    "max": 0.15848082304000854,
    "mean": 0.032551444380910004
  },
  "layer3.0.conv3.weight": {
    "max": 0.22363969683647156,