{
  "bn1.bias": {
    "max": 0.131875142455101,
    "mean": 0.011014262478233183
  },
  "bn1.weight": {
    "max": 0.3438322842121124,
    "mean": 0.041206598720912424
  },
  "conv1.weight": {
    "max": 1.4474477767944336,
    "mean": 0.19826386560153747
  },
  "fc.bias": {
    "max": 0.06555021554231644,
    "mean": 0.01870609472655425
  },
  "fc.weight": {
    "max": 1.066103219985962,
    "mean": 0.2556798217472221
  },
  "layer1.0.bn1.bias": {
    "max": 0.12203589826822281,
    "mean": 0.010834793710964732
  },
  "layer1.0.bn1.weight": {
    "max": 0.11224985867738724,
    "mean": 0.013087300611909346
  },
  "layer1.0.bn2.bias": {
    "max": 0.10092030465602875,
    "mean": 0.009847520679884057
  },
  "layer1.0.bn2.weight": {
    "max": 0.14925630390644073,
    "mean": 0.01819345437539076
  },
  "layer1.0.bn3.bias": {
    "max": 0.1708679497241974,
    "mean": 0.02243538653012365
  },
  "layer1.0.bn3.weight": {
    "max": 0.5211660861968994,
    "mean": 0.05268891303966354
  },
  "layer1.0.conv1.weight": {
    "max": 0.43351107835769653,
    "mean": 0.06092815704543942
  },
  "layer1.0.conv2.weight": {
    "max": 0.8532979488372803,
    "mean": 0.08126640661619604
  },
  "layer1.0.conv3.weight": {
    "max": 0.4595292806625366,
    "mean": 0.06972484271773802
  },
  "layer1.0.downsample.0.weight": {
    "max": 1.2784217596054077,
    "mean": 0.15748447857597578
  },
  "layer1.0.downsample.1.bias": {
    "max": 0.1708679497241974,
    "mean": 0.02243538653012365
  },
  "layer1.0.downsample.1.weight": {
    "max": 0.4767506420612335,
    "mean": 0.049001830573459824
  },
  "layer1.1.bn1.bias": {
    "max": 0.11061258614063263,
    "mean": 0.014444582519853222
  },
  "layer1.1.bn1.weight": {
    "max": 0.16055652499198914,
    "mean": 0.019255019427509977
  },
  "layer1.1.bn2.bias": {
    "max": 0.04945316165685654,
    "mean": 0.006196121275549688
  },
  "layer1.1.bn2.weight": {
    "max": 0.10396348685026169,
    "mean": 0.010968830354478477
  },
  "layer1.1.bn3.bias": {
    "max": 0.10951384902000427,
    "mean": 0.015592545586904245
  },
  "layer1.1.bn3.weight": {
    "max": 0.2623426914215088,
    "mean": 0.03492425327671559
  },
  "layer1.1.conv1.weight": {
    "max": 0.24480438232421875,
    "mean": 0.031313651833749775
  },
  "layer1.1.conv2.weight": {
    "max": 0.2864442765712738,
    "mean": 0.038102238367012306
  },
  "layer1.1.conv3.weight": {
    "max": 0.32642412185668945,
    "mean": 0.042320414580338236
  },
  "layer1.2.bn1.bias": {
    "max": 0.04387513920664787,
    "mean": 0.0046221584901338375
  },
  "layer1.2.bn1.weight": {
    "max": 0.057057373225688934,
    "mean": 0.0064770093814669446
  },
  "layer1.2.bn2.bias": {
    "max": 0.029872188344597816,
    "mean": 0.003765492884454683
  },
  "layer1.2.bn2.weight": {
    "max": 0.05124063044786453,
    "mean": 0.006737056938249485
  },
  "layer1.2.bn3.bias": {
    "max": 0.08732028305530548,
    "mean": 0.010816625359085655
  },
  "layer1.2.bn3.weight": {
    "max": 0.1294373720884323,
    "mean": 0.01836268203482697
  },
  "layer1.2.conv1.weight": {
    "max": 0.2516864836215973,
    "mean": 0.03008971733440246
  },
  "layer1.2.conv2.weight": {
    "max": 0.28495892882347107,
    "mean": 0.03378709756153902
  },
  "layer1.2.conv3.weight": {
    "max": 0.24165678024291992,
    "mean": 0.033346345232234204
  },
  "layer2.0.bn1.bias": {
    "max": 0.06503298133611679,
    "mean": 0.008043937808293516
  },
  "layer2.0.bn1.weight": {
    "max": 0.07614322006702423,
    "mean": 0.010643070313048416
  },
  "layer2.0.bn2.bias": {
    "max": 0.027570528909564018,
    "mean": 0.003972659275147765
  },
  "layer2.0.bn2.weight": {
    "max": 0.05950604006648064,
    "mean": 0.00853450340260419
  },
  "layer2.0.bn3.bias": {
    "max": 0.05444394052028656,
    "mean": 0.007330183447463372
  },
  "layer2.0.bn3.weight": {
    "max": 0.07965665310621262,
    "mean": 0.010791111926165676
  },
  "layer2.0.conv1.weight": {
    "max": 0.3448168933391571,
    "mean": 0.05465835340321064
  },
  "layer2.0.conv2.weight": {
    "max": 0.22023870050907135,
    "mean": 0.03554383518839521
  },
  "layer2.0.conv3.weight": {
    "max": 0.34726157784461975,
    "mean": 0.04946120806504041
  },
  "layer2.0.downsample.0.weight": {
    "max": 0.3053625524044037,
    "mean": 0.04875330921462072
  },
  "layer2.0.downsample.1.bias": {
    "max": 0.05444394052028656,
    "mean": 0.007330183447463372
  },
  "layer2.0.downsample.1.weight": {
    "max": 0.07621533423662186,
    "mean": 0.010929750769781614
  },
  "layer2.1.bn1.bias": {
    "max": 0.07154792547225952,
    "mean": 0.007244552122761629
  },
  "layer2.1.bn1.weight": {
    "max": 0.1118469387292862,
    "mean": 0.011492098173475825
  },
  "layer2.1.bn2.bias": {
    "max": 0.05241817235946655,
    "mean": 0.007676142551354133
  },
  "layer2.1.bn2.weight": {
    "max": 0.0698385089635849,
    "mean": 0.010316868022533267
  },
  "layer2.1.bn3.bias": {
    "max": 0.04931202158331871,
    "mean": 0.006564790979360364
  },
  "layer2.1.bn3.weight": {
    "max": 0.07588472962379456,
    "mean": 0.010738206066557072
  },
  "layer2.1.conv1.weight": {
    "max": 0.22343923151493073,
    "mean": 0.031158922760181926
  },
  "layer2.1.conv2.weight": {
    "max": 0.42136314511299133,
    "mean": 0.05482283461107207
  },
  "layer2.1.conv3.weight": {
    "max": 0.26946353912353516,
    "mean": 0.04682050920424185
  },
  "layer2.2.bn1.bias": {
    "max": 0.05283169448375702,
    "mean": 0.007355914501240477
  },
  "layer2.2.bn1.weight": {
    "max": 0.07875315845012665,
    "mean": 0.010957387320564262
  },
  "layer2.2.bn2.bias": {
    "max": 0.033108796924352646,
    "mean": 0.005280125688254234
  },
  "layer2.2.bn2.weight": {
    "max": 0.0707811489701271,
    "mean": 0.008705908571053961
  },
  "layer2.2.bn3.bias": {
    "max": 0.045062318444252014,
    "mean": 0.005982089048650648
  },
  "layer2.2.bn3.weight": {
    "max": 0.057525552809238434,
    "mean": 0.008875963638337063
  },
  "layer2.2.conv1.weight": {
    "max": 0.17259661853313446,
    "mean": 0.026842561651886043
  },
  "layer2.2.conv2.weight": {
    "max": 0.23470228910446167,
    "mean": 0.03617344175881174
  },
  "layer2.2.conv3.weight": {
    "max": 0.2761845588684082,
    "mean": 0.039390837078847524
  },
  "layer2.3.bn1.bias": {
    "max": 0.046948906034231186,
    "mean": 0.005957662878582986
  },
  "layer2.3.bn1.weight": {
    "max": 0.08762824535369873,
    "mean": 0.009243284917070663
  },
  "layer2.3.bn2.bias": {
    "max": 0.0390951968729496,
    "mean": 0.005392994738857461
  },
  "layer2.3.bn2.weight": {
    "max": 0.06207899749279022,
    "mean": 0.008656311743418752
  },
  "layer2.3.bn3.bias": {
    "max": 0.0357549823820591,
    "mean": 0.005066368025020763
  },
  "layer2.3.bn3.weight": {
    "max": 0.046721525490283966,
    "mean": 0.007912018747883848
  },
  "layer2.3.conv1.weight": {
    "max": 0.2309660166501999,
    "mean": 0.03169224670822067
  },
  "layer2.3.conv2.weight": {
    "max": 0.2216978371143341,
    "mean": 0.030561729288560206
  },
  "layer2.3.conv3.weight": {
    "max": 0.21514174342155457,
    "mean": 0.03203659846164685
  },
  "layer3.0.bn1.bias": {
    "max": 0.07680720090866089,
    "mean": 0.009894737825546014
  },
  "layer3.0.bn1.weight": {
    "max": 0.10449938476085663,
    "mean": 0.014906195210725335
  },
  "layer3.0.bn2.bias": {
    "max": 0.022412367165088654,
    "mean": 0.00417645340278146
  },
  "layer3.0.bn2.weight": {
    "max": 0.037041470408439636,
    "mean": 0.0075633619519066995
  },
  "layer3.0.bn3.bias": {
    "max": 0.03933215141296387,
    "mean": 0.0069144979754180115
  },
  "layer3.0.bn3.weight": {
    "max": 0.04977681115269661,
    "mean": 0.010438763428496063
  },
  "layer3.0.conv1.weight": {
    "max": 0.37154364585876465,
    "mean": 0.05518886099103838
  },
  "layer3.0.conv2.weight": {
    "max": 0.16092602908611298,
    "mean": 0.03236035901271472
  },
  "layer3.0.conv3.weight": {
    "max": 0.21526725590229034,