{
  "bn1.bias": {
    "max": 0.15701445937156677,
    "mean": 0.019533461412523007
  },
  "bn1.weight": {
    "max": 0.315381795167923,
    "mean": 0.06194283719041518
  },
  "conv1.weight": {
    "max": 1.650818943977356,
    "mean": 0.3294300625646221
  },
  "fc.bias": {
    "max": 0.09666824340820312,
    "mean": 0.02789178577002271
  },
  "fc.weight": {
    "max": 1.4087722301483154,
    "mean": 0.41704777864207115
  },
  "layer1.0.bn1.bias": {
    "max": 0.10201582312583923,
    "mean": 0.01589995332320021
  },
  "layer1.0.bn1.weight": {
    "max": 0.11192253232002258,
    "mean": 0.020348186023100946
  },
  "layer1.0.bn2.bias": {
    "max": 0.09497784078121185,
    "mean": 0.01373860243524957
  },
  "layer1.0.bn2.weight": {
    "max": 0.15120162069797516,
    "mean": 0.028715985698592184
  },
  "layer1.0.bn3.bias": {
    "max": 0.22408805787563324,
    "mean": 0.033996995364847994
  },
  "layer1.0.bn3.weight": {
    "max": 0.37948229908943176,
    "mean": 0.07442105703571412
  },
  "layer1.0.conv1.weight": {
    "max": 0.43099087476730347,
    "mean": 0.09567493859013276
  },
  "layer1.0.conv2.weight": {
    "max": 0.9699652791023254,
    "mean": 0.13421669862465932
  },
  "layer1.0.conv3.weight": {
    "max": 0.5262027382850647,
    "mean": 0.10323366607240002
  },
  "layer1.0.downsample.0.weight": {
    "max": 0.9422754049301147,
    "mean": 0.23223896873715733
  },
  "layer1.0.downsample.1.bias": {
    "max": 0.22408805787563324,
    "mean": 0.033996995364847994
  },
  "layer1.0.downsample.1.weight": {
    "max": 0.3495539724826813,
    "mean": 0.07082256247455786
  },
  "layer1.1.bn1.bias": {
    "max": 0.28776752948760986,
    "mean": 0.022969808741140046
  },
  "layer1.1.bn1.weight": {
    "max": 0.39019086956977844,
    "mean": 0.030565580080978438
  },
  "layer1.1.bn2.bias": {
    "max": 0.08617781102657318,
    "mean": 0.009484971975367183
  },
  "layer1.1.bn2.weight": {
    "max": 0.12557382881641388,
    "mean": 0.016959321896928097
  },
  "layer1.1.bn3.bias": {
    "max": 0.13388237357139587,
    "mean": 0.0234617723163683
  },
  "layer1.1.bn3.weight": {
    "max": 0.3132811486721039,
    "mean": 0.05318527331309659
  },
  "layer1.1.conv1.weight": {
    "max": 0.5944817066192627,
    "mean": 0.05338241172206056
  },
  "layer1.1.conv2.weight": {
    "max": 0.6944217085838318,
    "mean": 0.06457080562898357
  },
  "layer1.1.conv3.weight": {
    "max": 0.5883603692054749,
    "mean": 0.06919858236630846
  },
  "layer1.2.bn1.bias": {
    "max": 0.03693726286292076,
    "mean": 0.007115659858848501
  },
  "layer1.2.bn1.weight": {
    "max": 0.0449535995721817,
    "mean": 0.010136522001474597
  },
  "layer1.2.bn2.bias": {
    "max": 0.028939399868249893,
    "mean": 0.006018941006456901
  },
  "layer1.2.bn2.weight": {
    "max": 0.051738251000642776,
    "mean": 0.010718239464289842
  },
  "layer1.2.bn3.bias": {
    "max": 0.09242550283670425,
    "mean": 0.01687007952510612
  },
  "layer1.2.bn3.weight": {
    "max": 0.2005784660577774,
    "mean": 0.02945758963494362
  },
  "layer1.2.conv1.weight": {
    "max": 0.23830369114875793,
    "mean": 0.048041019380658065
  },
  "layer1.2.conv2.weight": {
    "max": 0.31335556507110596,
    "mean": 0.05478772242220917
  },
  "layer1.2.conv3.weight": {
    "max": 0.28668075799942017,
    "mean": 0.05311198339448311
  },
  "layer2.0.bn1.bias": {
    "max": 0.05775893107056618,
    "mean": 0.012281436650165622
  },
  "layer2.0.bn1.weight": {
    "max": 0.07334829866886139,
    "mean": 0.016579249265903075
  },
  "layer2.0.bn2.bias": {
    "max": 0.024636249989271164,
    "mean": 0.006110604284102529
  },
  "layer2.0.bn2.weight": {
    "max": 0.07659304887056351,
    "mean": 0.013446785489629421
  },
  "layer2.0.bn3.bias": {
    "max": 0.044951315969228745,
    "mean": 0.010953540356256002
  },
  "layer2.0.bn3.weight": {
    "max": 0.0731840580701828,
    "mean": 0.016652928137336858
  },
  "layer2.0.conv1.weight": {
    "max": 0.4112272262573242,
    "mean": 0.08682510627965842
  },
  "layer2.0.conv2.weight": {
    "max": 0.2503075897693634,
    "mean": 0.05798629528842866
  },
  "layer2.0.conv3.weight": {
    "max": 0.3400656580924988,
    "mean": 0.07971213675237128
  },
  "layer2.0.downsample.0.weight": {
    "max": 0.6053510308265686,
    "mean": 0.07634457285782056
  },
  "layer2.0.downsample.1.bias": {
    "max": 0.044951315969228745,
    "mean": 0.010953540356256002
  },
  "layer2.0.downsample.1.weight": {
    "max": 0.0693364366889,
    "mean": 0.016398064732784406
  },
  "layer2.1.bn1.bias": {
    "max": 0.07955565303564072,
    "mean": 0.011041998520086053
  },
  "layer2.1.bn1.weight": {
    "max": 0.1466943472623825,
    "mean": 0.017780967394896183
  },
  "layer2.1.bn2.bias": {
    "max": 0.03910159692168236,
    "mean": 0.01083702713691829
  },
  "layer2.1.bn2.weight": {
    "max": 0.05112817883491516,
    "mean": 0.015259349974055243
  },
  "layer2.1.bn3.bias": {
    "max": 0.03621227294206619,
    "mean": 0.009500667289290245
  },
  "layer2.1.bn3.weight": {
    "max": 0.06102895364165306,
    "mean": 0.015776248910614025
  },
  "layer2.1.conv1.weight": {
    "max": 0.5443921685218811,
    "mean": 0.05198084732933369
  },
  "layer2.1.conv2.weight": {
    "max": 0.348602294921875,
    "mean": 0.08070789700407269
  },
  "layer2.1.conv3.weight": {
    "max": 0.27916690707206726,
    "mean": 0.07297415922262838
  },
  "layer2.2.bn1.bias": {
    "max": 0.04226117208600044,
    "mean": 0.010920339751547934
  },
  "layer2.2.bn1.weight": {
    "max": 0.0759761855006218,
    "mean": 0.017060547018274
  },
  "layer2.2.bn2.bias": {
    "max": 0.035551901906728745,
    "mean": 0.008150117654835672
  },
  "layer2.2.bn2.weight": {
    "max": 0.06704886257648468,
    "mean": 0.013747946031632766
  },
  "layer2.2.bn3.bias": {
    "max": 0.032682131975889206,
    "mean": 0.008579605136806744
  },
  "layer2.2.bn3.weight": {
    "max": 0.05141965299844742,
    "mean": 0.013124597849881476
  },
  "layer2.2.conv1.weight": {
    "max": 0.16559503972530365,
    "mean": 0.042697124692411825
  },
  "layer2.2.conv2.weight": {
    "max": 0.24885070323944092,
    "mean": 0.058618238443907886
  },
  "layer2.2.conv3.weight": {
    "max": 0.2950729429721832,
    "mean": 0.06524312198661002
  },
  "layer2.3.bn1.bias": {
    "max": 0.041105903685092926,
    "mean": 0.00915716347338665
  },
  "layer2.3.bn1.weight": {
    "max": 0.05130244791507721,
    "mean": 0.014163187211337832
  },
  "layer2.3.bn2.bias": {
    "max": 0.03986823558807373,
    "mean": 0.008818254197415496
  },
  "layer2.3.bn2.weight": {
    "max": 0.05666455626487732,
    "mean": 0.014315174125700391
  },
  "layer2.3.bn3.bias": {
    "max": 0.029548348858952522,
    "mean": 0.007293623058046381
  },
  "layer2.3.bn3.weight": {
    "max": 0.05182218551635742,
    "mean": 0.01302385842876642
  },
  "layer2.3.conv1.weight": {
    "max": 0.19343425333499908,
    "mean": 0.053610037273860406
  },
  "layer2.3.conv2.weight": {
    "max": 0.1838449388742447,
    "mean": 0.05178660461413009
  },
  "layer2.3.conv3.weight": {
    "max": 0.19936606287956238,
    "mean": 0.05491182027002131
  },
  "layer3.0.bn1.bias": {
    "max": 0.04922446236014366,
    "mean": 0.013966273928277328
  },
  "layer3.0.bn1.weight": {
    "max": 0.09076381474733353,
    "mean": 0.021422615815203504
  },
  "layer3.0.bn2.bias": {
    "max": 0.027062492445111275,
    "mean": 0.005933780710641128
  },
  "layer3.0.bn2.weight": {
    "max": 0.05007835477590561,
    "mean": 0.011396792254901292
  },
  "layer3.0.bn3.bias": {
    "max": 0.03533991053700447,
    "mean": 0.010063448261935264
  },
  "layer3.0.bn3.weight": {
    "max": 0.06266696751117706,
    "mean": 0.01573000209809314
  },
  "layer3.0.conv1.weight": {
    "max": 0.3341035544872284,
    "mean": 0.08572152436211972
  },
  "layer3.0.conv2.weight": {
    "max": 0.181698739528656,
    "mean": 0.049734668185701596
  },
  "layer3.0.conv3.weight": {
    "max": 0.23285363614559174,
    "mean": 0.06474991497982825
  },