{
  "bn1.bias": {
    "max": 0.11177929490804672,
    "mean": 0.011220621950259167
  },
  "bn1.weight": {
    "max": 0.2644058167934418,
    "mean": 0.0367860837493624
  },
  "conv1.weight": {
    "max": 1.285542368888855,
    "mean": 0.1842747629141169
  },
  "fc.bias": {
    "max": 0.09175135940313339,
    "mean": 0.020321452757676266
  },
  "fc.weight": {
    "max": 1.0268065929412842,
    "mean": 0.2426233090673174
  },
  "layer1.0.bn1.bias": {
    "max": 0.06845132261514664,
    "mean": 0.00918121313302046
  },
  "layer1.0.bn1.weight": {
    "max": 0.07886593043804169,
    "mean": 0.012957725114122565
  },
  "layer1.0.bn2.bias": {
    "max": 0.052465036511421204,
    "mean": 0.009304597217789186
  },
  "layer1.0.bn2.weight": {
    "max": 0.11970067769289017,
    "mean": 0.018840076896927453
  },
  "layer1.0.bn3.bias": {
    "max": 0.18102306127548218,
    "mean": 0.02059965064582814
  },
  "layer1.0.bn3.weight": {
    "max": 0.4094898998737335,
    "mean": 0.048786309960497806
  },
  "layer1.0.conv1.weight": {
    "max": 0.3584653437137604,
    "mean": 0.055413714996539055
  },
  "layer1.0.conv2.weight": {
    "max": 0.46821141242980957,
    "mean": 0.07957961493903505
  },
  "layer1.0.conv3.weight": {
    "max": 0.46154850721359253,
    "mean": 0.07915661847152348
  },
  "layer1.0.downsample.0.weight": {
    "max": 1.0681113004684448,
    "mean": 0.13674377048920308
  },
  "layer1.0.downsample.1.bias": {
    "max": 0.18102306127548218,
    "mean": 0.02059965064582814
  },
  "layer1.0.downsample.1.weight": {
    "max": 0.40831810235977173,
    "mean": 0.04693375109528591
  },
  "layer1.1.bn1.bias": {
    "max": 0.07013854384422302,
    "mean": 0.011424119815596247
  },
  "layer1.1.bn1.weight": {
    "max": 0.212784081697464,
    "mean": 0.01721332615391085
  },
  "layer1.1.bn2.bias": {
    "max": 0.033327821642160416,
    "mean": 0.005303974578938713
  },
  "layer1.1.bn2.weight": {
    "max": 0.06399676203727722,
    "mean": 0.010161094452237843
  },
  "layer1.1.bn3.bias": {
    "max": 0.11140358448028564,
    "mean": 0.014565583585894534
  },
  "layer1.1.bn3.weight": {
    "max": 0.21531827747821808,
    "mean": 0.033129150244141266
  },
  "layer1.1.conv1.weight": {
    "max": 0.5089229941368103,
    "mean": 0.03124271729528638
  },
  "layer1.1.conv2.weight": {
    "max": 0.32287460565567017,
    "mean": 0.03797382925038359
  },
  "layer1.1.conv3.weight": {
    "max": 0.31248050928115845,
    "mean": 0.039987439436704984
  },
  "layer1.2.bn1.bias": {
    "max": 0.02087552100419998,
    "mean": 0.004404981832319338
  },
  "layer1.2.bn1.weight": {
    "max": 0.03374798968434334,
    "mean": 0.0065969845843834
  },
  "layer1.2.bn2.bias": {
    "max": 0.02056233212351799,
    "mean": 0.0037292907056481845
  },
  "layer1.2.bn2.weight": {
    "max": 0.04120591655373573,
    "mean": 0.007143176537273185
  },
  "layer1.2.bn3.bias": {
    "max": 0.06522919982671738,
    "mean": 0.010711029929724256
  },
  "layer1.2.bn3.weight": {
    "max": 0.09595593065023422,
    "mean": 0.01835160243973535
  },
  "layer1.2.conv1.weight": {
    "max": 0.1745915412902832,
    "mean": 0.028810888112057
  },
  "layer1.2.conv2.weight": {
    "max": 0.19225572049617767,
    "mean": 0.03456112005381978
  },
  "layer1.2.conv3.weight": {
    "max": 0.18307049572467804,
    "mean": 0.03317076728147055
  },
  "layer2.0.bn1.bias": {
    "max": 0.049660198390483856,
    "mean": 0.007949947009328752
  },
  "layer2.0.bn1.weight": {
    "max": 0.061790831387043,
    "mean": 0.011131128815967324
  },
  "layer2.0.bn2.bias": {
    "max": 0.022147195413708687,
    "mean": 0.004033501252082974
  },
  "layer2.0.bn2.weight": {
    "max": 0.049501821398735046,
    "mean": 0.008846961540652306
  },
  "layer2.0.bn3.bias": {
    "max": 0.06505134701728821,
    "mean": 0.007155183393957226
  },
  "layer2.0.bn3.weight": {
    "max": 0.06263282895088196,
    "mean": 0.011170664597302675
  },
  "layer2.0.conv1.weight": {
    "max": 0.28970324993133545,
    "mean": 0.05218643482774496
  },
  "layer2.0.conv2.weight": {
    "max": 0.21376489102840424,
    "mean": 0.037402600878849626
  },
  "layer2.0.conv3.weight": {
    "max": 0.2682812809944153,
    "mean": 0.050881065245983854
  },
  "layer2.0.downsample.0.weight": {
    "max": 0.37470731139183044,
    "mean": 0.05202359609904566
  },
  "layer2.0.downsample.1.bias": {
    "max": 0.06505134701728821,
    "mean": 0.007155183393957226
  },
  "layer2.0.downsample.1.weight": {
    "max": 0.08113863319158554,
    "mean": 0.0114077426287778
  },
  "layer2.1.bn1.bias": {
    "max": 0.04774898663163185,
    "mean": 0.006414367649122141
  },
  "layer2.1.bn1.weight": {
    "max": 0.07196124643087387,
    "mean": 0.01078598262176716
  },
  "layer2.1.bn2.bias": {
    "max": 0.07455623149871826,
    "mean": 0.007159980171792475
  },
  "layer2.1.bn2.weight": {
    "max": 0.08286701142787933,
    "mean": 0.010210827998401197
  },
  "layer2.1.bn3.bias": {
    "max": 0.05838821083307266,
    "mean": 0.006311348781787923
  },
  "layer2.1.bn3.weight": {
    "max": 0.06486304104328156,
    "mean": 0.01015973885161137
  },
  "layer2.1.conv1.weight": {
    "max": 0.18069685995578766,
    "mean": 0.028783272266321415
  },
  "layer2.1.conv2.weight": {
    "max": 0.5054824352264404,
    "mean": 0.04841072345352066
  },
  "layer2.1.conv3.weight": {
    "max": 0.39924171566963196,
    "mean": 0.0446528162278368
  },
  "layer2.2.bn1.bias": {
    "max": 0.03376515582203865,
    "mean": 0.006855597758133497
  },
  "layer2.2.bn1.weight": {
    "max": 0.07592058181762695,
    "mean": 0.011178470209706574
  },
  "layer2.2.bn2.bias": {
    "max": 0.024996787309646606,
    "mean": 0.005264829930508442
  },
  "layer2.2.bn2.weight": {
    "max": 0.05280262604355812,
    "mean": 0.009376483446352982
  },
  "layer2.2.bn3.bias": {
    "max": 0.05266251787543297,
    "mean": 0.00576618898734783
  },
  "layer2.2.bn3.weight": {
    "max": 0.06355304270982742,
    "mean": 0.00918221345187963
  },
  "layer2.2.conv1.weight": {
    "max": 0.14743787050247192,
    "mean": 0.026031729763240686
  },
  "layer2.2.conv2.weight": {
    "max": 0.19848670065402985,
    "mean": 0.03753847622146298
  },
  "layer2.2.conv3.weight": {
    "max": 0.2196679562330246,
    "mean": 0.04240714688452759
  },
  "layer2.3.bn1.bias": {
    "max": 0.024059606716036797,
    "mean": 0.00536266533059201
  },
  "layer2.3.bn1.weight": {
    "max": 0.04332463815808296,
    "mean": 0.009006835706199387
  },
  "layer2.3.bn2.bias": {
    "max": 0.03078002855181694,
    "mean": 0.005648764628692463
  },
  "layer2.3.bn2.weight": {
    "max": 0.05318567901849747,
    "mean": 0.009755444061593153
  },
  "layer2.3.bn3.bias": {
    "max": 0.04643335938453674,
    "mean": 0.005000083902310247
  },
  "layer2.3.bn3.weight": {
    "max": 0.04517227038741112,
    "mean": 0.007915276168413194
  },
  "layer2.3.conv1.weight": {
    "max": 0.15911149978637695,
    "mean": 0.03017637958583821
  },
  "layer2.3.conv2.weight": {
    "max": 0.1521310806274414,
    "mean": 0.03220141344304596
  },
  "layer2.3.conv3.weight": {
    "max": 0.17628836631774902,
    "mean": 0.03414091695931607
  },
  "layer3.0.bn1.bias": {
    "max": 0.07833854109048843,
    "mean": 0.010173873093611162
  },
  "layer3.0.bn1.weight": {
    "max": 0.1084652841091156,
    "mean": 0.016567042824712448
  },
  "layer3.0.bn2.bias": {
    "max": 0.024250127375125885,
    "mean": 0.004470511833496857
  },
  "layer3.0.bn2.weight": {
    "max": 0.04773278906941414,
    "mean": 0.00852197603156258
  },
  "layer3.0.bn3.bias": {
    "max": 0.03476888686418533,
    "mean": 0.007176764390398083
  },
  "layer3.0.bn3.weight": {
    "max": 0.07136159390211105,
    "mean": 0.012186663558407288
  },
  "layer3.0.conv1.weight": {
    "max": 0.350271612405777,
    "mean": 0.058375898660825834
  },
  "layer3.0.conv2.weight": {
    "max": 0.19022196531295776,
    "mean": 0.03564172570427347
  },
  "layer3.0.conv3.weight": {
    "max": 0.2601607143878937,
    "mean": 0.046635077095457486
  },