{
  "bn1.bias": {
    "max": 0.07843813300132751,
    "mean": 0.014690497598743864
  },
  "bn1.weight": {
    "max": 0.18682155013084412,
    "mean": 0.05198478404033397
  },
  "conv1.weight": {
    "max": 1.405936360359192,
    "mean": 0.2800806428492069
  },
  "fc.bias": {
    "max": 0.08022326231002808,
    "mean": 0.02549732382442536
  },
  "fc.weight": {
    "max": 1.1437604427337646,
    "mean": 0.371346122143524
  },
  "layer1.0.bn1.bias": {
    "max": 0.07286326587200165,
    "mean": 0.013670041183442144
  },
  "layer1.0.bn1.weight": {
    "max": 0.09152599424123764,
    "mean": 0.017862105720975834
  },
  "layer1.0.bn2.bias": {
    "max": 0.08705972880125046,
    "mean": 0.012724988327660997
  },
  "layer1.0.bn2.weight": {
    "max": 0.14813195168972015,
    "mean": 0.026387364932202867
  },
  "layer1.0.bn3.bias": {
    "max": 0.11730042845010757,
    "mean": 0.028391115396682706
  },
  "layer1.0.bn3.weight": {
    "max": 0.34894347190856934,
    "mean": 0.06521259038110397
  },
  "layer1.0.conv1.weight": {
    "max": 0.4248685836791992,
    "mean": 0.07935200026524919
  },
  "layer1.0.conv2.weight": {
    "max": 0.545461893081665,
    "mean": 0.1105828388727137
  },
  "layer1.0.conv3.weight": {
    "max": 0.4364994168281555,
    "mean": 0.09354516535332161
  },
  "layer1.0.downsample.0.weight": {
    "max": 0.7269107699394226,
    "mean": 0.19782701838495476
  },
  "layer1.0.downsample.1.bias": {
    "max": 0.11730042845010757,
    "mean": 0.028391115396682706
  },
  "layer1.0.downsample.1.weight": {
    "max": 0.33791279792785645,
    "mean": 0.06225503829973084
  },
  "layer1.1.bn1.bias": {
    "max": 0.07701470702886581,
    "mean": 0.01820787361839653
  },
  "layer1.1.bn1.weight": {
    "max": 0.09696608036756516,
    "mean": 0.02564115160876619
  },
  "layer1.1.bn2.bias": {
    "max": 0.03540822118520737,
    "mean": 0.008215611190451975
  },
  "layer1.1.bn2.weight": {
    "max": 0.07234940677881241,
    "mean": 0.015343302083201706
  },
  "layer1.1.bn3.bias": {
    "max": 0.0795946717262268,
    "mean": 0.020177251829632693
  },
  "layer1.1.bn3.weight": {
    "max": 0.31443628668785095,
    "mean": 0.04720966512936035
  },
  "layer1.1.conv1.weight": {
    "max": 0.22397853434085846,
    "mean": 0.04791411447671375
  },
  "layer1.1.conv2.weight": {
    "max": 0.2437044382095337,
    "mean": 0.055191501922506304
  },
  "layer1.1.conv3.weight": {
    "max": 0.35343238711357117,
    "mean": 0.060001124311903756
  },
  "layer1.2.bn1.bias": {
    "max": 0.02457704395055771,
    "mean": 0.006336384654610551
  },
  "layer1.2.bn1.weight": {
    "max": 0.03834392502903938,
    "mean": 0.00918266442122071
  },
  "layer1.2.bn2.bias": {
    "max": 0.021396199241280556,
    "mean": 0.005304959677409247
  },
  "layer1.2.bn2.weight": {
    "max": 0.03313044458627701,
    "mean": 0.009426855808456562
  },
  "layer1.2.bn3.bias": {
    "max": 0.046924058347940445,
    "mean": 0.014001996389789773
  },
  "layer1.2.bn3.weight": {
    "max": 0.3065730333328247,
    "mean": 0.026863899829997016
  },
  "layer1.2.conv1.weight": {
    "max": 0.1946810483932495,
    "mean": 0.04339320384963815
  },
  "layer1.2.conv2.weight": {
    "max": 0.1772514432668686,
    "mean": 0.049060731784972764
  },
  "layer1.2.conv3.weight": {
    "max": 0.19619950652122498,
    "mean": 0.047127305114242644
  },
  "layer2.0.bn1.bias": {
    "max": 0.04252864420413971,
    "mean": 0.010889423216327226
  },
  "layer2.0.bn1.weight": {
    "max": 0.05215660482645035,
    "mean": 0.01470074946526438
  },
  "layer2.0.bn2.bias": {
    "max": 0.023056505247950554,
    "mean": 0.005637634349903757
  },
  "layer2.0.bn2.weight": {
    "max": 0.04995957389473915,
    "mean": 0.012288324625696987
  },
  "layer2.0.bn3.bias": {
    "max": 0.039598241448402405,
    "mean": 0.009597755740562985
  },
  "layer2.0.bn3.weight": {
    "max": 0.05292976647615433,
    "mean": 0.014978712355285617
  },
  "layer2.0.conv1.weight": {
    "max": 0.283788800239563,
    "mean": 0.07455117976958198
  },
  "layer2.0.conv2.weight": {
    "max": 0.19200018048286438,
    "mean": 0.052695133513105764
  },
  "layer2.0.conv3.weight": {
    "max": 0.26722443103790283,
    "mean": 0.07276923600584269
  },
  "layer2.0.downsample.0.weight": {
    "max": 0.3864612579345703,
    "mean": 0.06966172245331109
  },
  "layer2.0.downsample.1.bias": {
    "max": 0.039598241448402405,
    "mean": 0.009597755740562985
  },
  "layer2.0.downsample.1.weight": {
    "max": 0.07221810519695282,
    "mean": 0.0147884461726062
  },
  "layer2.1.bn1.bias": {
    "max": 0.05606583133339882,
    "mean": 0.009726913014892489
  },
  "layer2.1.bn1.weight": {
    "max": 0.08233849704265594,
    "mean": 0.015695070236854788
  },
  "layer2.1.bn2.bias": {
    "max": 0.03771902993321419,
    "mean": 0.00969332368146362
  },
  "layer2.1.bn2.weight": {
    "max": 0.0778302475810051,
    "mean": 0.013926434470174302
  },
  "layer2.1.bn3.bias": {
    "max": 0.036607421934604645,
    "mean": 0.00847978076448531
  },
  "layer2.1.bn3.weight": {
    "max": 0.07453508675098419,
    "mean": 0.013831293259281665
  },
  "layer2.1.conv1.weight": {
    "max": 0.2223971039056778,
    "mean": 0.04635436867297228
  },
  "layer2.1.conv2.weight": {
    "max": 0.29488709568977356,
    "mean": 0.07121791733561882
  },
  "layer2.1.conv3.weight": {
    "max": 0.3640459179878235,
    "mean": 0.06565151047892868
  },
  "layer2.2.bn1.bias": {
    "max": 0.038060542196035385,
    "mean": 0.009877162503876857
  },
  "layer2.2.bn1.weight": {
    "max": 0.061838679015636444,
    "mean": 0.015320220336517585
  },
  "layer2.2.bn2.bias": {
    "max": 0.05107102170586586,
    "mean": 0.008165776640276557
  },
  "layer2.2.bn2.weight": {
    "max": 0.11692813038825989,
    "mean": 0.014258947105512822
  },
  "layer2.2.bn3.bias": {
    "max": 0.03374972939491272,
    "mean": 0.007795041483893458
  },
  "layer2.2.bn3.weight": {
    "max": 0.05691075697541237,
    "mean": 0.012705347743051659
  },
  "layer2.2.conv1.weight": {
    "max": 0.15821215510368347,
    "mean": 0.03895293022505939
  },
  "layer2.2.conv2.weight": {
    "max": 0.3857964277267456,
    "mean": 0.05658977262343147
  },
  "layer2.2.conv3.weight": {
    "max": 0.4352211058139801,
    "mean": 0.06272550658855056
  },
  "layer2.3.bn1.bias": {
    "max": 0.030972279608249664,
    "mean": 0.00823386492373954
  },
  "layer2.3.bn1.weight": {
    "max": 0.06083540990948677,
    "mean": 0.013095822696341202
  },
  "layer2.3.bn2.bias": {
    "max": 0.037732429802417755,
    "mean": 0.008052469497197307
  },
  "layer2.3.bn2.weight": {
    "max": 0.06324316561222076,
    "mean": 0.013356467146160346
  },
  "layer2.3.bn3.bias": {
    "max": 0.025516202673316002,
    "mean": 0.006612449716693456
  },
  "layer2.3.bn3.weight": {
    "max": 0.048865266144275665,
    "mean": 0.011702793154732457
  },
  "layer2.3.conv1.weight": {
    "max": 0.1940666139125824,
    "mean": 0.048072373978793624
  },
  "layer2.3.conv2.weight": {
    "max": 0.23585078120231628,
    "mean": 0.048898596056470914
  },
  "layer2.3.conv3.weight": {
    "max": 0.2181268036365509,
    "mean": 0.05088627227914653
  },
  "layer3.0.bn1.bias": {
    "max": 0.04468090832233429,
    "mean": 0.01311671069091452
  },
  "layer3.0.bn1.weight": {
    "max": 0.07897591590881348,
    "mean": 0.020456742738772717
  },
  "layer3.0.bn2.bias": {
    "max": 0.020419694483280182,
    "mean": 0.005792844275461643
  },
  "layer3.0.bn2.weight": {
    "max": 0.039605122059583664,
    "mean": 0.010793509290087967
  },
  "layer3.0.bn3.bias": {
    "max": 0.03263697773218155,
    "mean": 0.009608167545271239
  },
  "layer3.0.bn3.weight": {
    "max": 0.06129452958703041,
    "mean": 0.015084321862585577
  },
  "layer3.0.conv1.weight": {
    "max": 0.3010704517364502,
    "mean": 0.0787535672874323
  },
  "layer3.0.conv2.weight": {
    "max": 0.17597997188568115,
    "mean": 0.047500360884836744
  },
  "layer3.0.conv3.weight": {
    "max": 0.23533925414085388,