{
  "bn1.bias": {
    "max": 0.09953810274600983,
    "mean": 0.007254051767792719
  },
  "bn1.weight": {
    "max": 0.21425308287143707,
    "mean": 0.024462496755544894
  },
  "conv1.weight": {
    "max": 0.9208131432533264,
    "mean": 0.11725853778355355
  },
  "fc.bias": {
    "max": 0.07770821452140808,
    "mean": 0.0134295720184621
  },
  "fc.weight": {
    "max": 1.1847518682479858,
    "mean": 0.16287013515031765
  },
  "layer1.0.bn1.bias": {
    "max": 0.06391269713640213,
    "mean": 0.006143088326394458
  },
  "layer1.0.bn1.weight": {
    "max": 0.0531441755592823,
    "mean": 0.007956412410130724
  },
  "layer1.0.bn2.bias": {
    "max": 0.0629151463508606,
    "mean": 0.006119261117086613
  },
  "layer1.0.bn2.weight": {
    "max": 0.09513384848833084,
    "mean": 0.011496242900611832
  },
  "layer1.0.bn3.bias": {
    "max": 0.11639709770679474,
    "mean": 0.012600003960126612
  },
  "layer1.0.bn3.weight": {
    "max": 0.2775675058364868,
    "mean": 0.028797622879834048
  },
  "layer1.0.conv1.weight": {
    "max": 0.24222801625728607,
    "mean": 0.0324210216776867
  },
  "layer1.0.conv2.weight": {
    "max": 0.34021836519241333,
    "mean": 0.04809746054001152
  },
  "layer1.0.conv3.weight": {
    "max": 0.28809452056884766,
    "mean": 0.04411611531561773
  },
  "layer1.0.downsample.0.weight": {
    "max": 0.7947055101394653,
    "mean": 0.08879028266961021
  },
  "layer1.0.downsample.1.bias": {
    "max": 0.11639709770679474,
    "mean": 0.012600003960126612
  },
  "layer1.0.downsample.1.weight": {
    "max": 0.2607797086238861,
    "mean": 0.027434639462569195
  },
  "layer1.1.bn1.bias": {
    "max": 0.07784227281808853,
    "mean": 0.007924638364680244
  },
  "layer1.1.bn1.weight": {
    "max": 0.08796428889036179,
    "mean": 0.010723600906452963
  },
  "layer1.1.bn2.bias": {
    "max": 0.03637118637561798,
    "mean": 0.0034604619064443148
  },
  "layer1.1.bn2.weight": {
    "max": 0.05005801096558571,
    "mean": 0.006397431037538419
  },
  "layer1.1.bn3.bias": {
    "max": 0.07917152345180511,
    "mean": 0.00877592212154663
  },
  "layer1.1.bn3.weight": {
    "max": 0.19399231672286987,
    "mean": 0.020922653407989336
  },
  "layer1.1.conv1.weight": {
    "max": 0.13941432535648346,
    "mean": 0.01839940479557429
  },
  "layer1.1.conv2.weight": {
    "max": 0.17714111506938934,
    "mean": 0.02311840847833082
  },
  "layer1.1.conv3.weight": {
    "max": 0.18807189166545868,
    "mean": 0.024223990361206232
  },
  "layer1.2.bn1.bias": {
    "max": 0.02079308219254017,
    "mean": 0.002835802815284946
  },
  "layer1.2.bn1.weight": {
    "max": 0.026110347360372543,
    "mean": 0.004063453507800919
  },
  "layer1.2.bn2.bias": {
    "max": 0.015906086191534996,
    "mean": 0.0023467761673756676
  },
  "layer1.2.bn2.weight": {
    "max": 0.03159235790371895,
    "mean": 0.004332165128580527
  },
  "layer1.2.bn3.bias": {
    "max": 0.05191754177212715,
    "mean": 0.006271081421333032
  },
  "layer1.2.bn3.weight": {
    "max": 0.07152736932039261,
    "mean": 0.010798341321975127
  },
  "layer1.2.conv1.weight": {
    "max": 0.11915609985589981,
    "mean": 0.01775896018720232
  },
  "layer1.2.conv2.weight": {
    "max": 0.14817596971988678,
    "mean": 0.021025746645339367
  },
  "layer1.2.conv3.weight": {
    "max": 0.13294468820095062,
    "mean": 0.020318973525011514
  },
  "layer2.0.bn1.bias": {
    "max": 0.05471619591116905,
    "mean": 0.005051956555461012
  },
  "layer2.0.bn1.weight": {
    "max": 0.0620097741484642,
    "mean": 0.007096096117810313
  },
  "layer2.0.bn2.bias": {
    "max": 0.019369227811694145,
    "mean": 0.0026773556067408726
  },
  "layer2.0.bn2.weight": {
    "max": 0.038607578724622726,
    "mean": 0.005761244820002633
  },
  "layer2.0.bn3.bias": {
    "max": 0.033146198838949203,
    "mean": 0.004394164148772169
  },
  "layer2.0.bn3.weight": {
    "max": 0.04429292306303978,
    "mean": 0.007035467713597297
  },
  "layer2.0.conv1.weight": {
    "max": 0.27864912152290344,
    "mean": 0.03255720989745376
  },
  "layer2.0.conv2.weight": {
    "max": 0.15466013550758362,
    "mean": 0.023481385040296506
  },
  "layer2.0.conv3.weight": {
    "max": 0.21832828223705292,
    "mean": 0.03242836930190346
  },
  "layer2.0.downsample.0.weight": {
    "max": 0.21010085940361023,
    "mean": 0.03064748688068773
  },
  "layer2.0.downsample.1.bias": {
    "max": 0.033146198838949203,
    "mean": 0.004394164148772169
  },
  "layer2.0.downsample.1.weight": {
    "max": 0.04312744364142418,
    "mean": 0.006841512156949778
  },
  "layer2.1.bn1.bias": {
    "max": 0.03249084949493408,
    "mean": 0.004036576846909676
  },
  "layer2.1.bn1.weight": {
    "max": 0.048884231597185135,
    "mean": 0.006744207018969713
  },
  "layer2.1.bn2.bias": {
    "max": 0.037336207926273346,
    "mean": 0.004599723244880027
  },
  "layer2.1.bn2.weight": {
    "max": 0.06295647472143173,
    "mean": 0.006805588438666226
  },
  "layer2.1.bn3.bias": {
    "max": 0.02930525131523609,
    "mean": 0.003947677899912898
  },
  "layer2.1.bn3.weight": {
    "max": 0.06003591790795326,
    "mean": 0.0065316104984335
  },
  "layer2.1.conv1.weight": {
    "max": 0.12383731454610825,
    "mean": 0.01817506896365168
  },
  "layer2.1.conv2.weight": {
    "max": 0.29039594531059265,
    "mean": 0.0314726928062737
  },
  "layer2.1.conv3.weight": {
    "max": 0.2179030328989029,
    "mean": 0.028702076572891592
  },
  "layer2.2.bn1.bias": {
    "max": 0.02888566069304943,
    "mean": 0.004506786945359116
  },
  "layer2.2.bn1.weight": {
    "max": 0.050306543707847595,
    "mean": 0.007108773832774854
  },
  "layer2.2.bn2.bias": {
    "max": 0.02688675746321678,
    "mean": 0.0036262657218425636
  },
  "layer2.2.bn2.weight": {
    "max": 0.0645679235458374,
    "mean": 0.006493301666216991
  },
  "layer2.2.bn3.bias": {
    "max": 0.027679424732923508,
    "mean": 0.003659287016905312
  },
  "layer2.2.bn3.weight": {
    "max": 0.045390255749225616,
    "mean": 0.005884267303190427
  },
  "layer2.2.conv1.weight": {
    "max": 0.11710255593061447,
    "mean": 0.01668496552912984
  },
  "layer2.2.conv2.weight": {
    "max": 0.21476982533931732,
    "mean": 0.0249364940275804
  },
  "layer2.2.conv3.weight": {
    "max": 0.2255447953939438,
    "mean": 0.0276467093753828
  },
  "layer2.3.bn1.bias": {
    "max": 0.024628933519124985,
    "mean": 0.003516309151247177
  },
  "layer2.3.bn1.weight": {
    "max": 0.04891933873295784,
    "mean": 0.005900784679106437
  },
  "layer2.3.bn2.bias": {
    "max": 0.0332041010260582,
    "mean": 0.003995803946600063
  },
  "layer2.3.bn2.weight": {
    "max": 0.06810194253921509,
    "mean": 0.006692179662682715
  },
  "layer2.3.bn3.bias": {
    "max": 0.026370977982878685,
    "mean": 0.0031835433246617736
  },
  "layer2.3.bn3.weight": {
    "max": 0.03513289988040924,
    "mean": 0.00513121386428663
  },
  "layer2.3.conv1.weight": {
    "max": 0.13728950917720795,
    "mean": 0.019385095132913973
  },
  "layer2.3.conv2.weight": {
    "max": 0.2240152508020401,
    "mean": 0.021577155397140554
  },
  "layer2.3.conv3.weight": {
    "max": 0.19139616191387177,
    "mean": 0.02251093424058386
  },
  "layer3.0.bn1.bias": {
    "max": 0.05217103287577629,
    "mean": 0.006457195724360645
  },
  "layer3.0.bn1.weight": {
    "max": 0.07383143901824951,
    "mean": 0.010341961775889754
  },
  "layer3.0.bn2.bias": {
    "max": 0.018292179331183434,
    "mean": 0.0028819223909522405
  },
  "layer3.0.bn2.weight": {
    "max": 0.039040811359882355,
    "mean": 0.005394098116604644
  },
  "layer3.0.bn3.bias": {
    "max": 0.030802354216575623,
    "mean": 0.004684083106528436
  },
  "layer3.0.bn3.weight": {
    "max": 0.049278438091278076,
    "mean": 0.00766929446798583
  },
  "layer3.0.conv1.weight": {
    "max": 0.24947114288806915,
    "mean": 0.03676976657805166
  },
  "layer3.0.conv2.weight": {
    "max": 0.13997222483158112,
    "mean": 0.022953365371878524
  },
  "layer3.0.conv3.weight": {
    "max": 0.20643801987171173,