{
  "bn1.bias": {
    "max": 0.08689688891172409,
    "mean": 0.008109384788570293
  },
  "bn1.weight": {
    "max": 0.21620109677314758,
    "mean": 0.02703717937327123
  },
  "conv1.weight": {
    "max": 0.8532863259315491,
    "mean": 0.13015576847130433
  },
  "fc.bias": {
    "max": 0.07247743755578995,
    "mean": 0.013744892054902655
  },
  "fc.weight": {
    "max": 0.9180814027786255,
    "mean": 0.1621336508276207
  },
  "layer1.0.bn1.bias": {
    "max": 0.08617418259382248,
    "mean": 0.00748851798350058
  },
  "layer1.0.bn1.weight": {
    "max": 0.11759919673204422,
    "mean": 0.010050408448691346
  },
  "layer1.0.bn2.bias": {
    "max": 0.05377931520342827,
    "mean": 0.0061562832593959425
  },
  "layer1.0.bn2.weight": {
    "max": 0.07965125888586044,
    "mean": 0.01204838999110507
  },
  "layer1.0.bn3.bias": {
    "max": 0.11773508042097092,
    "mean": 0.014502222156193706
  },
  "layer1.0.bn3.weight": {
    "max": 0.4323118031024933,
    "mean": 0.033203683359814544
  },
  "layer1.0.conv1.weight": {
    "max": 0.4347071349620819,
    "mean": 0.039923804909256955
  },
  "layer1.0.conv2.weight": {
    "max": 0.596365749835968,
    "mean": 0.055376352451774954
  },
  "layer1.0.conv3.weight": {
    "max": 0.47577837109565735,
    "mean": 0.0505589977094704
  },
  "layer1.0.downsample.0.weight": {
    "max": 0.7377650141716003,
    "mean": 0.09371216451283544
  },
  "layer1.0.downsample.1.bias": {
    "max": 0.11773508042097092,
    "mean": 0.014502222156193706
  },
  "layer1.0.downsample.1.weight": {
    "max": 0.4021129906177521,
    "mean": 0.03144108069145919
  },
  "layer1.1.bn1.bias": {
    "max": 0.07179638743400574,
    "mean": 0.009161365599471278
  },
  "layer1.1.bn1.weight": {
    "max": 0.08128723502159119,
    "mean": 0.01174984246637905
  },
  "layer1.1.bn2.bias": {
    "max": 0.02962121181190014,
    "mean": 0.003984920843836984
  },
  "layer1.1.bn2.weight": {
    "max": 0.054570477455854416,
    "mean": 0.007087350263505609
  },
  "layer1.1.bn3.bias": {
    "max": 0.07762444764375687,
    "mean": 0.010030090733510275
  },
  "layer1.1.bn3.weight": {
    "max": 0.14793621003627777,
    "mean": 0.021596708274529582
  },
  "layer1.1.conv1.weight": {
    "max": 0.14691822230815887,
    "mean": 0.02048565368558879
  },
  "layer1.1.conv2.weight": {
    "max": 0.16700488328933716,
    "mean": 0.02578614664654846
  },
  "layer1.1.conv3.weight": {
    "max": 0.17617817223072052,
    "mean": 0.02596176031228554
  },
  "layer1.2.bn1.bias": {
    "max": 0.030414365231990814,
    "mean": 0.0032350625865780916
  },
  "layer1.2.bn1.weight": {
    "max": 0.02869011089205742,
    "mean": 0.004547306465226159
  },
  "layer1.2.bn2.bias": {
    "max": 0.017287323251366615,
    "mean": 0.002651563129225646
  },
  "layer1.2.bn2.weight": {
    "max": 0.027703262865543365,
    "mean": 0.00478484607957528
  },
  "layer1.2.bn3.bias": {
    "max": 0.05368715152144432,
    "mean": 0.007167095325088926
  },
  "layer1.2.bn3.weight": {
    "max": 0.07057670503854752,
    "mean": 0.011997912220374149
  },
  "layer1.2.conv1.weight": {
    "max": 0.11568952351808548,
    "mean": 0.019189104967102008
  },
  "layer1.2.conv2.weight": {
    "max": 0.15105952322483063,
    "mean": 0.02280677833415601
  },
  "layer1.2.conv3.weight": {
    "max": 0.14368753135204315,
    "mean": 0.022410013755600502
  },
  "layer2.0.bn1.bias": {
    "max": 0.043722547590732574,
    "mean": 0.005564289407380524
  },
  "layer2.0.bn1.weight": {
    "max": 0.05350081995129585,
    "mean": 0.00780027197711336
  },
  "layer2.0.bn2.bias": {
    "max": 0.02027290128171444,
    "mean": 0.003059595204291067
  },
  "layer2.0.bn2.weight": {
    "max": 0.03790643438696861,
    "mean": 0.006584653152780707
  },
  "layer2.0.bn3.bias": {
    "max": 0.03665723279118538,
    "mean": 0.004944415733480128
  },
  "layer2.0.bn3.weight": {
    "max": 0.053416479378938675,
    "mean": 0.007941122043724005
  },
  "layer2.0.conv1.weight": {
    "max": 0.23427656292915344,
    "mean": 0.03580560338575326
  },
  "layer2.0.conv2.weight": {
    "max": 0.17441396415233612,
    "mean": 0.026063810104637274
  },
  "layer2.0.conv3.weight": {
    "max": 0.24622297286987305,
    "mean": 0.03693906662278875
  },
  "layer2.0.downsample.0.weight": {
    "max": 0.20420700311660767,
    "mean": 0.03240266569565782
  },
  "layer2.0.downsample.1.bias": {
    "max": 0.03665723279118538,
    "mean": 0.004944415733480128
  },
  "layer2.0.downsample.1.weight": {
    "max": 0.04668886587023735,
    "mean": 0.007458846125747576
  },
  "layer2.1.bn1.bias": {
    "max": 0.02981673926115036,
    "mean": 0.0045252289069425645
  },
  "layer2.1.bn1.weight": {
    "max": 0.05686257779598236,
    "mean": 0.007281156518064174
  },
  "layer2.1.bn2.bias": {
    "max": 0.033000875264406204,
    "mean": 0.005128232455088957
  },
  "layer2.1.bn2.weight": {
    "max": 0.04452754929661751,
    "mean": 0.007091796950324871
  },
  "layer2.1.bn3.bias": {
    "max": 0.03170187771320343,
    "mean": 0.004459231555873495
  },
  "layer2.1.bn3.weight": {
    "max": 0.05137942358851433,
    "mean": 0.007138981400993154
  },
  "layer2.1.conv1.weight": {
    "max": 0.13085386157035828,
    "mean": 0.01959408266149694
  },
  "layer2.1.conv2.weight": {
    "max": 0.23511752486228943,
    "mean": 0.03455716034264437
  },
  "layer2.1.conv3.weight": {
    "max": 0.19431452453136444,
    "mean": 0.03100242198228703
  },
  "layer2.2.bn1.bias": {
    "max": 0.033800963312387466,
    "mean": 0.0050303403475741755
  },
  "layer2.2.bn1.weight": {
    "max": 0.05941842496395111,
    "mean": 0.007909240730327189
  },
  "layer2.2.bn2.bias": {
    "max": 0.024055810645222664,
    "mean": 0.003998306132894608
  },
  "layer2.2.bn2.weight": {
    "max": 0.04918467625975609,
    "mean": 0.006995289948556872
  },
  "layer2.2.bn3.bias": {
    "max": 0.02918166108429432,
    "mean": 0.004127416503387004
  },
  "layer2.2.bn3.weight": {
    "max": 0.04872596263885498,
    "mean": 0.00666079066315433
  },
  "layer2.2.conv1.weight": {
    "max": 0.12701144814491272,
    "mean": 0.01838393811456626
  },
  "layer2.2.conv2.weight": {
    "max": 0.24110066890716553,
    "mean": 0.027392723774786906
  },
  "layer2.2.conv3.weight": {
    "max": 0.2688598930835724,
    "mean": 0.03125366383706153
  },
  "layer2.3.bn1.bias": {
    "max": 0.027078943327069283,
    "mean": 0.003967344507722633
  },
  "layer2.3.bn1.weight": {
    "max": 0.0467960424721241,
    "mean": 0.006574987339284104
  },
  "layer2.3.bn2.bias": {
    "max": 0.026157202199101448,
    "mean": 0.004235583655723271
  },
  "layer2.3.bn2.weight": {
    "max": 0.052596066147089005,
    "mean": 0.007099417327283715
  },
  "layer2.3.bn3.bias": {
    "max": 0.02560238353908062,
    "mean": 0.0035948797630719906
  },
  "layer2.3.bn3.weight": {
    "max": 0.04071534052491188,
    "mean": 0.005760287909246732
  },
  "layer2.3.conv1.weight": {
    "max": 0.1524762213230133,
    "mean": 0.021467679250552985
  },
  "layer2.3.conv2.weight": {
    "max": 0.18624809384346008,
    "mean": 0.023617905170914517
  },
  "layer2.3.conv3.weight": {
    "max": 0.19775447249412537,
    "mean": 0.025001043188094627
  },
  "layer3.0.bn1.bias": {
    "max": 0.04266936331987381,
    "mean": 0.007214454356165204
  },
  "layer3.0.bn1.weight": {
    "max": 0.08110985904932022,
    "mean": 0.011909351108978236
  },
  "layer3.0.bn2.bias": {
    "max": 0.018215840682387352,
    "mean": 0.0031765039363589103
  },
  "layer3.0.bn2.weight": {
    "max": 0.052775971591472626,
    "mean": 0.006458090747785588
  },
  "layer3.0.bn3.bias": {
    "max": 0.03624510392546654,
    "mean": 0.005205846096609353
  },
  "layer3.0.bn3.weight": {
    "max": 0.09108275920152664,
    "mean": 0.009174501724379037
  },
  "layer3.0.conv1.weight": {
    "max": 0.2963418960571289,
    "mean": 0.04203283031038674
  },
  "layer3.0.conv2.weight": {
    "max": 0.19016042351722717,
    "mean": 0.02586004609882366
  },
  "layer3.0.conv3.weight": {
    "max": 0.25609278678894043,