{
  "bn1.bias": {
    "max": 0.2011866569519043,
    "mean": 0.03338254504304911
  },
  "bn1.weight": {
    "max": 0.30497676134109497,
    "mean": 0.08980927581765823
  },
  "conv1.weight": {
    "max": 3.075976848602295,
    "mean": 0.5132746802270413
  },
  "fc.bias": {
    "max": 0.12816712260246277,
    "mean": 0.04705316455236503
  },
  "fc.weight": {
    "max": 1.8254019021987915,
    "mean": 0.7109963082841464
  },
  "layer1.0.bn1.bias": {
    "max": 0.08516421169042587,
    "mean": 0.022460141305678655
  },
  "layer1.0.bn1.weight": {
    "max": 0.11757440119981766,
    "mean": 0.02794727582883622
  },
  "layer1.0.bn2.bias": {
    "max": 0.08536766469478607,
    "mean": 0.02170566364989749
  },
  "layer1.0.bn2.weight": {
    "max": 0.21186651289463043,
    "mean": 0.04139544002977865
  },
  "layer1.0.bn3.bias": {
    "max": 0.2246146947145462,
    "mean": 0.048960039940263544
  },
  "layer1.0.bn3.weight": {
    "max": 0.7525252103805542,
    "mean": 0.11386608776769468
  },
  "layer1.0.conv1.weight": {
    "max": 1.0492922067642212,
    "mean": 0.1437015034418021
  },
  "layer1.0.conv2.weight": {
    "max": 0.9729552268981934,
    "mean": 0.18734999691801413
  },
  "layer1.0.conv3.weight": {
    "max": 0.5293213129043579,
    "mean": 0.15265537714851754
  },
  "layer1.0.downsample.0.weight": {
    "max": 1.4032267332077026,
    "mean": 0.34871641548616544
  },
  "layer1.0.downsample.1.bias": {
    "max": 0.2246146947145462,
    "mean": 0.048960039940263544
  },
  "layer1.0.downsample.1.weight": {
    "max": 0.6694442629814148,
    "mean": 0.10835684232945954
  },
  "layer1.1.bn1.bias": {
    "max": 0.20801500976085663,
    "mean": 0.034950714700722266
  },
  "layer1.1.bn1.weight": {
    "max": 0.3007817566394806,
    "mean": 0.048704894054681064
  },
  "layer1.1.bn2.bias": {
    "max": 0.07162071019411087,
    "mean": 0.014232899131519454
  },
  "layer1.1.bn2.weight": {
    "max": 0.2267838716506958,
    "mean": 0.027315555439729775
  },
  "layer1.1.bn3.bias": {
    "max": 0.12948456406593323,
    "mean": 0.03461554871739021
  },
  "layer1.1.bn3.weight": {
    "max": 1.1864668130874634,
    "mean": 0.08141804273639407
  },
  "layer1.1.conv1.weight": {
    "max": 0.6534666419029236,
    "mean": 0.08944149756538017
  },
  "layer1.1.conv2.weight": {
    "max": 0.48404645919799805,
    "mean": 0.09638178678495543
  },
  "layer1.1.conv3.weight": {
    "max": 1.2370553016662598,
    "mean": 0.1122780430423362
  },
  "layer1.2.bn1.bias": {
    "max": 0.054619818925857544,
    "mean": 0.010772833195514976
  },
  "layer1.2.bn1.weight": {
    "max": 0.25078439712524414,
    "mean": 0.017178936592702355
  },
  "layer1.2.bn2.bias": {
    "max": 0.04588177427649498,
    "mean": 0.008841811886190303
  },
  "layer1.2.bn2.weight": {
    "max": 0.1809081882238388,
    "mean": 0.016644096258096396
  },
  "layer1.2.bn3.bias": {
    "max": 0.10166685283184052,
    "mean": 0.02414691132360271
  },
  "layer1.2.bn3.weight": {
    "max": 1.4683618545532227,
    "mean": 0.054986068313675265
  },
  "layer1.2.conv1.weight": {
    "max": 0.8992772102355957,
    "mean": 0.08185073708051017
  },
  "layer1.2.conv2.weight": {
    "max": 0.8898359537124634,
    "mean": 0.08857228204607964
  },
  "layer1.2.conv3.weight": {
    "max": 1.2125309705734253,
    "mean": 0.08768722261169128
  },
  "layer2.0.bn1.bias": {
    "max": 0.051279470324516296,
    "mean": 0.01844707928398358
  },
  "layer2.0.bn1.weight": {
    "max": 0.08082837611436844,
    "mean": 0.02467166309644069
  },
  "layer2.0.bn2.bias": {
    "max": 0.024723228067159653,
    "mean": 0.009145464965674494
  },
  "layer2.0.bn2.weight": {
    "max": 0.06364918500185013,
    "mean": 0.019231317681260407
  },
  "layer2.0.bn3.bias": {
    "max": 0.05048184096813202,
    "mean": 0.015466823598503002
  },
  "layer2.0.bn3.weight": {
    "max": 0.07159636169672012,
    "mean": 0.023303696370816657
  },
  "layer2.0.conv1.weight": {
    "max": 0.4653521180152893,
    "mean": 0.1267054063401052
  },
  "layer2.0.conv2.weight": {
    "max": 0.2775363624095917,
    "mean": 0.08547324819756405
  },
  "layer2.0.conv3.weight": {
    "max": 0.35741278529167175,
    "mean": 0.11660615029079574
  },
  "layer2.0.downsample.0.weight": {
    "max": 1.5205711126327515,
    "mean": 0.11647202291658947
  },
  "layer2.0.downsample.1.bias": {
    "max": 0.05048184096813202,
    "mean": 0.015466823598503002
  },
  "layer2.0.downsample.1.weight": {
    "max": 0.1342267245054245,
    "mean": 0.023753037829218168
  },
  "layer2.1.bn1.bias": {
    "max": 0.06364619731903076,
    "mean": 0.015972115197884183
  },
  "layer2.1.bn1.weight": {
    "max": 0.20099176466464996,
    "mean": 0.026993704987689854
  },
  "layer2.1.bn2.bias": {
    "max": 0.047597482800483704,
    "mean": 0.015696102287620306
  },
  "layer2.1.bn2.weight": {
    "max": 0.08316868543624878,
    "mean": 0.022864209320396185
  },
  "layer2.1.bn3.bias": {
    "max": 0.03769609332084656,
    "mean": 0.01359347430789577
  },
  "layer2.1.bn3.weight": {
    "max": 0.06870104372501373,
    "mean": 0.022942812853891936
  },
  "layer2.1.conv1.weight": {
    "max": 0.8045067191123962,
    "mean": 0.08063779677131347
  },
  "layer2.1.conv2.weight": {
    "max": 0.45899030566215515,
    "mean": 0.11823516487543072
  },
  "layer2.1.conv3.weight": {
    "max": 0.39187783002853394,
    "mean": 0.11252648156668459
  },
  "layer2.2.bn1.bias": {
    "max": 0.046305228024721146,
    "mean": 0.016132337921964272
  },
  "layer2.2.bn1.weight": {
    "max": 0.09453698247671127,
    "mean": 0.026201166028955152
  },
  "layer2.2.bn2.bias": {
    "max": 0.0444459542632103,
    "mean": 0.01232320249014135
  },
  "layer2.2.bn2.weight": {
    "max": 0.07610279321670532,
    "mean": 0.020810522841555733
  },
  "layer2.2.bn3.bias": {
    "max": 0.03484848886728287,
    "mean": 0.012306381785310804
  },
  "layer2.2.bn3.weight": {
    "max": 0.05476074665784836,
    "mean": 0.020459143621847035
  },
  "layer2.2.conv1.weight": {
    "max": 0.20471972227096558,
    "mean": 0.0674568001021232
  },
  "layer2.2.conv2.weight": {
    "max": 0.3045847415924072,
    "mean": 0.0923401511992727
  },
  "layer2.2.conv3.weight": {
    "max": 0.3505695164203644,
    "mean": 0.09954867717410837
  },
  "layer2.3.bn1.bias": {
    "max": 0.04190431907773018,
    "mean": 0.013922650894549277
  },
  "layer2.3.bn1.weight": {
    "max": 0.060538459569215775,
    "mean": 0.02203888816359852
  },
  "layer2.3.bn2.bias": {
    "max": 0.036003705114126205,
    "mean": 0.012741584722617907
  },
  "layer2.3.bn2.weight": {
    "max": 0.06224852427840233,
    "mean": 0.021478298149470772
  },
  "layer2.3.bn3.bias": {
    "max": 0.02990676276385784,
    "mean": 0.0103050067481984
  },
  "layer2.3.bn3.weight": {
    "max": 0.07318563014268875,
    "mean": 0.020739731595718434
  },
  "layer2.3.conv1.weight": {
    "max": 0.3068254590034485,
    "mean": 0.08856760043118682
  },
  "layer2.3.conv2.weight": {
    "max": 0.2189301997423172,
    "mean": 0.08363666977733374
  },
  "layer2.3.conv3.weight": {
    "max": 0.24236243963241577,
    "mean": 0.08796934906925474
  },
  "layer3.0.bn1.bias": {
    "max": 0.05780681222677231,
    "mean": 0.020353864121383854
  },
  "layer3.0.bn1.weight": {
    "max": 0.09073986113071442,
    "mean": 0.03149825568843101
  },
  "layer3.0.bn2.bias": {
    "max": 0.02715621516108513,
    "mean": 0.008659105324519
  },
  "layer3.0.bn2.weight": {
    "max": 0.0510074757039547,
    "mean": 0.016342861342376898
  },
  "layer3.0.bn3.bias": {
    "max": 0.0423036627471447,
    "mean": 0.014651553589584572
  },
  "layer3.0.bn3.weight": {
    "max": 0.06830932945013046,
    "mean": 0.02298084827672158
  },
  "layer3.0.conv1.weight": {
    "max": 0.3661021292209625,
    "mean": 0.12598862653864282
  },
  "layer3.0.conv2.weight": {
    "max": 0.20905563235282898,
    "mean": 0.07414377381226846
  },
  "layer3.0.conv3.weight": {
    "max": 0.27423396706581116,
    "mean": 0.09650031175464392
  },