{
  "bn1.bias": {
    "max": 0.16368062794208527,
    "mean": 0.028704742441020375
  },
  "bn1.weight": {
    "max": 0.2779616117477417,
    "mean": 0.07653441711728062
  },
  "conv1.weight": {
    "max": 1.829096794128418,
    "mean": 0.43233441611485823
  },
  "fc.bias": {
    "max": 0.09704157710075378,
    "mean": 0.035079538936593706
  },
  "fc.weight": {
    "max": 1.3408002853393555,
    "mean": 0.5450512146311147
  },
  "layer1.0.bn1.bias": {
    "max": 0.09600498527288437,
    "mean": 0.01901062888924831
  },
  "layer1.0.bn1.weight": {
    "max": 0.09215578436851501,
    "mean": 0.0246028320930366
  },
  "layer1.0.bn2.bias": {
    "max": 0.08769921213388443,
    "mean": 0.018005732146224807
  },
  "layer1.0.bn2.weight": {
    "max": 0.15506210923194885,
    "mean": 0.03452175661522363
  },
  "layer1.0.bn3.bias": {
    "max": 0.139504536986351,
    "mean": 0.03993683896759259
  },
  "layer1.0.bn3.weight": {
    "max": 0.574023962020874,
    "mean": 0.09243894682931049
  },
  "layer1.0.conv1.weight": {
    "max": 0.6096203923225403,
    "mean": 0.12301431456314665
  },
  "layer1.0.conv2.weight": {
    "max": 0.7639862895011902,
    "mean": 0.16388805340177245
  },
  "layer1.0.conv3.weight": {
    "max": 0.7298527359962463,
    "mean": 0.13864244167559914
  },
  "layer1.0.downsample.0.weight": {
    "max": 1.0946485996246338,
    "mean": 0.2868088281101414
  },
  "layer1.0.downsample.1.bias": {
    "max": 0.139504536986351,
    "mean": 0.03993683896759259
  },
  "layer1.0.downsample.1.weight": {
    "max": 0.5322869420051575,
    "mean": 0.08868295946557607
  },
  "layer1.1.bn1.bias": {
    "max": 0.15476281940937042,
    "mean": 0.02779807920733999
  },
  "layer1.1.bn1.weight": {
    "max": 0.19454404711723328,
    "mean": 0.037305126321901166
  },
  "layer1.1.bn2.bias": {
    "max": 0.03733377158641815,
    "mean": 0.011374355669166626
  },
  "layer1.1.bn2.weight": {
    "max": 0.07639925926923752,
    "mean": 0.021419041024387946
  },
  "layer1.1.bn3.bias": {
    "max": 0.09569349884986877,
    "mean": 0.028128851163866264
  },
  "layer1.1.bn3.weight": {
    "max": 0.31074926257133484,
    "mean": 0.0665219932182559
  },
  "layer1.1.conv1.weight": {
    "max": 0.3039003014564514,
    "mean": 0.06815841058269143
  },
  "layer1.1.conv2.weight": {
    "max": 0.25204998254776,
    "mean": 0.07566000276378222
  },
  "layer1.1.conv3.weight": {
    "max": 0.3155900537967682,
    "mean": 0.08335823477378913
  },
  "layer1.2.bn1.bias": {
    "max": 0.03362337872385979,
    "mean": 0.00883268974987524
  },
  "layer1.2.bn1.weight": {
    "max": 0.04226447269320488,
    "mean": 0.012597535622272907
  },
  "layer1.2.bn2.bias": {
    "max": 0.03229600191116333,
    "mean": 0.007406514105719647
  },
  "layer1.2.bn2.weight": {
    "max": 0.044647153466939926,
    "mean": 0.013066598647939307
  },
  "layer1.2.bn3.bias": {
    "max": 0.06022491678595543,
    "mean": 0.01966191352777449
  },
  "layer1.2.bn3.weight": {
    "max": 0.3304439187049866,
    "mean": 0.03651129867615444
  },
  "layer1.2.conv1.weight": {
    "max": 0.22495315968990326,
    "mean": 0.0617217721410894
  },
  "layer1.2.conv2.weight": {
    "max": 0.22272783517837524,
    "mean": 0.06806380637921393
  },
  "layer1.2.conv3.weight": {
    "max": 0.20354042947292328,
    "mean": 0.0659949632181919
  },
  "layer2.0.bn1.bias": {
    "max": 0.04777125269174576,
    "mean": 0.014952363482277308
  },
  "layer2.0.bn1.weight": {
    "max": 0.06982074677944183,
    "mean": 0.020123755028138735
  },
  "layer2.0.bn2.bias": {
    "max": 0.02423657476902008,
    "mean": 0.007400081042765773
  },
  "layer2.0.bn2.weight": {
    "max": 0.04799569398164749,
    "mean": 0.016322728809069043
  },
  "layer2.0.bn3.bias": {
    "max": 0.039671409875154495,
    "mean": 0.012665859921502747
  },
  "layer2.0.bn3.weight": {
    "max": 0.05475471913814545,
    "mean": 0.019701796099876188
  },
  "layer2.0.conv1.weight": {
    "max": 0.3988097012042999,
    "mean": 0.10466420052573085
  },
  "layer2.0.conv2.weight": {
    "max": 0.208370178937912,
    "mean": 0.0695781411337001
  },
  "layer2.0.conv3.weight": {
    "max": 0.2714354991912842,
    "mean": 0.0970774114318192
  },
  "layer2.0.downsample.0.weight": {
    "max": 0.33104613423347473,
    "mean": 0.09161676981087243
  },
  "layer2.0.downsample.1.bias": {
    "max": 0.039671409875154495,
    "mean": 0.012665859921502747
  },
  "layer2.0.downsample.1.weight": {
    "max": 0.07424303889274597,
    "mean": 0.01948382658418268
  },
  "layer2.1.bn1.bias": {
    "max": 0.054912932217121124,
    "mean": 0.01304292253301745
  },
  "layer2.1.bn1.weight": {
    "max": 0.09090231359004974,
    "mean": 0.021554705561471304
  },
  "layer2.1.bn2.bias": {
    "max": 0.04944678023457527,
    "mean": 0.012887052178183304
  },
  "layer2.1.bn2.weight": {
    "max": 0.06696508824825287,
    "mean": 0.018944375699086646
  },
  "layer2.1.bn3.bias": {
    "max": 0.036672838032245636,
    "mean": 0.011164761882474911
  },
  "layer2.1.bn3.weight": {
    "max": 0.06373628973960876,
    "mean": 0.01944269391641553
  },
  "layer2.1.conv1.weight": {
    "max": 0.2411676049232483,
    "mean": 0.06299572218342551
  },
  "layer2.1.conv2.weight": {
    "max": 0.3776330053806305,
    "mean": 0.09800527778188033
  },
  "layer2.1.conv3.weight": {
    "max": 0.31853851675987244,
    "mean": 0.09160193297213742
  },
  "layer2.2.bn1.bias": {
    "max": 0.04379129782319069,
    "mean": 0.013235002932404833
  },
  "layer2.2.bn1.weight": {
    "max": 0.07098755240440369,
    "mean": 0.020652906788246973
  },
  "layer2.2.bn2.bias": {
    "max": 0.030338363721966743,
    "mean": 0.009578550436001804
  },
  "layer2.2.bn2.weight": {
    "max": 0.05198204889893532,
    "mean": 0.01600375253108463
  },
  "layer2.2.bn3.bias": {
    "max": 0.03103114850819111,
    "mean": 0.010114435278976869
  },
  "layer2.2.bn3.weight": {
    "max": 0.04443056881427765,
    "mean": 0.016166076602114898
  },
  "layer2.2.conv1.weight": {
    "max": 0.19765496253967285,
    "mean": 0.05304593626476292
  },
  "layer2.2.conv2.weight": {
    "max": 0.3356958031654358,
    "mean": 0.07177720530357744
  },
  "layer2.2.conv3.weight": {
    "max": 0.24965110421180725,
    "mean": 0.07722121709092919
  },
  "layer2.3.bn1.bias": {
    "max": 0.03753223270177841,
    "mean": 0.010956006586451881
  },
  "layer2.3.bn1.weight": {
    "max": 0.06103846803307533,
    "mean": 0.017629393321029575
  },
  "layer2.3.bn2.bias": {
    "max": 0.03402624651789665,
    "mean": 0.010562612038338557
  },
  "layer2.3.bn2.weight": {
    "max": 0.06892989575862885,
    "mean": 0.01761913965589234
  },
  "layer2.3.bn3.bias": {
    "max": 0.025898274034261703,
    "mean": 0.008642017726420557
  },
  "layer2.3.bn3.weight": {
    "max": 0.04797550290822983,
    "mean": 0.01653648120966474
  },
  "layer2.3.conv1.weight": {
    "max": 0.2708793580532074,
    "mean": 0.06837762959168425
  },
  "layer2.3.conv2.weight": {
    "max": 0.2429889738559723,
    "mean": 0.06472396229859441
  },
  "layer2.3.conv3.weight": {
    "max": 0.23598919808864594,
    "mean": 0.07037646880107266
  },
  "layer3.0.bn1.bias": {
    "max": 0.054565802216529846,
    "mean": 0.016812975982736265
  },
  "layer3.0.bn1.weight": {
    "max": 0.09019064158201218,
    "mean": 0.02618266720025401
  },
  "layer3.0.bn2.bias": {
    "max": 0.020724786445498466,
    "mean": 0.007215877536218614
  },
  "layer3.0.bn2.weight": {
    "max": 0.046933598816394806,
    "mean": 0.0139562923684051
  },
  "layer3.0.bn3.bias": {
    "max": 0.04387592524290085,
    "mean": 0.012125940970477781
  },
  "layer3.0.bn3.weight": {
    "max": 0.07006418704986572,
    "mean": 0.019207078253052064
  },
  "layer3.0.conv1.weight": {
    "max": 0.36917367577552795,
    "mean": 0.10580873848338213
  },
  "layer3.0.conv2.weight": {
    "max": 0.1913003921508789,
    "mean": 0.06214727069716901
  },
  "layer3.0.conv3.weight": {
    "max": 0.29057902097702026,
    "mean": 0.08113310854882001
  },