{
  "bn1.bias": {
    "max": 0.12247522175312042,
    "mean": 0.02494627442743097
  },
  "bn1.weight": {
    "max": 0.3232697546482086,
    "mean": 0.08766346282458731
  },
  "conv1.weight": {
    "max": 1.8681927919387817,
    "mean": 0.49405059448310307
  },
  "fc.bias": {
    "max": 0.12190139293670654,
    "mean": 0.05011939188199384
  },
  "fc.weight": {
    "max": 2.0481724739074707,
    "mean": 0.7739113455159323
  },
  "layer1.0.bn1.bias": {
    "max": 0.10945557802915573,
    "mean": 0.02146748554759792
  },
  "layer1.0.bn1.weight": {
    "max": 0.1211574375629425,
    "mean": 0.027133022461618694
  },
  "layer1.0.bn2.bias": {
    "max": 0.11054514348506927,
    "mean": 0.0220775337024991
  },
  "layer1.0.bn2.weight": {
    "max": 0.31776076555252075,
    "mean": 0.04286430362612009
  },
  "layer1.0.bn3.bias": {
    "max": 0.1564759910106659,
    "mean": 0.045590685260082996
  },
  "layer1.0.bn3.weight": {
    "max": 0.8205727338790894,
    "mean": 0.1182257638658796
  },
  "layer1.0.conv1.weight": {
    "max": 0.7124367952346802,
    "mean": 0.1373764822951385
  },
  "layer1.0.conv2.weight": {
    "max": 0.6830073595046997,
    "mean": 0.18528608292873416
  },
  "layer1.0.conv3.weight": {
    "max": 0.5502233505249023,
    "mean": 0.16021134943834373
  },
  "layer1.0.downsample.0.weight": {
    "max": 1.5095264911651611,
    "mean": 0.3393222747317382
  },
  "layer1.0.downsample.1.bias": {
    "max": 0.1564759910106659,
    "mean": 0.045590685260082996
  },
  "layer1.0.downsample.1.weight": {
    "max": 0.7559685707092285,
    "mean": 0.1117306687070855
  },
  "layer1.1.bn1.bias": {
    "max": 0.17440982162952423,
    "mean": 0.03254017370486898
  },
  "layer1.1.bn1.weight": {
    "max": 0.25714924931526184,
    "mean": 0.0424112608323672
  },
  "layer1.1.bn2.bias": {
    "max": 0.05190187692642212,
    "mean": 0.013763036043383182
  },
  "layer1.1.bn2.weight": {
    "max": 0.10222047567367554,
    "mean": 0.02498688363669706
  },
  "layer1.1.bn3.bias": {
    "max": 0.0952853336930275,
    "mean": 0.03289234433190099
  },
  "layer1.1.bn3.weight": {
    "max": 0.29495710134506226,
    "mean": 0.0728553254183914
  },
  "layer1.1.conv1.weight": {
    "max": 0.5382356643676758,
    "mean": 0.08072178942816598
  },
  "layer1.1.conv2.weight": {
    "max": 0.3488767147064209,
    "mean": 0.09269813579640218
  },
  "layer1.1.conv3.weight": {
    "max": 0.5978944301605225,
    "mean": 0.10195185368614537
  },
  "layer1.2.bn1.bias": {
    "max": 0.03432510048151016,
    "mean": 0.010046296014250921
  },
  "layer1.2.bn1.weight": {
    "max": 0.08818412572145462,
    "mean": 0.015258585400214153
  },
  "layer1.2.bn2.bias": {
    "max": 0.02791070193052292,
    "mean": 0.008541367788067354
  },
  "layer1.2.bn2.weight": {
    "max": 0.045189499855041504,
    "mean": 0.015438583961554935
  },
  "layer1.2.bn3.bias": {
    "max": 0.06176256388425827,
    "mean": 0.02234006401284465
  },
  "layer1.2.bn3.weight": {
    "max": 0.15208573639392853,
    "mean": 0.041357929227607594
  },
  "layer1.2.conv1.weight": {
    "max": 0.28505969047546387,
    "mean": 0.07244687399161713
  },
  "layer1.2.conv2.weight": {
    "max": 0.23572589457035065,
    "mean": 0.079892309717834
  },
  "layer1.2.conv3.weight": {
    "max": 0.23049691319465637,
    "mean": 0.07728487243609769
  },
  "layer2.0.bn1.bias": {
    "max": 0.053888823837041855,
    "mean": 0.0180763416517792
  },
  "layer2.0.bn1.weight": {
    "max": 0.07220150530338287,
    "mean": 0.024299370027147233
  },
  "layer2.0.bn2.bias": {
    "max": 0.02427634410560131,
    "mean": 0.009065511381985353
  },
  "layer2.0.bn2.weight": {
    "max": 0.05118570849299431,
    "mean": 0.019161492022020478
  },
  "layer2.0.bn3.bias": {
    "max": 0.05066433921456337,
    "mean": 0.015574872277876628
  },
  "layer2.0.bn3.weight": {
    "max": 0.06392061710357666,
    "mean": 0.02318316469567695
  },
  "layer2.0.conv1.weight": {
    "max": 0.3661017417907715,
    "mean": 0.12758806240877935
  },
  "layer2.0.conv2.weight": {
    "max": 0.22333087027072906,
    "mean": 0.08504616977114762
  },
  "layer2.0.conv3.weight": {
    "max": 0.31426912546157837,
    "mean": 0.11620290111750364
  },
  "layer2.0.downsample.0.weight": {
    "max": 0.2904810905456543,
    "mean": 0.10352996257799012
  },
  "layer2.0.downsample.1.bias": {
    "max": 0.05066433921456337,
    "mean": 0.015574872277876628
  },
  "layer2.0.downsample.1.weight": {
    "max": 0.060547780245542526,
    "mean": 0.023358697655078555
  },
  "layer2.1.bn1.bias": {
    "max": 0.0459461584687233,
    "mean": 0.014794372758562012
  },
  "layer2.1.bn1.weight": {
    "max": 0.06974367797374725,
    "mean": 0.02309737931271749
  },
  "layer2.1.bn2.bias": {
    "max": 0.05833882838487625,
    "mean": 0.015625392154657414
  },
  "layer2.1.bn2.weight": {
    "max": 0.05800433084368706,
    "mean": 0.02144533802688654
  },
  "layer2.1.bn3.bias": {
    "max": 0.04541962593793869,
    "mean": 0.014022204476142568
  },
  "layer2.1.bn3.weight": {
    "max": 0.05589507892727852,
    "mean": 0.020173608819688004
  },
  "layer2.1.conv1.weight": {
    "max": 0.21113868057727814,
    "mean": 0.06882766753701228
  },
  "layer2.1.conv2.weight": {
    "max": 0.3028278350830078,
    "mean": 0.11489170696054186
  },
  "layer2.1.conv3.weight": {
    "max": 0.2750774919986725,
    "mean": 0.10491281112922089
  },
  "layer2.2.bn1.bias": {
    "max": 0.05782670900225639,
    "mean": 0.017527500708986607
  },
  "layer2.2.bn1.weight": {
    "max": 0.07111863046884537,
    "mean": 0.02543027010280639
  },
  "layer2.2.bn2.bias": {
    "max": 0.04137152060866356,
    "mean": 0.012631276979310704
  },
  "layer2.2.bn2.weight": {
    "max": 0.06616594642400742,
    "mean": 0.021377043169257898
  },
  "layer2.2.bn3.bias": {
    "max": 0.04146861284971237,
    "mean": 0.01274520543304139
  },
  "layer2.2.bn3.weight": {
    "max": 0.05749465525150299,
    "mean": 0.01975753340670573
  },
  "layer2.2.conv1.weight": {
    "max": 0.17385561764240265,
    "mean": 0.06509873589500785
  },
  "layer2.2.conv2.weight": {
    "max": 0.27468061447143555,
    "mean": 0.09331302347726056
  },
  "layer2.2.conv3.weight": {
    "max": 0.3266092836856842,
    "mean": 0.09903139693662524
  },
  "layer2.3.bn1.bias": {
    "max": 0.04606885090470314,
    "mean": 0.014261077808083169
  },
  "layer2.3.bn1.weight": {
    "max": 0.06081283465027809,
    "mean": 0.02176305173497115
  },
  "layer2.3.bn2.bias": {
    "max": 0.0528717003762722,
    "mean": 0.013628889905687953
  },
  "layer2.3.bn2.weight": {
    "max": 0.07147559523582458,
    "mean": 0.021851628074821616
  },
  "layer2.3.bn3.bias": {
    "max": 0.03500324860215187,
    "mean": 0.0108657283595364
  },
  "layer2.3.bn3.weight": {
    "max": 0.058925189077854156,
    "mean": 0.020156187319995036
  },
  "layer2.3.conv1.weight": {
    "max": 0.23226693272590637,
    "mean": 0.0847563372312912
  },
  "layer2.3.conv2.weight": {
    "max": 0.21584908664226532,
    "mean": 0.08066532431702529
  },
  "layer2.3.conv3.weight": {
    "max": 0.3360489010810852,
    "mean": 0.08764551710869585
  },
  "layer3.0.bn1.bias": {
    "max": 0.07304470986127853,
    "mean": 0.02164556656365416
  },
  "layer3.0.bn1.weight": {
    "max": 0.10452757775783539,
    "mean": 0.03211596012248524
  },
  "layer3.0.bn2.bias": {
    "max": 0.028358133509755135,
    "mean": 0.008903038285539618
  },
  "layer3.0.bn2.weight": {
    "max": 0.04270002990961075,
    "mean": 0.0166332319338939
  },
  "layer3.0.bn3.bias": {
    "max": 0.04981457442045212,
    "mean": 0.015128238219102579
  },
  "layer3.0.bn3.weight": {
    "max": 0.06866692751646042,
    "mean": 0.023156245918279247
  },
  "layer3.0.conv1.weight": {
    "max": 0.36270490288734436,
    "mean": 0.12974060061786857
  },
  "layer3.0.conv2.weight": {
    "max": 0.1908218413591385,
    "mean": 0.07437871499253171
  },
  "layer3.0.conv3.weight": {
    "max": 0.2728753685951233,
    "mean": 0.09752257387020759
  },