{
  "bn1.bias": {
    "max": 0.053864918649196625,
    "mean": 0.007048616819603402
  },
  "bn1.weight": {
    "max": 0.22216613590717316,
    "mean": 0.026833281532495416
  },
  "conv1.weight": {
    "max": 0.7783389687538147,
    "mean": 0.13460354657777185
  },
  "fc.bias": {
    "max": 0.05666689947247505,
    "mean": 0.013476821736216412
  },
  "fc.weight": {
    "max": 0.9715417623519897,
    "mean": 0.18928112969268113
  },
  "layer1.0.bn1.bias": {
    "max": 0.03462357819080353,
    "mean": 0.0061452652024620745
  },
  "layer1.0.bn1.weight": {
    "max": 0.0435410812497139,
    "mean": 0.00864428054842782
  },
  "layer1.0.bn2.bias": {
    "max": 0.04544445127248764,
    "mean": 0.006692246682484568
  },
  "layer1.0.bn2.weight": {
    "max": 0.0840899795293808,
    "mean": 0.012662422800869017
  },
  "layer1.0.bn3.bias": {
    "max": 0.08782083541154861,
    "mean": 0.014032969016656613
  },
  "layer1.0.bn3.weight": {
    "max": 0.22072699666023254,
    "mean": 0.03263718592984203
  },
  "layer1.0.conv1.weight": {
    "max": 0.1904849112033844,
    "mean": 0.03933885357475707
  },
  "layer1.0.conv2.weight": {
    "max": 0.2881045639514923,
    "mean": 0.054300456648592704
  },
  "layer1.0.conv3.weight": {
    "max": 0.3740079998970032,
    "mean": 0.05031874123095934
  },
  "layer1.0.downsample.0.weight": {
    "max": 0.709044337272644,
    "mean": 0.10039756888690006
  },
  "layer1.0.downsample.1.bias": {
    "max": 0.08782083541154861,
    "mean": 0.014032969016656613
  },
  "layer1.0.downsample.1.weight": {
    "max": 0.2141256183385849,
    "mean": 0.031119310980346718
  },
  "layer1.1.bn1.bias": {
    "max": 0.04745807871222496,
    "mean": 0.00849298742296274
  },
  "layer1.1.bn1.weight": {
    "max": 0.06784743070602417,
    "mean": 0.011804480481410532
  },
  "layer1.1.bn2.bias": {
    "max": 0.02157139591872692,
    "mean": 0.003963366348325508
  },
  "layer1.1.bn2.weight": {
    "max": 0.039401158690452576,
    "mean": 0.007366527778067393
  },
  "layer1.1.bn3.bias": {
    "max": 0.05673163756728172,
    "mean": 0.00997858988428821
  },
  "layer1.1.bn3.weight": {
    "max": 0.157515749335289,
    "mean": 0.02306850233181779
  },
  "layer1.1.conv1.weight": {
    "max": 0.11596989631652832,
    "mean": 0.020667580947130254
  },
  "layer1.1.conv2.weight": {
    "max": 0.15505261719226837,
    "mean": 0.026676656987401657
  },
  "layer1.1.conv3.weight": {
    "max": 0.18458180129528046,
    "mean": 0.029097453606913664
  },
  "layer1.2.bn1.bias": {
    "max": 0.02161821722984314,
    "mean": 0.003009364012531088
  },
  "layer1.2.bn1.weight": {
    "max": 0.03663690760731697,
    "mean": 0.004641383690728357
  },
  "layer1.2.bn2.bias": {
    "max": 0.015216467902064323,
    "mean": 0.0025699238156604615
  },
  "layer1.2.bn2.weight": {
    "max": 0.04656852036714554,
    "mean": 0.004907587105470676
  },
  "layer1.2.bn3.bias": {
    "max": 0.03921752795577049,
    "mean": 0.007078313694634874
  },
  "layer1.2.bn3.weight": {
    "max": 0.08025795221328735,
    "mean": 0.013071295973038235
  },
  "layer1.2.conv1.weight": {
    "max": 0.14858342707157135,
    "mean": 0.02108250924061784
  },
  "layer1.2.conv2.weight": {
    "max": 0.16774845123291016,
    "mean": 0.024140233294872034
  },
  "layer1.2.conv3.weight": {
    "max": 0.1611798256635666,
    "mean": 0.024188485907174515
  },
  "layer2.0.bn1.bias": {
    "max": 0.03143380209803581,
    "mean": 0.005292540396185359
  },
  "layer2.0.bn1.weight": {
    "max": 0.05367472395300865,
    "mean": 0.007550698375624571
  },
  "layer2.0.bn2.bias": {
    "max": 0.015709612518548965,
    "mean": 0.0028503190833622026
  },
  "layer2.0.bn2.weight": {
    "max": 0.03889433294534683,
    "mean": 0.006390558070311921
  },
  "layer2.0.bn3.bias": {
    "max": 0.03027639351785183,
    "mean": 0.00490115036730588
  },
  "layer2.0.bn3.weight": {
    "max": 0.04760858044028282,
    "mean": 0.007817512988570212
  },
  "layer2.0.conv1.weight": {
    "max": 0.25761646032333374,
    "mean": 0.03766463587975263
  },
  "layer2.0.conv2.weight": {
    "max": 0.1452966034412384,
    "mean": 0.026822097116632256
  },
  "layer2.0.conv3.weight": {
    "max": 0.21000772714614868,
    "mean": 0.03671047150140761
  },
  "layer2.0.downsample.0.weight": {
    "max": 0.21006129682064056,
    "mean": 0.03494675775732113
  },
  "layer2.0.downsample.1.bias": {
    "max": 0.03027639351785183,
    "mean": 0.00490115036730588
  },
  "layer2.0.downsample.1.weight": {
    "max": 0.047666922211647034,
    "mean": 0.007509438497010186
  },
  "layer2.1.bn1.bias": {
    "max": 0.028430944308638573,
    "mean": 0.004812994357946861
  },
  "layer2.1.bn1.weight": {
    "max": 0.04702615737915039,
    "mean": 0.007828613071095399
  },
  "layer2.1.bn2.bias": {
    "max": 0.02688918635249138,
    "mean": 0.005284081142121327
  },
  "layer2.1.bn2.weight": {
    "max": 0.0433359257876873,
    "mean": 0.007477463934441662
  },
  "layer2.1.bn3.bias": {
    "max": 0.0285867378115654,
    "mean": 0.004390302037375347
  },
  "layer2.1.bn3.weight": {
    "max": 0.0484120137989521,
    "mean": 0.007511334571837714
  },
  "layer2.1.conv1.weight": {
    "max": 0.13692855834960938,
    "mean": 0.022461110715604655
  },
  "layer2.1.conv2.weight": {
    "max": 0.2009565681219101,
    "mean": 0.036853300035332465
  },
  "layer2.1.conv3.weight": {
    "max": 0.22307188808918,
    "mean": 0.03401742752142516
  },
  "layer2.2.bn1.bias": {
    "max": 0.0373377688229084,
    "mean": 0.005060217208041909
  },
  "layer2.2.bn1.weight": {
    "max": 0.05399469658732414,
    "mean": 0.00798284892267215
  },
  "layer2.2.bn2.bias": {
    "max": 0.027095092460513115,
    "mean": 0.0037334365709310595
  },
  "layer2.2.bn2.weight": {
    "max": 0.04508191719651222,
    "mean": 0.00639947653560999
  },
  "layer2.2.bn3.bias": {
    "max": 0.026739196851849556,
    "mean": 0.0040396548080856775
  },
  "layer2.2.bn3.weight": {
    "max": 0.04741353169083595,
    "mean": 0.006583090821742579
  },
  "layer2.2.conv1.weight": {
    "max": 0.1325134038925171,
    "mean": 0.01956441179075877
  },
  "layer2.2.conv2.weight": {
    "max": 0.16759757697582245,
    "mean": 0.027058330941280084
  },
  "layer2.2.conv3.weight": {
    "max": 0.20584924519062042,
    "mean": 0.030433957426077022
  },
  "layer2.3.bn1.bias": {
    "max": 0.03354968875646591,
    "mean": 0.004272708317460326
  },
  "layer2.3.bn1.weight": {
    "max": 0.05672458931803703,
    "mean": 0.006846413799108372
  },
  "layer2.3.bn2.bias": {
    "max": 0.03484479710459709,
    "mean": 0.004007718369643303
  },
  "layer2.3.bn2.weight": {
    "max": 0.07328509539365768,
    "mean": 0.0068568181379565175
  },
  "layer2.3.bn3.bias": {
    "max": 0.025332916527986526,
    "mean": 0.0034800720401524034
  },
  "layer2.3.bn3.weight": {
    "max": 0.05015760660171509,
    "mean": 0.006148928500021742
  },
  "layer2.3.conv1.weight": {
    "max": 0.18432533740997314,
    "mean": 0.02436063779534639
  },
  "layer2.3.conv2.weight": {
    "max": 0.17809925973415375,
    "mean": 0.024277427936322055
  },
  "layer2.3.conv3.weight": {
    "max": 0.2356492578983307,
    "mean": 0.02560632152940213
  },
  "layer3.0.bn1.bias": {
    "max": 0.04321998357772827,
    "mean": 0.006778380238517586
  },
  "layer3.0.bn1.weight": {
    "max": 0.07142528146505356,
    "mean": 0.010737559477981579
  },
  "layer3.0.bn2.bias": {
    "max": 0.017924755811691284,
    "mean": 0.002996382259433241
  },
  "layer3.0.bn2.weight": {
    "max": 0.03588225319981575,
    "mean": 0.005669339735406019
  },
  "layer3.0.bn3.bias": {
    "max": 0.03315446525812149,
    "mean": 0.005016317807083916
  },
  "layer3.0.bn3.weight": {
    "max": 0.05759081244468689,
    "mean": 0.00788642891381252
  },
  "layer3.0.conv1.weight": {
    "max": 0.26347973942756653,
    "mean": 0.04039794985271458
  },
  "layer3.0.conv2.weight": {
    "max": 0.16350769996643066,
    "mean": 0.025046240342780947
  },
  "layer3.0.conv3.weight": {
    "max": 0.2322179079055786,