{
  "bn1.bias": {
    "max": 0.138254776597023,
    "mean": 0.01764834656621263
  },
  "bn1.weight": {
    "max": 0.29219767451286316,
    "mean": 0.05441387916083581
  },
  "conv1.weight": {
    "max": 1.2931767702102661,
    "mean": 0.2914335873696421
  },
  "fc.bias": {
    "max": 0.06950005888938904,
    "mean": 0.02440686914404588
  },
  "fc.weight": {
    "max": 1.0867849588394165,
    "mean": 0.38128929781062265
  },
  "layer1.0.bn1.bias": {
    "max": 0.08163072913885117,
    "mean": 0.013314820528446165
  },
  "layer1.0.bn1.weight": {
    "max": 0.07323894649744034,
    "mean": 0.016946381761309956
  },
  "layer1.0.bn2.bias": {
    "max": 0.05774858221411705,
    "mean": 0.012600700085334081
  },
  "layer1.0.bn2.weight": {
    "max": 0.12645776569843292,
    "mean": 0.02493474773414034
  },
  "layer1.0.bn3.bias": {
    "max": 0.12926609814167023,
    "mean": 0.028706696344971923
  },
  "layer1.0.bn3.weight": {
    "max": 0.2631082832813263,
    "mean": 0.06791309330945036
  },
  "layer1.0.conv1.weight": {
    "max": 0.3310715854167938,
    "mean": 0.07883099759928883
  },
  "layer1.0.conv2.weight": {
    "max": 0.5587670207023621,
    "mean": 0.11000856104240353
  },
  "layer1.0.conv3.weight": {
    "max": 0.38120710849761963,
    "mean": 0.09067708143897887
  },
  "layer1.0.downsample.0.weight": {
    "max": 0.9789367914199829,
    "mean": 0.20867400342598558
  },
  "layer1.0.downsample.1.bias": {
    "max": 0.12926609814167023,
    "mean": 0.028706696344971923
  },
  "layer1.0.downsample.1.weight": {
    "max": 0.2513708472251892,
    "mean": 0.06433643513492175
  },
  "layer1.1.bn1.bias": {
    "max": 0.0844990611076355,
    "mean": 0.01841076569531911
  },
  "layer1.1.bn1.weight": {
    "max": 0.131676584482193,
    "mean": 0.025104872135478736
  },
  "layer1.1.bn2.bias": {
    "max": 0.04252880811691284,
    "mean": 0.00800626498609615
  },
  "layer1.1.bn2.weight": {
    "max": 0.07218313962221146,
    "mean": 0.01458076463263881
  },
  "layer1.1.bn3.bias": {
    "max": 0.09320052713155746,
    "mean": 0.01998462509896074
  },
  "layer1.1.bn3.weight": {
    "max": 0.20134490728378296,
    "mean": 0.04661046456678637
  },
  "layer1.1.conv1.weight": {
    "max": 0.2510252892971039,
    "mean": 0.04501800603798724
  },
  "layer1.1.conv2.weight": {
    "max": 0.29697293043136597,
    "mean": 0.05253188214730471
  },
  "layer1.1.conv3.weight": {
    "max": 0.29318153858184814,
    "mean": 0.05787872466691105
  },
  "layer1.2.bn1.bias": {
    "max": 0.030028900131583214,
    "mean": 0.006162889352417551
  },
  "layer1.2.bn1.weight": {
    "max": 0.056504685431718826,
    "mean": 0.008852973068548766
  },
  "layer1.2.bn2.bias": {
    "max": 0.023886868730187416,
    "mean": 0.005029616000122457
  },
  "layer1.2.bn2.weight": {
    "max": 0.06399771571159363,
    "mean": 0.009065004714980854
  },
  "layer1.2.bn3.bias": {
    "max": 0.060830410569906235,
    "mean": 0.013824495996897375
  },
  "layer1.2.bn3.weight": {
    "max": 0.1673823595046997,
    "mean": 0.02606899402403672
  },
  "layer1.2.conv1.weight": {
    "max": 0.24552668631076813,
    "mean": 0.04271201334827181
  },
  "layer1.2.conv2.weight": {
    "max": 0.37080127000808716,
    "mean": 0.047391434071053354
  },
  "layer1.2.conv3.weight": {
    "max": 0.3345198631286621,
    "mean": 0.045907672426131155
  },
  "layer2.0.bn1.bias": {
    "max": 0.05213204771280289,
    "mean": 0.010667755369795487
  },
  "layer2.0.bn1.weight": {
    "max": 0.0934361144900322,
    "mean": 0.014495787178665133
  },
  "layer2.0.bn2.bias": {
    "max": 0.018265148624777794,
    "mean": 0.005448844733722841
  },
  "layer2.0.bn2.weight": {
    "max": 0.06555335968732834,
    "mean": 0.011779368977877312
  },
  "layer2.0.bn3.bias": {
    "max": 0.04629644379019737,
    "mean": 0.009632790933080417
  },
  "layer2.0.bn3.weight": {
    "max": 0.11272619664669037,
    "mean": 0.014665832192570503
  },
  "layer2.0.conv1.weight": {
    "max": 0.5081523060798645,
    "mean": 0.07582675789349845
  },
  "layer2.0.conv2.weight": {
    "max": 0.30244144797325134,
    "mean": 0.0505614909113917
  },
  "layer2.0.conv3.weight": {
    "max": 0.4880843162536621,
    "mean": 0.06960951767595751
  },
  "layer2.0.downsample.0.weight": {
    "max": 0.3062942624092102,
    "mean": 0.06817353256312864
  },
  "layer2.0.downsample.1.bias": {
    "max": 0.04629644379019737,
    "mean": 0.009632790933080417
  },
  "layer2.0.downsample.1.weight": {
    "max": 0.07667399197816849,
    "mean": 0.014288506204029544
  },
  "layer2.1.bn1.bias": {
    "max": 0.04959595203399658,
    "mean": 0.009769618941936642
  },
  "layer2.1.bn1.weight": {
    "max": 0.08125201612710953,
    "mean": 0.015764972692787912
  },
  "layer2.1.bn2.bias": {
    "max": 0.06543109565973282,
    "mean": 0.009898520852189644
  },
  "layer2.1.bn2.weight": {
    "max": 0.06600255519151688,
    "mean": 0.01395233528663604
  },
  "layer2.1.bn3.bias": {
    "max": 0.0402616485953331,
    "mean": 0.008464374526437106
  },
  "layer2.1.bn3.weight": {
    "max": 0.06211975961923599,
    "mean": 0.014123931567799964
  },
  "layer2.1.conv1.weight": {
    "max": 0.17278969287872314,
    "mean": 0.04522818468078705
  },
  "layer2.1.conv2.weight": {
    "max": 0.4585033059120178,
    "mean": 0.07287994454481772
  },
  "layer2.1.conv3.weight": {
    "max": 0.39548346400260925,
    "mean": 0.06629189946721974
  },
  "layer2.2.bn1.bias": {
    "max": 0.04329918324947357,
    "mean": 0.009574319452679317
  },
  "layer2.2.bn1.weight": {
    "max": 0.09976799041032791,
    "mean": 0.014620299693113858
  },
  "layer2.2.bn2.bias": {
    "max": 0.0433524064719677,
    "mean": 0.007293209865373293
  },
  "layer2.2.bn2.weight": {
    "max": 0.08057062327861786,
    "mean": 0.01267565491775583
  },
  "layer2.2.bn3.bias": {
    "max": 0.03385159373283386,
    "mean": 0.0076651829448694895
  },
  "layer2.2.bn3.weight": {
    "max": 0.0524933785200119,
    "mean": 0.011729615488771482
  },
  "layer2.2.conv1.weight": {
    "max": 0.20771236717700958,
    "mean": 0.03698952449452398
  },
  "layer2.2.conv2.weight": {
    "max": 0.23376354575157166,
    "mean": 0.052136125939099914
  },
  "layer2.2.conv3.weight": {
    "max": 0.2450348138809204,
    "mean": 0.05581350245513022
  },
  "layer2.3.bn1.bias": {
    "max": 0.04358489811420441,
    "mean": 0.008159982610876406
  },
  "layer2.3.bn1.weight": {
    "max": 0.08304423838853836,
    "mean": 0.012843140808981843
  },
  "layer2.3.bn2.bias": {
    "max": 0.03994082659482956,
    "mean": 0.007827041847714489
  },
  "layer2.3.bn2.weight": {
    "max": 0.06655263900756836,
    "mean": 0.01287157590492695
  },
  "layer2.3.bn3.bias": {
    "max": 0.029263176023960114,
    "mean": 0.006524388400305595
  },
  "layer2.3.bn3.weight": {
    "max": 0.05891963094472885,
    "mean": 0.011724050414964689
  },
  "layer2.3.conv1.weight": {
    "max": 0.2508237659931183,
    "mean": 0.04764588798462813
  },
  "layer2.3.conv2.weight": {
    "max": 0.1927698403596878,
    "mean": 0.04686285836189719
  },
  "layer2.3.conv3.weight": {
    "max": 0.22833067178726196,
    "mean": 0.04916052655350151
  },
  "layer3.0.bn1.bias": {
    "max": 0.05104222893714905,
    "mean": 0.012877052533939214
  },
  "layer3.0.bn1.weight": {
    "max": 0.0930865928530693,
    "mean": 0.019820502213302203
  },
  "layer3.0.bn2.bias": {
    "max": 0.027240928262472153,
    "mean": 0.005528455191275238
  },
  "layer3.0.bn2.weight": {
    "max": 0.0415230467915535,
    "mean": 0.010432551795633377
  },
  "layer3.0.bn3.bias": {
    "max": 0.038411419838666916,
    "mean": 0.009201254713781444
  },
  "layer3.0.bn3.weight": {
    "max": 0.06599583476781845,
    "mean": 0.014441709582294737
  },
  "layer3.0.conv1.weight": {
    "max": 0.3894994854927063,
    "mean": 0.07732390196594809
  },
  "layer3.0.conv2.weight": {
    "max": 0.19407205283641815,
    "mean": 0.04563402409166364
  },
  "layer3.0.conv3.weight": {
    "max": 0.25953882932662964,
    "mean": 0.059372194186518235
  },