{
  "bn1.bias": {
    "max": 0.05441943556070328,
    "mean": 0.006791897618791803
  },
  "bn1.weight": {
    "max": 0.1490950882434845,
    "mean": 0.024331046544040353
  },
  "conv1.weight": {
    "max": 0.6170908808708191,
    "mean": 0.1152278108939728
  },
  "fc.bias": {
    "max": 0.08815892040729523,
    "mean": 0.01333113833688133
  },
  "fc.weight": {
    "max": 0.7824472784996033,
    "mean": 0.15156101491102683
  },
  "layer1.0.bn1.bias": {
    "max": 0.030040552839636803,
    "mean": 0.005714601074702971
  },
  "layer1.0.bn1.weight": {
    "max": 0.04469338804483414,
    "mean": 0.008064143214173133
  },
  "layer1.0.bn2.bias": {
    "max": 0.03483271226286888,
    "mean": 0.0056889844383113085
  },
  "layer1.0.bn2.weight": {
    "max": 0.05703143775463104,
    "mean": 0.011122269552475441
  },
  "layer1.0.bn3.bias": {
    "max": 0.062331873923540115,
    "mean": 0.012034133221708803
  },
  "layer1.0.bn3.weight": {
    "max": 0.21460996568202972,
    "mean": 0.02748840478872548
  },
  "layer1.0.conv1.weight": {
    "max": 0.1701275110244751,
    "mean": 0.03398487932065369
  },
  "layer1.0.conv2.weight": {
    "max": 0.299204558134079,
    "mean": 0.04655664079331993
  },
  "layer1.0.conv3.weight": {
    "max": 0.3206774592399597,
    "mean": 0.046058532401969256
  },
  "layer1.0.downsample.0.weight": {
    "max": 0.467743843793869,
    "mean": 0.08292150864094895
  },
  "layer1.0.downsample.1.bias": {
    "max": 0.062331873923540115,
    "mean": 0.012034133221708803
  },
  "layer1.0.downsample.1.weight": {
    "max": 0.19853980839252472,
    "mean": 0.026158974900442576
  },
  "layer1.1.bn1.bias": {
    "max": 0.034938666969537735,
    "mean": 0.007145983366624153
  },
  "layer1.1.bn1.weight": {
    "max": 0.054145168513059616,
    "mean": 0.010248839029601576
  },
  "layer1.1.bn2.bias": {
    "max": 0.018387097865343094,
    "mean": 0.0033630933144013398
  },
  "layer1.1.bn2.weight": {
    "max": 0.03165353462100029,
    "mean": 0.006502695328786753
  },
  "layer1.1.bn3.bias": {
    "max": 0.04310468211770058,
    "mean": 0.008690824452371869
  },
  "layer1.1.bn3.weight": {
    "max": 0.1298501044511795,
    "mean": 0.019769925989426805
  },
  "layer1.1.conv1.weight": {
    "max": 0.09477858990430832,
    "mean": 0.01764439187744366
  },
  "layer1.1.conv2.weight": {
    "max": 0.12040610611438751,
    "mean": 0.024029178308888472
  },
  "layer1.1.conv3.weight": {
    "max": 0.11401154100894928,
    "mean": 0.023454022956804172
  },
  "layer1.2.bn1.bias": {
    "max": 0.013013584539294243,
    "mean": 0.0026589185635332666
  },
  "layer1.2.bn1.weight": {
    "max": 0.021633388474583626,
    "mean": 0.004080079802370165
  },
  "layer1.2.bn2.bias": {
    "max": 0.011781023815274239,
    "mean": 0.002333516665455266
  },
  "layer1.2.bn2.weight": {
    "max": 0.02162923477590084,
    "mean": 0.004410879391237229
  },
  "layer1.2.bn3.bias": {
    "max": 0.034189578145742416,
    "mean": 0.006337747647152615
  },
  "layer1.2.bn3.weight": {
    "max": 0.05768614634871483,
    "mean": 0.011041561968616276
  },
  "layer1.2.conv1.weight": {
    "max": 0.07967783510684967,
    "mean": 0.01709206702595111
  },
  "layer1.2.conv2.weight": {
    "max": 0.10425398498773575,
    "mean": 0.021357391116866242
  },
  "layer1.2.conv3.weight": {
    "max": 0.097585529088974,
    "mean": 0.020662589271918736
  },
  "layer2.0.bn1.bias": {
    "max": 0.025620002299547195,
    "mean": 0.004798570672147824
  },
  "layer2.0.bn1.weight": {
    "max": 0.04374263435602188,
    "mean": 0.007068455545273277
  },
  "layer2.0.bn2.bias": {
    "max": 0.01528841070830822,
    "mean": 0.002760788181305023
  },
  "layer2.0.bn2.weight": {
    "max": 0.03252151235938072,
    "mean": 0.006186264666362799
  },
  "layer2.0.bn3.bias": {
    "max": 0.02145852893590927,
    "mean": 0.0043979174899452895
  },
  "layer2.0.bn3.weight": {
    "max": 0.03483530133962631,
    "mean": 0.007270653474635245
  },
  "layer2.0.conv1.weight": {
    "max": 0.15317653119564056,
    "mean": 0.03275276522551264
  },
  "layer2.0.conv2.weight": {
    "max": 0.11785765737295151,
    "mean": 0.024655828021766087
  },
  "layer2.0.conv3.weight": {
    "max": 0.1575961410999298,
    "mean": 0.03441378494778681
  },
  "layer2.0.downsample.0.weight": {
    "max": 0.14106819033622742,
    "mean": 0.030150823652968808
  },
  "layer2.0.downsample.1.bias": {
    "max": 0.02145852893590927,
    "mean": 0.0043979174899452895
  },
  "layer2.0.downsample.1.weight": {
    "max": 0.0342324823141098,
    "mean": 0.00703897277894222
  },
  "layer2.1.bn1.bias": {
    "max": 0.021881872788071632,
    "mean": 0.004042904620826968
  },
  "layer2.1.bn1.weight": {
    "max": 0.03423821181058884,
    "mean": 0.006580553975436487
  },
  "layer2.1.bn2.bias": {
    "max": 0.025045443326234818,
    "mean": 0.004686366690314441
  },
  "layer2.1.bn2.weight": {
    "max": 0.037272293120622635,
    "mean": 0.00664118314406161
  },
  "layer2.1.bn3.bias": {
    "max": 0.019756082445383072,
    "mean": 0.003991287901174344
  },
  "layer2.1.bn3.weight": {
    "max": 0.03259692341089249,
    "mean": 0.006427892997359907
  },
  "layer2.1.conv1.weight": {
    "max": 0.0894307941198349,
    "mean": 0.018139306818692212
  },
  "layer2.1.conv2.weight": {
    "max": 0.18574288487434387,
    "mean": 0.0310179390014881
  },
  "layer2.1.conv3.weight": {
    "max": 0.1410841941833496,
    "mean": 0.027911242238769774
  },
  "layer2.2.bn1.bias": {
    "max": 0.02688710205256939,
    "mean": 0.004782734258988057
  },
  "layer2.2.bn1.weight": {
    "max": 0.043703727424144745,
    "mean": 0.007619968925532053
  },
  "layer2.2.bn2.bias": {
    "max": 0.030202900990843773,
    "mean": 0.003988052489943844
  },
  "layer2.2.bn2.weight": {
    "max": 0.07538826018571854,
    "mean": 0.007209010666390116
  },
  "layer2.2.bn3.bias": {
    "max": 0.017325645312666893,
    "mean": 0.0037264485857875637
  },
  "layer2.2.bn3.weight": {
    "max": 0.03326757252216339,
    "mean": 0.006369854204978245
  },
  "layer2.2.conv1.weight": {
    "max": 0.0880773663520813,
    "mean": 0.01754525628115516
  },
  "layer2.2.conv2.weight": {
    "max": 0.23042258620262146,
    "mean": 0.027413612357049713
  },
  "layer2.2.conv3.weight": {
    "max": 0.2330014705657959,
    "mean": 0.031068875619301772
  },
  "layer2.3.bn1.bias": {
    "max": 0.02046922780573368,
    "mean": 0.0037035900121242904
  },
  "layer2.3.bn1.weight": {
    "max": 0.04049052298069,
    "mean": 0.006200658278830815
  },
  "layer2.3.bn2.bias": {
    "max": 0.0251229926943779,
    "mean": 0.004077605429837214
  },
  "layer2.3.bn2.weight": {
    "max": 0.046375542879104614,
    "mean": 0.006895388069502327
  },
  "layer2.3.bn3.bias": {
    "max": 0.014783910475671291,
    "mean": 0.003287398943518513
  },
  "layer2.3.bn3.weight": {
    "max": 0.03386356681585312,
    "mean": 0.005413849803735502
  },
  "layer2.3.conv1.weight": {
    "max": 0.10999885946512222,
    "mean": 0.019992023931699805
  },
  "layer2.3.conv2.weight": {
    "max": 0.14630480110645294,
    "mean": 0.02246301120093059
  },
  "layer2.3.conv3.weight": {
    "max": 0.15414920449256897,
    "mean": 0.023747864482200905
  },
  "layer3.0.bn1.bias": {
    "max": 0.035293180495500565,
    "mean": 0.006661505481606583
  },
  "layer3.0.bn1.weight": {
    "max": 0.053971774876117706,
    "mean": 0.011138197345031325
  },
  "layer3.0.bn2.bias": {
    "max": 0.014489051885902882,
    "mean": 0.0030642258629917964
  },
  "layer3.0.bn2.weight": {
    "max": 0.031248025596141815,
    "mean": 0.005879057209811955
  },
  "layer3.0.bn3.bias": {
    "max": 0.024600958451628685,
    "mean": 0.004850615568045344
  },
  "layer3.0.bn3.weight": {
    "max": 0.052388548851013184,
    "mean": 0.008326673683165739
  },
  "layer3.0.conv1.weight": {
    "max": 0.1840916872024536,
    "mean": 0.03827856619892243
  },
  "layer3.0.conv2.weight": {
    "max": 0.14154133200645447,
    "mean": 0.024808989660024445
  },