{
  "bn1.bias": {
    "max": 0.07607849687337875,
    "mean": 0.007810752500517992
  },
  "bn1.weight": {
    "max": 0.25235864520072937,
    "mean": 0.02599069160941456
  },
  "conv1.weight": {
    "max": 1.148525595664978,
    "mean": 0.12886399692556422
  },
  "fc.bias": {
    "max": 0.08941587805747986,
    "mean": 0.014115079177884451
  },
  "fc.weight": {
    "max": 1.165286898612976,
    "mean": 0.16434735100583306
  },
  "layer1.0.bn1.bias": {
    "max": 0.048293862491846085,
    "mean": 0.0063357457753902835
  },
  "layer1.0.bn1.weight": {
    "max": 0.06902152299880981,
    "mean": 0.008995998300358354
  },
  "layer1.0.bn2.bias": {
    "max": 0.05499359592795372,
    "mean": 0.006457211951409201
  },
  "layer1.0.bn2.weight": {
    "max": 0.1597980260848999,
    "mean": 0.012473627875983117
  },
  "layer1.0.bn3.bias": {
    "max": 0.10397275537252426,
    "mean": 0.013556289905931667
  },
  "layer1.0.bn3.weight": {
    "max": 0.4036869406700134,
    "mean": 0.03588843575487512
  },
  "layer1.0.conv1.weight": {
    "max": 0.32460883259773254,
    "mean": 0.03714486504322849
  },
  "layer1.0.conv2.weight": {
    "max": 0.5044223070144653,
    "mean": 0.054416829856511736
  },
  "layer1.0.conv3.weight": {
    "max": 0.6743136644363403,
    "mean": 0.04904704706377483
  },
  "layer1.0.downsample.0.weight": {
    "max": 0.9566749334335327,
    "mean": 0.09409431004564145
  },
  "layer1.0.downsample.1.bias": {
    "max": 0.10397275537252426,
    "mean": 0.013556289905931667
  },
  "layer1.0.downsample.1.weight": {
    "max": 0.39536261558532715,
    "mean": 0.03419419362018484
  },
  "layer1.1.bn1.bias": {
    "max": 0.06597158312797546,
    "mean": 0.007943583218958728
  },
  "layer1.1.bn1.weight": {
    "max": 0.11574377119541168,
    "mean": 0.01184700083428262
  },
  "layer1.1.bn2.bias": {
    "max": 0.04049810394644737,
    "mean": 0.0038196073344442995
  },
  "layer1.1.bn2.weight": {
    "max": 0.08033618330955505,
    "mean": 0.007107449876597716
  },
  "layer1.1.bn3.bias": {
    "max": 0.08327419310808182,
    "mean": 0.009566097260353023
  },
  "layer1.1.bn3.weight": {
    "max": 0.21698081493377686,
    "mean": 0.022548689661364602
  },
  "layer1.1.conv1.weight": {
    "max": 0.2158789187669754,
    "mean": 0.020784299411087497
  },
  "layer1.1.conv2.weight": {
    "max": 0.2999226450920105,
    "mean": 0.026836845569196157
  },
  "layer1.1.conv3.weight": {
    "max": 0.29398036003112793,
    "mean": 0.027647656408371402
  },
  "layer1.2.bn1.bias": {
    "max": 0.02572866715490818,
    "mean": 0.002931528620351206
  },
  "layer1.2.bn1.weight": {
    "max": 0.044931795448064804,
    "mean": 0.004924070538088147
  },
  "layer1.2.bn2.bias": {
    "max": 0.019687870517373085,
    "mean": 0.002521706445950258
  },
  "layer1.2.bn2.weight": {
    "max": 0.0526084266602993,
    "mean": 0.004893064975933937
  },
  "layer1.2.bn3.bias": {
    "max": 0.06313914805650711,
    "mean": 0.006927477131165298
  },
  "layer1.2.bn3.weight": {
    "max": 0.13248156011104584,
    "mean": 0.013860826058121997
  },
  "layer1.2.conv1.weight": {
    "max": 0.20809972286224365,
    "mean": 0.020066021450911648
  },
  "layer1.2.conv2.weight": {
    "max": 0.28330329060554504,
    "mean": 0.024218360629913928
  },
  "layer1.2.conv3.weight": {
    "max": 0.25617191195487976,
    "mean": 0.02381674879213928
  },
  "layer2.0.bn1.bias": {
    "max": 0.05254609137773514,
    "mean": 0.005262599733541719
  },
  "layer2.0.bn1.weight": {
    "max": 0.1274764984846115,
    "mean": 0.007966611322564338
  },
  "layer2.0.bn2.bias": {
    "max": 0.03251723572611809,
    "mean": 0.002779936794364143
  },
  "layer2.0.bn2.weight": {
    "max": 0.08151286840438843,
    "mean": 0.006444755674601765
  },
  "layer2.0.bn3.bias": {
    "max": 0.04437330737709999,
    "mean": 0.004777596040803474
  },
  "layer2.0.bn3.weight": {
    "max": 0.09779511392116547,
    "mean": 0.007849061953269744
  },
  "layer2.0.conv1.weight": {
    "max": 0.4311823844909668,
    "mean": 0.03653028492167193
  },
  "layer2.0.conv2.weight": {
    "max": 0.3107745349407196,
    "mean": 0.026134038306939018
  },
  "layer2.0.conv3.weight": {
    "max": 0.43876588344573975,
    "mean": 0.03597199216900793
  },
  "layer2.0.downsample.0.weight": {
    "max": 0.3146555721759796,
    "mean": 0.035374752098744335
  },
  "layer2.0.downsample.1.bias": {
    "max": 0.04437330737709999,
    "mean": 0.004777596040803474
  },
  "layer2.0.downsample.1.weight": {
    "max": 0.08020246028900146,
    "mean": 0.007628828200769411
  },
  "layer2.1.bn1.bias": {
    "max": 0.030312925577163696,
    "mean": 0.004207178281597277
  },
  "layer2.1.bn1.weight": {
    "max": 0.07855569571256638,
    "mean": 0.007380118606254525
  },
  "layer2.1.bn2.bias": {
    "max": 0.04131684824824333,
    "mean": 0.004842787969267062
  },
  "layer2.1.bn2.weight": {
    "max": 0.06300907582044601,
    "mean": 0.007235922882828163
  },
  "layer2.1.bn3.bias": {
    "max": 0.04192853718996048,
    "mean": 0.004276992609468704
  },
  "layer2.1.bn3.weight": {
    "max": 0.06986705958843231,
    "mean": 0.00717960757151429
  },
  "layer2.1.conv1.weight": {
    "max": 0.17223893105983734,
    "mean": 0.020005855243569907
  },
  "layer2.1.conv2.weight": {
    "max": 0.25244805216789246,
    "mean": 0.03203713781233611
  },
  "layer2.1.conv3.weight": {
    "max": 0.4158358573913574,
    "mean": 0.032222875152864226
  },
  "layer2.2.bn1.bias": {
    "max": 0.04391678050160408,
    "mean": 0.004997332701106123
  },
  "layer2.2.bn1.weight": {
    "max": 0.07277534902095795,
    "mean": 0.008172181005855756
  },
  "layer2.2.bn2.bias": {
    "max": 0.03269089758396149,
    "mean": 0.00392166818358029
  },
  "layer2.2.bn2.weight": {
    "max": 0.0652306005358696,
    "mean": 0.006978371121055846
  },
  "layer2.2.bn3.bias": {
    "max": 0.037843041121959686,
    "mean": 0.0039062348938542915
  },
  "layer2.2.bn3.weight": {
    "max": 0.06263931095600128,
    "mean": 0.006519207571171657
  },
  "layer2.2.conv1.weight": {
    "max": 0.1933290958404541,
    "mean": 0.01918128167358061
  },
  "layer2.2.conv2.weight": {
    "max": 0.27663862705230713,
    "mean": 0.027455192793277093
  },
  "layer2.2.conv3.weight": {
    "max": 0.2826523184776306,
    "mean": 0.029973573350330948
  },
  "layer2.3.bn1.bias": {
    "max": 0.0324086919426918,
    "mean": 0.0037172752790710158
  },
  "layer2.3.bn1.weight": {
    "max": 0.06454135477542877,
    "mean": 0.006474397322807428
  },
  "layer2.3.bn2.bias": {
    "max": 0.045625846832990646,
    "mean": 0.004070525014436238
  },
  "layer2.3.bn2.weight": {
    "max": 0.07572925835847855,
    "mean": 0.006768236957764851
  },
  "layer2.3.bn3.bias": {
    "max": 0.03505977988243103,
    "mean": 0.003407181163856876
  },
  "layer2.3.bn3.weight": {
    "max": 0.055106550455093384,
    "mean": 0.005667789933504537
  },
  "layer2.3.conv1.weight": {
    "max": 0.21506129205226898,
    "mean": 0.02180089879955631
  },
  "layer2.3.conv2.weight": {
    "max": 0.2225327044725418,
    "mean": 0.023055417867477185
  },
  "layer2.3.conv3.weight": {
    "max": 0.23799675703048706,
    "mean": 0.02455022394050112
  },
  "layer3.0.bn1.bias": {
    "max": 0.07431048899888992,
    "mean": 0.006761353368347045
  },
  "layer3.0.bn1.weight": {
    "max": 0.17071402072906494,
    "mean": 0.011418096947350673
  },
  "layer3.0.bn2.bias": {
    "max": 0.03839562460780144,
    "mean": 0.00315329106178459
  },
  "layer3.0.bn2.weight": {
    "max": 0.09309743344783783,
    "mean": 0.0061557469773106275
  },
  "layer3.0.bn3.bias": {
    "max": 0.046730637550354004,
    "mean": 0.004990478551356189
  },
  "layer3.0.bn3.weight": {
    "max": 0.10380686819553375,
    "mean": 0.008480827891492352
  },
  "layer3.0.conv1.weight": {
    "max": 0.4708695411682129,
    "mean": 0.04046696176702556
  },
  "layer3.0.conv2.weight": {
    "max": 0.2752994894981384,
    "mean": 0.024915123973707005
  },
  "layer3.0.conv3.weight": {
    "max": 0.35658377408981323,