{
  "bn1.bias": {
    "max": 0.07984834909439087,
    "mean": 0.013153873596747872
  },
  "bn1.weight": {
    "max": 0.30309242010116577,
    "mean": 0.04692448018185262
  },
  "conv1.weight": {
    "max": 1.4538971185684204,
    "mean": 0.25016336713917553
  },
  "fc.bias": {
    "max": 0.10086871683597565,
    "mean": 0.023461284615498568
  },
  "fc.weight": {
    "max": 1.2626773118972778,
    "mean": 0.34083573691014735
  },
  "layer1.0.bn1.bias": {
    "max": 0.050693172961473465,
    "mean": 0.011306711041751051
  },
  "layer1.0.bn1.weight": {
    "max": 0.09758593142032623,
    "mean": 0.015320288877285617
  },
  "layer1.0.bn2.bias": {
    "max": 0.055935800075531006,
    "mean": 0.011591360298126737
  },
  "layer1.0.bn2.weight": {
    "max": 0.11489902436733246,
    "mean": 0.02261028199124017
  },
  "layer1.0.bn3.bias": {
    "max": 0.15209531784057617,
    "mean": 0.024853691358418604
  },
  "layer1.0.bn3.weight": {
    "max": 0.3419458866119385,
    "mean": 0.057954420877753626
  },
  "layer1.0.conv1.weight": {
    "max": 0.33448565006256104,
    "mean": 0.07024907073105818
  },
  "layer1.0.conv2.weight": {
    "max": 0.5567998290061951,
    "mean": 0.09746049081241445
  },
  "layer1.0.conv3.weight": {
    "max": 0.40155866742134094,
    "mean": 0.08330737723336955
  },
  "layer1.0.downsample.0.weight": {
    "max": 1.3622031211853027,
    "mean": 0.18537239397410304
  },
  "layer1.0.downsample.1.bias": {
    "max": 0.15209531784057617,
    "mean": 0.024853691358418604
  },
  "layer1.0.downsample.1.weight": {
    "max": 0.315408319234848,
    "mean": 0.055318758874865516
  },
  "layer1.1.bn1.bias": {
    "max": 0.07435078918933868,
    "mean": 0.015756509534050046
  },
  "layer1.1.bn1.weight": {
    "max": 0.23278923332691193,
    "mean": 0.02493287013461148
  },
  "layer1.1.bn2.bias": {
    "max": 0.03619556501507759,
    "mean": 0.0074079509094424015
  },
  "layer1.1.bn2.weight": {
    "max": 0.07439533621072769,
    "mean": 0.014136342387313821
  },
  "layer1.1.bn3.bias": {
    "max": 0.08994323760271072,
    "mean": 0.017797680756775663
  },
  "layer1.1.bn3.weight": {
    "max": 0.20913101732730865,
    "mean": 0.04157272264876935
  },
  "layer1.1.conv1.weight": {
    "max": 0.505921483039856,
    "mean": 0.049175543476095686
  },
  "layer1.1.conv2.weight": {
    "max": 0.2777250111103058,
    "mean": 0.05197463088219852
  },
  "layer1.1.conv3.weight": {
    "max": 0.2783879339694977,
    "mean": 0.05373129885577198
  },
  "layer1.2.bn1.bias": {
    "max": 0.036064621061086655,
    "mean": 0.005757353276006013
  },
  "layer1.2.bn1.weight": {
    "max": 0.05093289539217949,
    "mean": 0.008840511887891417
  },
  "layer1.2.bn2.bias": {
    "max": 0.0243319533765316,
    "mean": 0.004714853966205347
  },
  "layer1.2.bn2.weight": {
    "max": 0.053222984075546265,
    "mean": 0.009013150694788367
  },
  "layer1.2.bn3.bias": {
    "max": 0.06150966137647629,
    "mean": 0.012562605838673855
  },
  "layer1.2.bn3.weight": {
    "max": 0.21902814507484436,
    "mean": 0.025320090614591857
  },
  "layer1.2.conv1.weight": {
    "max": 0.216709166765213,
    "mean": 0.041689859637990594
  },
  "layer1.2.conv2.weight": {
    "max": 0.2494264394044876,
    "mean": 0.04638579331787436
  },
  "layer1.2.conv3.weight": {
    "max": 0.23180833458900452,
    "mean": 0.04382414763793349
  },
  "layer2.0.bn1.bias": {
    "max": 0.04650352895259857,
    "mean": 0.009428721680098014
  },
  "layer2.0.bn1.weight": {
    "max": 0.08185608685016632,
    "mean": 0.013346676255127282
  },
  "layer2.0.bn2.bias": {
    "max": 0.022029882296919823,
    "mean": 0.005030267529052383
  },
  "layer2.0.bn2.weight": {
    "max": 0.06783013045787811,
    "mean": 0.010978740357885337
  },
  "layer2.0.bn3.bias": {
    "max": 0.043449029326438904,
    "mean": 0.008568264499273417
  },
  "layer2.0.bn3.weight": {
    "max": 0.07524225860834122,
    "mean": 0.01346041076109811
  },
  "layer2.0.conv1.weight": {
    "max": 0.3581627309322357,
    "mean": 0.06667655959758642
  },
  "layer2.0.conv2.weight": {
    "max": 0.2569301724433899,
    "mean": 0.04738967524725012
  },
  "layer2.0.conv3.weight": {
    "max": 0.3598276376724243,
    "mean": 0.06424454438300538
  },
  "layer2.0.downsample.0.weight": {
    "max": 0.5100773572921753,
    "mean": 0.06258036263087498
  },
  "layer2.0.downsample.1.bias": {
    "max": 0.043449029326438904,
    "mean": 0.008568264499273417
  },
  "layer2.0.downsample.1.weight": {
    "max": 0.07382640242576599,
    "mean": 0.013265001146272491
  },
  "layer2.1.bn1.bias": {
    "max": 0.0533251129090786,
    "mean": 0.008550458870678474
  },
  "layer2.1.bn1.weight": {
    "max": 0.1624676138162613,
    "mean": 0.014090033313841559
  },
  "layer2.1.bn2.bias": {
    "max": 0.039581529796123505,
    "mean": 0.008870528111292514
  },
  "layer2.1.bn2.weight": {
    "max": 0.0609557218849659,
    "mean": 0.012658124075470758
  },
  "layer2.1.bn3.bias": {
    "max": 0.04057810455560684,
    "mean": 0.007627753762062639
  },
  "layer2.1.bn3.weight": {
    "max": 0.06389904767274857,
    "mean": 0.012653663916238917
  },
  "layer2.1.conv1.weight": {
    "max": 0.4406590461730957,
    "mean": 0.0411889881537562
  },
  "layer2.1.conv2.weight": {
    "max": 0.3612690567970276,
    "mean": 0.06498800226354173
  },
  "layer2.1.conv3.weight": {
    "max": 0.2813946306705475,
    "mean": 0.05874736557714641
  },
  "layer2.2.bn1.bias": {
    "max": 0.04134897142648697,
    "mean": 0.008895589666166676
  },
  "layer2.2.bn1.weight": {
    "max": 0.07255402207374573,
    "mean": 0.013870109379225011
  },
  "layer2.2.bn2.bias": {
    "max": 0.03584284707903862,
    "mean": 0.006992045256026489
  },
  "layer2.2.bn2.weight": {
    "max": 0.06280367076396942,
    "mean": 0.011814997825962823
  },
  "layer2.2.bn3.bias": {
    "max": 0.03910985216498375,
    "mean": 0.00703185004153056
  },
  "layer2.2.bn3.weight": {
    "max": 0.06199617683887482,
    "mean": 0.01133094230862168
  },
  "layer2.2.conv1.weight": {
    "max": 0.15940898656845093,
    "mean": 0.03465804983479237
  },
  "layer2.2.conv2.weight": {
    "max": 0.28450843691825867,
    "mean": 0.049229814193677154
  },
  "layer2.2.conv3.weight": {
    "max": 0.2684920132160187,
    "mean": 0.05441152153004493
  },
  "layer2.3.bn1.bias": {
    "max": 0.03812902048230171,
    "mean": 0.0072984076808539355
  },
  "layer2.3.bn1.weight": {
    "max": 0.06470834463834763,
    "mean": 0.011614926604421011
  },
  "layer2.3.bn2.bias": {
    "max": 0.04634472355246544,
    "mean": 0.007228639065662199
  },
  "layer2.3.bn2.weight": {
    "max": 0.07190846651792526,
    "mean": 0.011985722313568528
  },
  "layer2.3.bn3.bias": {
    "max": 0.032723281532526016,
    "mean": 0.005960268700166905
  },
  "layer2.3.bn3.weight": {
    "max": 0.05703180655837059,
    "mean": 0.01040122830400443
  },
  "layer2.3.conv1.weight": {
    "max": 0.19548319280147552,
    "mean": 0.04253311914092462
  },
  "layer2.3.conv2.weight": {
    "max": 0.2673777937889099,
    "mean": 0.042957070294734355
  },
  "layer2.3.conv3.weight": {
    "max": 0.2264169305562973,
    "mean": 0.04475961938982696
  },
  "layer3.0.bn1.bias": {
    "max": 0.05527351796627045,
    "mean": 0.011658143313335522
  },
  "layer3.0.bn1.weight": {
    "max": 0.08782958984375,
    "mean": 0.018276886560571647
  },
  "layer3.0.bn2.bias": {
    "max": 0.02920284867286682,
    "mean": 0.005130966558250033
  },
  "layer3.0.bn2.weight": {
    "max": 0.051899123936891556,
    "mean": 0.009704238356789574
  },
  "layer3.0.bn3.bias": {
    "max": 0.048430703580379486,
    "mean": 0.008523639334972749
  },
  "layer3.0.bn3.weight": {
    "max": 0.073654405772686,
    "mean": 0.013452893703610504
  },
  "layer3.0.conv1.weight": {
    "max": 0.34683942794799805,
    "mean": 0.06990783482158025
  },
  "layer3.0.conv2.weight": {
    "max": 0.22133135795593262,
    "mean": 0.043150340319677655
  },
  "layer3.0.conv3.weight": {
    "max": 0.290667861700058,
    "mean": 0.0554533327676888
  },