{
  "bn1.bias": {
    "max": 0.10381146520376205,
    "mean": 0.011929839790391271
  },
  "bn1.weight": {
    "max": 0.3766615390777588,
    "mean": 0.042800179038063754
  },
  "conv1.weight": {
    "max": 1.050331711769104,
    "mean": 0.22189654153638652
  },
  "fc.bias": {
    "max": 0.08625303208827972,
    "mean": 0.02219479287325937
  },
  "fc.weight": {
    "max": 1.312255620956421,
    "mean": 0.30749524644176873
  },
  "layer1.0.bn1.bias": {
    "max": 0.05991022288799286,
    "mean": 0.011754979613885682
  },
  "layer1.0.bn1.weight": {
    "max": 0.08225397765636444,
    "mean": 0.01534825940333706
  },
  "layer1.0.bn2.bias": {
    "max": 0.08574553579092026,
    "mean": 0.010378194335831462
  },
  "layer1.0.bn2.weight": {
    "max": 0.104161337018013,
    "mean": 0.020479406966728026
  },
  "layer1.0.bn3.bias": {
    "max": 0.14360949397087097,
    "mean": 0.02355960496044385
  },
  "layer1.0.bn3.weight": {
    "max": 0.3108353018760681,
    "mean": 0.055126842173880766
  },
  "layer1.0.conv1.weight": {
    "max": 0.34508562088012695,
    "mean": 0.06525358101885234
  },
  "layer1.0.conv2.weight": {
    "max": 0.5927057266235352,
    "mean": 0.092477764204211
  },
  "layer1.0.conv3.weight": {
    "max": 0.47721996903419495,
    "mean": 0.08164132964231872
  },
  "layer1.0.downsample.0.weight": {
    "max": 0.9761486053466797,
    "mean": 0.1647707831693281
  },
  "layer1.0.downsample.1.bias": {
    "max": 0.14360949397087097,
    "mean": 0.02355960496044385
  },
  "layer1.0.downsample.1.weight": {
    "max": 0.29334139823913574,
    "mean": 0.0521430682144793
  },
  "layer1.1.bn1.bias": {
    "max": 0.09565393626689911,
    "mean": 0.014568541620974429
  },
  "layer1.1.bn1.weight": {
    "max": 0.10202877223491669,
    "mean": 0.01937367379582221
  },
  "layer1.1.bn2.bias": {
    "max": 0.04338379204273224,
    "mean": 0.006896483555402873
  },
  "layer1.1.bn2.weight": {
    "max": 0.06964444369077682,
    "mean": 0.01185919396774677
  },
  "layer1.1.bn3.bias": {
    "max": 0.10743385553359985,
    "mean": 0.01732016362308059
  },
  "layer1.1.bn3.weight": {
    "max": 0.19912567734718323,
    "mean": 0.03929398761064346
  },
  "layer1.1.conv1.weight": {
    "max": 0.17289167642593384,
    "mean": 0.03283944139589689
  },
  "layer1.1.conv2.weight": {
    "max": 0.21489420533180237,
    "mean": 0.04284680478590807
  },
  "layer1.1.conv3.weight": {
    "max": 0.23110167682170868,
    "mean": 0.04756463172063897
  },
  "layer1.2.bn1.bias": {
    "max": 0.033942971378564835,
    "mean": 0.005303865935441406
  },
  "layer1.2.bn1.weight": {
    "max": 0.039939455687999725,
    "mean": 0.007618018406626236
  },
  "layer1.2.bn2.bias": {
    "max": 0.02773590199649334,
    "mean": 0.0044065165181902035
  },
  "layer1.2.bn2.weight": {
    "max": 0.041879549622535706,
    "mean": 0.007851638749749068
  },
  "layer1.2.bn3.bias": {
    "max": 0.07814431190490723,
    "mean": 0.0123917948176469
  },
  "layer1.2.bn3.weight": {
    "max": 0.12036411464214325,
    "mean": 0.022332210925939892
  },
  "layer1.2.conv1.weight": {
    "max": 0.2032543122768402,
    "mean": 0.03486406687231335
  },
  "layer1.2.conv2.weight": {
    "max": 0.21134880185127258,
    "mean": 0.04010995847455758
  },
  "layer1.2.conv3.weight": {
    "max": 0.19769148528575897,
    "mean": 0.03940844668724042
  },
  "layer2.0.bn1.bias": {
    "max": 0.05266250669956207,
    "mean": 0.009180109364637506
  },
  "layer2.0.bn1.weight": {
    "max": 0.06505884975194931,
    "mean": 0.012246316314600075
  },
  "layer2.0.bn2.bias": {
    "max": 0.030521715059876442,
    "mean": 0.004781748991850431
  },
  "layer2.0.bn2.weight": {
    "max": 0.04858558252453804,
    "mean": 0.009756963630414768
  },
  "layer2.0.bn3.bias": {
    "max": 0.04370909929275513,
    "mean": 0.008134383082298363
  },
  "layer2.0.bn3.weight": {
    "max": 0.05779416114091873,
    "mean": 0.011925131810546321
  },
  "layer2.0.conv1.weight": {
    "max": 0.3828745484352112,
    "mean": 0.06184024007924433
  },
  "layer2.0.conv2.weight": {
    "max": 0.18864798545837402,
    "mean": 0.04135148203948379
  },
  "layer2.0.conv3.weight": {
    "max": 0.2961732745170593,
    "mean": 0.05854569356356348
  },
  "layer2.0.downsample.0.weight": {
    "max": 0.23538662493228912,
    "mean": 0.054692753136623654
  },
  "layer2.0.downsample.1.bias": {
    "max": 0.04370909929275513,
    "mean": 0.008134383082298363
  },
  "layer2.0.downsample.1.weight": {
    "max": 0.0674288272857666,
    "mean": 0.012054804081063984
  },
  "layer2.1.bn1.bias": {
    "max": 0.03809920325875282,
    "mean": 0.0078087289332013044
  },
  "layer2.1.bn1.weight": {
    "max": 0.05916149169206619,
    "mean": 0.01238279818727668
  },
  "layer2.1.bn2.bias": {
    "max": 0.039072874933481216,
    "mean": 0.008274309485527088
  },
  "layer2.1.bn2.weight": {
    "max": 0.05176379904150963,
    "mean": 0.011385595375904813
  },
  "layer2.1.bn3.bias": {
    "max": 0.040319133549928665,
    "mean": 0.0071820101488680975
  },
  "layer2.1.bn3.weight": {
    "max": 0.0778399258852005,
    "mean": 0.012465666732584526
  },
  "layer2.1.conv1.weight": {
    "max": 0.1866871863603592,
    "mean": 0.03495643026345143
  },
  "layer2.1.conv2.weight": {
    "max": 0.3020145893096924,
    "mean": 0.05866773232584819
  },
  "layer2.1.conv3.weight": {
    "max": 0.25988292694091797,
    "mean": 0.05317332826089114
  },
  "layer2.2.bn1.bias": {
    "max": 0.06802111119031906,
    "mean": 0.00822865042473755
  },
  "layer2.2.bn1.weight": {
    "max": 0.07789190858602524,
    "mean": 0.012452605533513374
  },
  "layer2.2.bn2.bias": {
    "max": 0.04857860133051872,
    "mean": 0.006117485584233821
  },
  "layer2.2.bn2.weight": {
    "max": 0.06970416009426117,
    "mean": 0.01023830108103409
  },
  "layer2.2.bn3.bias": {
    "max": 0.035776324570178986,
    "mean": 0.006461361007012394
  },
  "layer2.2.bn3.weight": {
    "max": 0.05374080687761307,
    "mean": 0.009992849267353969
  },
  "layer2.2.conv1.weight": {
    "max": 0.18520380556583405,
    "mean": 0.030947024389669033
  },
  "layer2.2.conv2.weight": {
    "max": 0.27251940965652466,
    "mean": 0.042302368857199325
  },
  "layer2.2.conv3.weight": {
    "max": 0.26334676146507263,
    "mean": 0.04625962044212169
  },
  "layer2.3.bn1.bias": {
    "max": 0.04326026514172554,
    "mean": 0.006731613712119205
  },
  "layer2.3.bn1.weight": {
    "max": 0.053431980311870575,
    "mean": 0.010488102745813584
  },
  "layer2.3.bn2.bias": {
    "max": 0.030735906213521957,
    "mean": 0.006286995171935164
  },
  "layer2.3.bn2.weight": {
    "max": 0.05221739783883095,
    "mean": 0.010424206543289724
  },
  "layer2.3.bn3.bias": {
    "max": 0.03010527975857258,
    "mean": 0.005463743618186397
  },
  "layer2.3.bn3.weight": {
    "max": 0.0483323372900486,
    "mean": 0.009584616910017628
  },
  "layer2.3.conv1.weight": {
    "max": 0.2379903644323349,
    "mean": 0.03840357828702379
  },
  "layer2.3.conv2.weight": {
    "max": 0.2163543999195099,
    "mean": 0.037117084071339505
  },
  "layer2.3.conv3.weight": {
    "max": 0.19568604230880737,
    "mean": 0.0397468699692815
  },
  "layer3.0.bn1.bias": {
    "max": 0.068216472864151,
    "mean": 0.01094167025144478
  },
  "layer3.0.bn1.weight": {
    "max": 0.07826822251081467,
    "mean": 0.01642483626309383
  },
  "layer3.0.bn2.bias": {
    "max": 0.024456117302179337,
    "mean": 0.0046224874417073025
  },
  "layer3.0.bn2.weight": {
    "max": 0.04146156832575798,
    "mean": 0.008533694001130892
  },
  "layer3.0.bn3.bias": {
    "max": 0.04258818179368973,
    "mean": 0.00786944233820707
  },
  "layer3.0.bn3.weight": {
    "max": 0.05475785583257675,
    "mean": 0.011959072531899437
  },
  "layer3.0.conv1.weight": {
    "max": 0.2898855209350586,
    "mean": 0.063177471111329
  },
  "layer3.0.conv2.weight": {
    "max": 0.1684572696685791,
    "mean": 0.037147705578078914
  },
  "layer3.0.conv3.weight": {
    "max": 0.21841678023338318,
    "mean": 0.048728006724600814
  },