{
  "bn1.bias": {
    "max": 0.22281581163406372,
    "mean": 0.012309677874561333
  },
  "bn1.weight": {
    "max": 0.7043494582176208,
    "mean": 0.0406093049061019
  },
  "conv1.weight": {
    "max": 3.549102783203125,
    "mean": 0.19126299838834843
  },
  "fc.bias": {
    "max": 0.09683195501565933,
    "mean": 0.018201127727017073
  },
  "fc.weight": {
    "max": 1.466323971748352,
    "mean": 0.2232980721690027
  },
  "layer1.0.bn1.bias": {
    "max": 0.37280622124671936,
    "mean": 0.011359869391848666
  },
  "layer1.0.bn1.weight": {
    "max": 0.38307106494903564,
    "mean": 0.01403765417795512
  },
  "layer1.0.bn2.bias": {
    "max": 0.39884060621261597,
    "mean": 0.01085108046106013
  },
  "layer1.0.bn2.weight": {
    "max": 0.49363788962364197,
    "mean": 0.019659013431851884
  },
  "layer1.0.bn3.bias": {
    "max": 0.5438548922538757,
    "mean": 0.023002069971532493
  },
  "layer1.0.bn3.weight": {
    "max": 0.9384986758232117,
    "mean": 0.05219925446036671
  },
  "layer1.0.conv1.weight": {
    "max": 1.2086178064346313,
    "mean": 0.05766853163027138
  },
  "layer1.0.conv2.weight": {
    "max": 3.3291895389556885,
    "mean": 0.09096736704681202
  },
  "layer1.0.conv3.weight": {
    "max": 2.5051095485687256,
    "mean": 0.08087482978806032
  },
  "layer1.0.downsample.0.weight": {
    "max": 2.955441474914551,
    "mean": 0.15203601137402334
  },
  "layer1.0.downsample.1.bias": {
    "max": 0.5438548922538757,
    "mean": 0.023002069971532493
  },
  "layer1.0.downsample.1.weight": {
    "max": 0.9476847052574158,
    "mean": 0.049840709809879105
  },
  "layer1.1.bn1.bias": {
    "max": 0.31746363639831543,
    "mean": 0.014544730934908979
  },
  "layer1.1.bn1.weight": {
    "max": 0.3637058734893799,
    "mean": 0.01927248104849631
  },
  "layer1.1.bn2.bias": {
    "max": 0.13323912024497986,
    "mean": 0.006333240529441225
  },
  "layer1.1.bn2.weight": {
    "max": 0.18546321988105774,
    "mean": 0.01110041416776117
  },
  "layer1.1.bn3.bias": {
    "max": 0.3702353835105896,
    "mean": 0.015695115594737997
  },
  "layer1.1.bn3.weight": {
    "max": 0.8695408701896667,
    "mean": 0.037089978478283485
  },
  "layer1.1.conv1.weight": {
    "max": 0.5242948532104492,
    "mean": 0.03284951826141748
  },
  "layer1.1.conv2.weight": {
    "max": 0.9211360812187195,
    "mean": 0.041107060104425594
  },
  "layer1.1.conv3.weight": {
    "max": 0.781367838382721,
    "mean": 0.04289664944209757
  },
  "layer1.2.bn1.bias": {
    "max": 0.14955809712409973,
    "mean": 0.00523066705900419
  },
  "layer1.2.bn1.weight": {
    "max": 0.1277555227279663,
    "mean": 0.007180112381029176
  },
  "layer1.2.bn2.bias": {
    "max": 0.10808812826871872,
    "mean": 0.004388012226367469
  },
  "layer1.2.bn2.weight": {
    "max": 0.12970222532749176,
    "mean": 0.007473099644038094
  },
  "layer1.2.bn3.bias": {
    "max": 0.2633102834224701,
    "mean": 0.011516382934704389
  },
  "layer1.2.bn3.weight": {
    "max": 0.27437257766723633,
    "mean": 0.019195662331808958
  },
  "layer1.2.conv1.weight": {
    "max": 0.6954437494277954,
    "mean": 0.029903144776679776
  },
  "layer1.2.conv2.weight": {
    "max": 0.6813963651657104,
    "mean": 0.03651913872171592
  },
  "layer1.2.conv3.weight": {
    "max": 0.6746684908866882,
    "mean": 0.035608880799928945
  },
  "layer2.0.bn1.bias": {
    "max": 0.26121100783348083,
    "mean": 0.009463551954811139
  },
  "layer2.0.bn1.weight": {
    "max": 0.25519901514053345,
    "mean": 0.012204248127215708
  },
  "layer2.0.bn2.bias": {
    "max": 0.11419659852981567,
    "mean": 0.004605145517530868
  },
  "layer2.0.bn2.weight": {
    "max": 0.16420307755470276,
    "mean": 0.009426444521980427
  },
  "layer2.0.bn3.bias": {
    "max": 0.19258995354175568,
    "mean": 0.007836262733887581
  },
  "layer2.0.bn3.weight": {
    "max": 0.18246382474899292,
    "mean": 0.011675530056381831
  },
  "layer2.0.conv1.weight": {
    "max": 1.4170151948928833,
    "mean": 0.05697019811852702
  },
  "layer2.0.conv2.weight": {
    "max": 0.6645317673683167,
    "mean": 0.03837711118145048
  },
  "layer2.0.conv3.weight": {
    "max": 1.011894941329956,
    "mean": 0.054331828060177424
  },
  "layer2.0.downsample.0.weight": {
    "max": 0.6663556098937988,
    "mean": 0.05050434774419825
  },
  "layer2.0.downsample.1.bias": {
    "max": 0.19258995354175568,
    "mean": 0.007836262733887581
  },
  "layer2.0.downsample.1.weight": {
    "max": 0.18947845697402954,
    "mean": 0.011392683435530801
  },
  "layer2.1.bn1.bias": {
    "max": 0.18089504539966583,
    "mean": 0.007236323481951591
  },
  "layer2.1.bn1.weight": {
    "max": 0.2523815929889679,
    "mean": 0.011367397185427503
  },
  "layer2.1.bn2.bias": {
    "max": 0.28502365946769714,
    "mean": 0.008330905890636911
  },
  "layer2.1.bn2.weight": {
    "max": 0.34497204422950745,
    "mean": 0.011549616037186102
  },
  "layer2.1.bn3.bias": {
    "max": 0.1830330193042755,
    "mean": 0.007006523455898527
  },
  "layer2.1.bn3.weight": {
    "max": 0.24737627804279327,
    "mean": 0.011331411435551542
  },
  "layer2.1.conv1.weight": {
    "max": 0.5622684359550476,
    "mean": 0.03025572570269495
  },
  "layer2.1.conv2.weight": {
    "max": 2.4354913234710693,
    "mean": 0.060670964941798175
  },
  "layer2.1.conv3.weight": {
    "max": 1.7452504634857178,
    "mean": 0.052270861889036103
  },
  "layer2.2.bn1.bias": {
    "max": 0.2808828055858612,
    "mean": 0.008876365332086737
  },
  "layer2.2.bn1.weight": {
    "max": 0.30524536967277527,
    "mean": 0.012746933785279647
  },
  "layer2.2.bn2.bias": {
    "max": 0.19838780164718628,
    "mean": 0.006620061246420456
  },
  "layer2.2.bn2.weight": {
    "max": 0.23390115797519684,
    "mean": 0.010453615598442932
  },
  "layer2.2.bn3.bias": {
    "max": 0.14245739579200745,
    "mean": 0.006284158464768552
  },
  "layer2.2.bn3.weight": {
    "max": 0.17594456672668457,
    "mean": 0.00967316325005543
  },
  "layer2.2.conv1.weight": {
    "max": 0.8384192585945129,
    "mean": 0.030320431004594348
  },
  "layer2.2.conv2.weight": {
    "max": 0.949633777141571,
    "mean": 0.04166832178515116
  },
  "layer2.2.conv3.weight": {
    "max": 0.8020002245903015,
    "mean": 0.04471941019117367
  },
  "layer2.3.bn1.bias": {
    "max": 0.1666848510503769,
    "mean": 0.006107160574881293
  },
  "layer2.3.bn1.weight": {
    "max": 0.3088046908378601,
    "mean": 0.010123724052474635
  },
  "layer2.3.bn2.bias": {
    "max": 0.15068474411964417,
    "mean": 0.006378009178234996
  },
  "layer2.3.bn2.weight": {
    "max": 0.19744545221328735,
    "mean": 0.010008194473422398
  },
  "layer2.3.bn3.bias": {
    "max": 0.08869711309671402,
    "mean": 0.005234892413936904
  },
  "layer2.3.bn3.weight": {
    "max": 0.14243727922439575,
    "mean": 0.00797470812856253
  },
  "layer2.3.conv1.weight": {
    "max": 0.7116788625717163,
    "mean": 0.0315982362046738
  },
  "layer2.3.conv2.weight": {
    "max": 0.5927594304084778,
    "mean": 0.033099354014349436
  },
  "layer2.3.conv3.weight": {
    "max": 0.5870566964149475,
    "mean": 0.03438399011793081
  },
  "layer3.0.bn1.bias": {
    "max": 0.166912242770195,
    "mean": 0.010430680115387076
  },
  "layer3.0.bn1.weight": {
    "max": 0.20692406594753265,
    "mean": 0.0157558989770145
  },
  "layer3.0.bn2.bias": {
    "max": 0.08272387832403183,
    "mean": 0.004602674945615165
  },
  "layer3.0.bn2.weight": {
    "max": 0.12570495903491974,
    "mean": 0.008331741965084802
  },
  "layer3.0.bn3.bias": {
    "max": 0.1240009069442749,
    "mean": 0.007548588635524669
  },
  "layer3.0.bn3.weight": {
    "max": 0.17478498816490173,
    "mean": 0.011687243910398267
  },
  "layer3.0.conv1.weight": {
    "max": 0.6999614834785461,
    "mean": 0.05737524243005152
  },
  "layer3.0.conv2.weight": {
    "max": 0.414559543132782,
    "mean": 0.03362545525364112
  },
  "layer3.0.conv3.weight": {
    "max": 0.5597060322761536,
    "mean": 0.04427804991253652
  },