{
  "bn1.bias": {
    "max": 0.08560648560523987,
    "mean": 0.0106226785346163
  },
  "bn1.weight": {
    "max": 0.26576048135757446,
    "mean": 0.03467445884639996
  },
  "conv1.weight": {
    "max": 1.0936806201934814,
    "mean": 0.17350429183354468
  },
  "fc.bias": {
    "max": 0.07177320122718811,
    "mean": 0.018641662540986936
  },
  "fc.weight": {
    "max": 0.9590696096420288,
    "mean": 0.24220613428291732
  },
  "layer1.0.bn1.bias": {
    "max": 0.07448486238718033,
    "mean": 0.00916076727537854
  },
  "layer1.0.bn1.weight": {
    "max": 0.07890179753303528,
    "mean": 0.012053576932438383
  },
  "layer1.0.bn2.bias": {
    "max": 0.059275005012750626,
    "mean": 0.008834944595104649
  },
  "layer1.0.bn2.weight": {
    "max": 0.12929698824882507,
    "mean": 0.01677517095152455
  },
  "layer1.0.bn3.bias": {
    "max": 0.12833675742149353,
    "mean": 0.01940524951392685
  },
  "layer1.0.bn3.weight": {
    "max": 0.36909663677215576,
    "mean": 0.04475134909065673
  },
  "layer1.0.conv1.weight": {
    "max": 0.4220955967903137,
    "mean": 0.04711161137242535
  },
  "layer1.0.conv2.weight": {
    "max": 0.5425044298171997,
    "mean": 0.07335627559431097
  },
  "layer1.0.conv3.weight": {
    "max": 0.6024767756462097,
    "mean": 0.06692833651015202
  },
  "layer1.0.downsample.0.weight": {
    "max": 1.0394604206085205,
    "mean": 0.13599968660589573
  },
  "layer1.0.downsample.1.bias": {
    "max": 0.12833675742149353,
    "mean": 0.01940524951392685
  },
  "layer1.0.downsample.1.weight": {
    "max": 0.3527430593967438,
    "mean": 0.04280639871638933
  },
  "layer1.1.bn1.bias": {
    "max": 0.07362241297960281,
    "mean": 0.011824172504857415
  },
  "layer1.1.bn1.weight": {
    "max": 0.15753263235092163,
    "mean": 0.01702571454734425
  },
  "layer1.1.bn2.bias": {
    "max": 0.03119485452771187,
    "mean": 0.005312643582193622
  },
  "layer1.1.bn2.weight": {
    "max": 0.06515037268400192,
    "mean": 0.009625050539283881
  },
  "layer1.1.bn3.bias": {
    "max": 0.08981790393590927,
    "mean": 0.013333509359924521
  },
  "layer1.1.bn3.weight": {
    "max": 0.20196028053760529,
    "mean": 0.0320391470708585
  },
  "layer1.1.conv1.weight": {
    "max": 0.41119107604026794,
    "mean": 0.03033097655100781
  },
  "layer1.1.conv2.weight": {
    "max": 0.25340595841407776,
    "mean": 0.034807668012259194
  },
  "layer1.1.conv3.weight": {
    "max": 0.22357049584388733,
    "mean": 0.03821815242213363
  },
  "layer1.2.bn1.bias": {
    "max": 0.031763412058353424,
    "mean": 0.004062222273886229
  },
  "layer1.2.bn1.weight": {
    "max": 0.0352696068584919,
    "mean": 0.006014846210153857
  },
  "layer1.2.bn2.bias": {
    "max": 0.01964515447616577,
    "mean": 0.003432085034276367
  },
  "layer1.2.bn2.weight": {
    "max": 0.05554421246051788,
    "mean": 0.006628819332628544
  },
  "layer1.2.bn3.bias": {
    "max": 0.0569457970559597,
    "mean": 0.009237282874341222
  },
  "layer1.2.bn3.weight": {
    "max": 0.10165589302778244,
    "mean": 0.016890770422095167
  },
  "layer1.2.conv1.weight": {
    "max": 0.20940686762332916,
    "mean": 0.027195859875979035
  },
  "layer1.2.conv2.weight": {
    "max": 0.18556097149848938,
    "mean": 0.03175265157952838
  },
  "layer1.2.conv3.weight": {
    "max": 0.1792229413986206,
    "mean": 0.031224463375069067
  },
  "layer2.0.bn1.bias": {
    "max": 0.0493539497256279,
    "mean": 0.007840416440501161
  },
  "layer2.0.bn1.weight": {
    "max": 0.06018587946891785,
    "mean": 0.010598204372113937
  },
  "layer2.0.bn2.bias": {
    "max": 0.028607554733753204,
    "mean": 0.003932667126615083
  },
  "layer2.0.bn2.weight": {
    "max": 0.06857696175575256,
    "mean": 0.00859089549930234
  },
  "layer2.0.bn3.bias": {
    "max": 0.048980265855789185,
    "mean": 0.006815844010041993
  },
  "layer2.0.bn3.weight": {
    "max": 0.07702939957380295,
    "mean": 0.010582419083096154
  },
  "layer2.0.conv1.weight": {
    "max": 0.48942363262176514,
    "mean": 0.05179680800730629
  },
  "layer2.0.conv2.weight": {
    "max": 0.18226459622383118,
    "mean": 0.03467136331056411
  },
  "layer2.0.conv3.weight": {
    "max": 0.3005996644496918,
    "mean": 0.04889260159281548
  },
  "layer2.0.downsample.0.weight": {
    "max": 0.28388336300849915,
    "mean": 0.04699737356410229
  },
  "layer2.0.downsample.1.bias": {
    "max": 0.048980265855789185,
    "mean": 0.006815844010041993
  },
  "layer2.0.downsample.1.weight": {
    "max": 0.061991941183805466,
    "mean": 0.010219057373053926
  },
  "layer2.1.bn1.bias": {
    "max": 0.0622553713619709,
    "mean": 0.006609998202127047
  },
  "layer2.1.bn1.weight": {
    "max": 0.09942866861820221,
    "mean": 0.01092205335500434
  },
  "layer2.1.bn2.bias": {
    "max": 0.06119905039668083,
    "mean": 0.007007268212224257
  },
  "layer2.1.bn2.weight": {
    "max": 0.09441983699798584,
    "mean": 0.009926280757094251
  },
  "layer2.1.bn3.bias": {
    "max": 0.042730703949928284,
    "mean": 0.005931207550862122
  },
  "layer2.1.bn3.weight": {
    "max": 0.06915869563817978,
    "mean": 0.009616012478987353
  },
  "layer2.1.conv1.weight": {
    "max": 0.2334054857492447,
    "mean": 0.029758857412920666
  },
  "layer2.1.conv2.weight": {
    "max": 0.5996706485748291,
    "mean": 0.049976910031650085
  },
  "layer2.1.conv3.weight": {
    "max": 0.27437523007392883,
    "mean": 0.04261118266149424
  },
  "layer2.2.bn1.bias": {
    "max": 0.04629792273044586,
    "mean": 0.006405206887637698
  },
  "layer2.2.bn1.weight": {
    "max": 0.06354489922523499,
    "mean": 0.010032491572731358
  },
  "layer2.2.bn2.bias": {
    "max": 0.02785477414727211,
    "mean": 0.004650108901348306
  },
  "layer2.2.bn2.weight": {
    "max": 0.04318983107805252,
    "mean": 0.007993893866680863
  },
  "layer2.2.bn3.bias": {
    "max": 0.03713161498308182,
    "mean": 0.00538368609202215
  },
  "layer2.2.bn3.weight": {
    "max": 0.042511168867349625,
    "mean": 0.008075920350030564
  },
  "layer2.2.conv1.weight": {
    "max": 0.17031200230121613,
    "mean": 0.024701103181786102
  },
  "layer2.2.conv2.weight": {
    "max": 0.17254094779491425,
    "mean": 0.03316479725709152
  },
  "layer2.2.conv3.weight": {
    "max": 0.18535707890987396,
    "mean": 0.03691564760308081
  },
  "layer2.3.bn1.bias": {
    "max": 0.03838270902633667,
    "mean": 0.005066408817287343
  },
  "layer2.3.bn1.weight": {
    "max": 0.042626410722732544,
    "mean": 0.008054528927272517
  },
  "layer2.3.bn2.bias": {
    "max": 0.022087635472416878,
    "mean": 0.0047244805428168285
  },
  "layer2.3.bn2.weight": {
    "max": 0.03788747638463974,
    "mean": 0.008011549570551973
  },
  "layer2.3.bn3.bias": {
    "max": 0.030401941388845444,
    "mean": 0.004654956995421214
  },
  "layer2.3.bn3.weight": {
    "max": 0.048883192241191864,
    "mean": 0.007353157006052373
  },
  "layer2.3.conv1.weight": {
    "max": 0.1646908074617386,
    "mean": 0.027753290275452727
  },
  "layer2.3.conv2.weight": {
    "max": 0.1391819417476654,
    "mean": 0.027386491263543054
  },
  "layer2.3.conv3.weight": {
    "max": 0.2204894870519638,
    "mean": 0.03047384228519929
  },
  "layer3.0.bn1.bias": {
    "max": 0.06706458330154419,
    "mean": 0.009597366323827633
  },
  "layer3.0.bn1.weight": {
    "max": 0.10710836201906204,
    "mean": 0.01485033490942442
  },
  "layer3.0.bn2.bias": {
    "max": 0.020999178290367126,
    "mean": 0.003998872193800967
  },
  "layer3.0.bn2.weight": {
    "max": 0.0589744970202446,
    "mean": 0.007658063858793217
  },
  "layer3.0.bn3.bias": {
    "max": 0.0306664127856493,
    "mean": 0.006595914925720925
  },
  "layer3.0.bn3.weight": {
    "max": 0.07678981870412827,
    "mean": 0.010656667696748627
  },
  "layer3.0.conv1.weight": {
    "max": 0.31731948256492615,
    "mean": 0.052977618221858785
  },
  "layer3.0.conv2.weight": {
    "max": 0.19049818813800812,
    "mean": 0.03117364886836315
  },
  "layer3.0.conv3.weight": {
    "max": 0.28176793456077576,