{
  "bn1.bias": {
    "max": 0.08348631858825684,
    "mean": 0.006920745962748437
  },
  "bn1.weight": {
    "max": 0.13389399647712708,
    "mean": 0.022661835405576442
  },
  "conv1.weight": {
    "max": 1.029856562614441,
    "mean": 0.11820139065784004
  },
  "fc.bias": {
    "max": 0.05150303244590759,
    "mean": 0.012122162972393978
  },
  "fc.weight": {
    "max": 0.645285964012146,
    "mean": 0.14611483823075624
  },
  "layer1.0.bn1.bias": {
    "max": 0.07109881192445755,
    "mean": 0.005672224431993007
  },
  "layer1.0.bn1.weight": {
    "max": 0.1116274893283844,
    "mean": 0.007929427931459421
  },
  "layer1.0.bn2.bias": {
    "max": 0.11354038864374161,
    "mean": 0.005980657845544296
  },
  "layer1.0.bn2.weight": {
    "max": 0.1261240839958191,
    "mean": 0.010227503543678072
  },
  "layer1.0.bn3.bias": {
    "max": 0.10811952501535416,
    "mean": 0.012165984759963716
  },
  "layer1.0.bn3.weight": {
    "max": 0.5019644498825073,
    "mean": 0.03036853891111345
  },
  "layer1.0.conv1.weight": {
    "max": 0.4917811155319214,
    "mean": 0.03339534895303327
  },
  "layer1.0.conv2.weight": {
    "max": 0.6387006640434265,
    "mean": 0.048817377632783196
  },
  "layer1.0.conv3.weight": {
    "max": 0.689528226852417,
    "mean": 0.04190342661725091
  },
  "layer1.0.downsample.0.weight": {
    "max": 0.6430913805961609,
    "mean": 0.08208945083132546
  },
  "layer1.0.downsample.1.bias": {
    "max": 0.10811952501535416,
    "mean": 0.012165984759963716
  },
  "layer1.0.downsample.1.weight": {
    "max": 0.49299755692481995,
    "mean": 0.028762688068174093
  },
  "layer1.1.bn1.bias": {
    "max": 0.06256748735904694,
    "mean": 0.007196437954678133
  },
  "layer1.1.bn1.weight": {
    "max": 0.07651972770690918,
    "mean": 0.009750647695535528
  },
  "layer1.1.bn2.bias": {
    "max": 0.02136371284723282,
    "mean": 0.003263936883938316
  },
  "layer1.1.bn2.weight": {
    "max": 0.03129604458808899,
    "mean": 0.006011614651672842
  },
  "layer1.1.bn3.bias": {
    "max": 0.08219326287508011,
    "mean": 0.00850559029611759
  },
  "layer1.1.bn3.weight": {
    "max": 0.1442384570837021,
    "mean": 0.01929067163308251
  },
  "layer1.1.conv1.weight": {
    "max": 0.12113811075687408,
    "mean": 0.016915411524179424
  },
  "layer1.1.conv2.weight": {
    "max": 0.14536137878894806,
    "mean": 0.02170848627179761
  },
  "layer1.1.conv3.weight": {
    "max": 0.15141081809997559,
    "mean": 0.0221151103669711
  },
  "layer1.2.bn1.bias": {
    "max": 0.020160673186182976,
    "mean": 0.0026476424582090527
  },
  "layer1.2.bn1.weight": {
    "max": 0.031481191515922546,
    "mean": 0.003895411579796928
  },
  "layer1.2.bn2.bias": {
    "max": 0.02786984294652939,
    "mean": 0.0023171969291018155
  },
  "layer1.2.bn2.weight": {
    "max": 0.045007023960351944,
    "mean": 0.004152663063650835
  },
  "layer1.2.bn3.bias": {
    "max": 0.061885613948106766,
    "mean": 0.0061745123796468505
  },
  "layer1.2.bn3.weight": {
    "max": 0.10090252012014389,
    "mean": 0.011514417605649214
  },
  "layer1.2.conv1.weight": {
    "max": 0.11898564547300339,
    "mean": 0.017117475540102792
  },
  "layer1.2.conv2.weight": {
    "max": 0.1906692087650299,
    "mean": 0.02038823078902039
  },
  "layer1.2.conv3.weight": {
    "max": 0.20830848813056946,
    "mean": 0.020302991844738633
  },
  "layer2.0.bn1.bias": {
    "max": 0.043112047016620636,
    "mean": 0.004685094419369956
  },
  "layer2.0.bn1.weight": {
    "max": 0.06460395455360413,
    "mean": 0.0066294289028363505
  },
  "layer2.0.bn2.bias": {
    "max": 0.020003166049718857,
    "mean": 0.002569385269900002
  },
  "layer2.0.bn2.weight": {
    "max": 0.05122297257184982,
    "mean": 0.00559757584890966
  },
  "layer2.0.bn3.bias": {
    "max": 0.03863663598895073,
    "mean": 0.004290835278204343
  },
  "layer2.0.bn3.weight": {
    "max": 0.06035662814974785,
    "mean": 0.006820136243622983
  },
  "layer2.0.conv1.weight": {
    "max": 0.32567185163497925,
    "mean": 0.031491650504550696
  },
  "layer2.0.conv2.weight": {
    "max": 0.22531020641326904,
    "mean": 0.023096489022926627
  },
  "layer2.0.conv3.weight": {
    "max": 0.2976965606212616,
    "mean": 0.032299925783507724
  },
  "layer2.0.downsample.0.weight": {
    "max": 0.2536280155181885,
    "mean": 0.0299401262020027
  },
  "layer2.0.downsample.1.bias": {
    "max": 0.03863663598895073,
    "mean": 0.004290835278204343
  },
  "layer2.0.downsample.1.weight": {
    "max": 0.05713267996907234,
    "mean": 0.006607203567691613
  },
  "layer2.1.bn1.bias": {
    "max": 0.044370848685503006,
    "mean": 0.004085118352034312
  },
  "layer2.1.bn1.weight": {
    "max": 0.07072111964225769,
    "mean": 0.006780523046930154
  },
  "layer2.1.bn2.bias": {
    "max": 0.0473514087498188,
    "mean": 0.004652778170784586
  },
  "layer2.1.bn2.weight": {
    "max": 0.060760945081710815,
    "mean": 0.006537261520154841
  },
  "layer2.1.bn3.bias": {
    "max": 0.036093879491090775,
    "mean": 0.0038401686963438156
  },
  "layer2.1.bn3.weight": {
    "max": 0.046959105879068375,
    "mean": 0.006395436014229615
  },
  "layer2.1.conv1.weight": {
    "max": 0.2019268274307251,
    "mean": 0.018142890527586653
  },
  "layer2.1.conv2.weight": {
    "max": 0.2544292211532593,
    "mean": 0.031260346475090565
  },
  "layer2.1.conv3.weight": {
    "max": 0.24797244369983673,
    "mean": 0.02813654671065576
  },
  "layer2.2.bn1.bias": {
    "max": 0.029071617871522903,
    "mean": 0.004309459139253054
  },
  "layer2.2.bn1.weight": {
    "max": 0.05526537075638771,
    "mean": 0.006650840133547067
  },
  "layer2.2.bn2.bias": {
    "max": 0.022190073505043983,
    "mean": 0.003329410766652602
  },
  "layer2.2.bn2.weight": {
    "max": 0.038323547691106796,
    "mean": 0.0056543034687430395
  },
  "layer2.2.bn3.bias": {
    "max": 0.03301828354597092,
    "mean": 0.0035335869448421624
  },
  "layer2.2.bn3.weight": {
    "max": 0.04592650756239891,
    "mean": 0.005540113171425349
  },
  "layer2.2.conv1.weight": {
    "max": 0.10448343306779861,
    "mean": 0.01597766704757565
  },
  "layer2.2.conv2.weight": {
    "max": 0.15137669444084167,
    "mean": 0.022250362353307927
  },
  "layer2.2.conv3.weight": {
    "max": 0.19131891429424286,
    "mean": 0.02491028153408219
  },
  "layer2.3.bn1.bias": {
    "max": 0.02915889583528042,
    "mean": 0.0034523378792800942
  },
  "layer2.3.bn1.weight": {
    "max": 0.04985101893544197,
    "mean": 0.005682328883662454
  },
  "layer2.3.bn2.bias": {
    "max": 0.026624782010912895,
    "mean": 0.003582115953130207
  },
  "layer2.3.bn2.weight": {
    "max": 0.04266565665602684,
    "mean": 0.005964204535599232
  },
  "layer2.3.bn3.bias": {
    "max": 0.02936537191271782,
    "mean": 0.0030853873440667354
  },
  "layer2.3.bn3.weight": {
    "max": 0.0426596961915493,
    "mean": 0.004925465436608647
  },
  "layer2.3.conv1.weight": {
    "max": 0.14972713589668274,
    "mean": 0.01881703288107279
  },
  "layer2.3.conv2.weight": {
    "max": 0.17525406181812286,
    "mean": 0.019651916056380808
  },
  "layer2.3.conv3.weight": {
    "max": 0.16772979497909546,
    "mean": 0.02071886450176992
  },
  "layer3.0.bn1.bias": {
    "max": 0.052120402455329895,
    "mean": 0.006166949020490782
  },
  "layer3.0.bn1.weight": {
    "max": 0.0809803381562233,
    "mean": 0.009911316081353497
  },
  "layer3.0.bn2.bias": {
    "max": 0.025023601949214935,
    "mean": 0.0027868532865561843
  },
  "layer3.0.bn2.weight": {
    "max": 0.050126198679208755,
    "mean": 0.005338276972938079
  },
  "layer3.0.bn3.bias": {
    "max": 0.04588823765516281,
    "mean": 0.00458633620094458
  },
  "layer3.0.bn3.weight": {
    "max": 0.07806577533483505,
    "mean": 0.007542925704786155
  },
  "layer3.0.conv1.weight": {
    "max": 0.3206915259361267,
    "mean": 0.03535550056066963
  },
  "layer3.0.conv2.weight": {
    "max": 0.17912797629833221,
    "mean": 0.02236434699481054
  },
  "layer3.0.conv3.weight": {
    "max": 0.2754376232624054,