{
  "bn1.bias": {
    "max": 0.0472341924905777,
    "mean": 0.008539407922237712
  },
  "bn1.weight": {
    "max": 0.229060098528862,
    "mean": 0.03544250193817009
  },
  "conv1.weight": {
    "max": 0.8699590563774109,
    "mean": 0.17020463308452496
  },
  "fc.bias": {
    "max": 0.07555332034826279,
    "mean": 0.018298317210782053
  },
  "fc.weight": {
    "max": 0.9490429759025574,
    "mean": 0.22242080201793996
  },
  "layer1.0.bn1.bias": {
    "max": 0.04602527245879173,
    "mean": 0.008414887826241153
  },
  "layer1.0.bn1.weight": {
    "max": 0.06399758160114288,
    "mean": 0.011391559340741618
  },
  "layer1.0.bn2.bias": {
    "max": 0.04640674963593483,
    "mean": 0.007869809097360953
  },
  "layer1.0.bn2.weight": {
    "max": 0.12355289608240128,
    "mean": 0.016096346627455203
  },
  "layer1.0.bn3.bias": {
    "max": 0.11822948604822159,
    "mean": 0.018422988385095127
  },
  "layer1.0.bn3.weight": {
    "max": 0.29087892174720764,
    "mean": 0.04367053867517305
  },
  "layer1.0.conv1.weight": {
    "max": 0.3006030321121216,
    "mean": 0.04878976368578151
  },
  "layer1.0.conv2.weight": {
    "max": 0.33524245023727417,
    "mean": 0.06930844656856996
  },
  "layer1.0.conv3.weight": {
    "max": 0.4354090392589569,
    "mean": 0.0615713043777006
  },
  "layer1.0.downsample.0.weight": {
    "max": 0.8177662491798401,
    "mean": 0.1299612988717854
  },
  "layer1.0.downsample.1.bias": {
    "max": 0.11822948604822159,
    "mean": 0.018422988385095127
  },
  "layer1.0.downsample.1.weight": {
    "max": 0.2583552896976471,
    "mean": 0.040958488658735796
  },
  "layer1.1.bn1.bias": {
    "max": 0.07061503827571869,
    "mean": 0.010836437072222387
  },
  "layer1.1.bn1.weight": {
    "max": 0.0983709841966629,
    "mean": 0.015317260215358277
  },
  "layer1.1.bn2.bias": {
    "max": 0.03246000409126282,
    "mean": 0.005131321473371437
  },
  "layer1.1.bn2.weight": {
    "max": 0.04918954521417618,
    "mean": 0.009342457559292338
  },
  "layer1.1.bn3.bias": {
    "max": 0.08166223764419556,
    "mean": 0.013231765800987238
  },
  "layer1.1.bn3.weight": {
    "max": 0.1539221554994583,
    "mean": 0.02968709033182157
  },
  "layer1.1.conv1.weight": {
    "max": 0.1453898847103119,
    "mean": 0.026936973800849435
  },
  "layer1.1.conv2.weight": {
    "max": 0.17160549759864807,
    "mean": 0.033165575015092534
  },
  "layer1.1.conv3.weight": {
    "max": 0.18432188034057617,
    "mean": 0.034926430920604615
  },
  "layer1.2.bn1.bias": {
    "max": 0.020150402560830116,
    "mean": 0.003906369085598271
  },
  "layer1.2.bn1.weight": {
    "max": 0.031153250485658646,
    "mean": 0.005814002823774769
  },
  "layer1.2.bn2.bias": {
    "max": 0.021430490538477898,
    "mean": 0.0033919217623562354
  },
  "layer1.2.bn2.weight": {
    "max": 0.04386414960026741,
    "mean": 0.00642944890340524
  },
  "layer1.2.bn3.bias": {
    "max": 0.05236063897609711,
    "mean": 0.009321479088061356
  },
  "layer1.2.bn3.weight": {
    "max": 0.09795140475034714,
    "mean": 0.01634636535176209
  },
  "layer1.2.conv1.weight": {
    "max": 0.1412300169467926,
    "mean": 0.025181556873555694
  },
  "layer1.2.conv2.weight": {
    "max": 0.170303076505661,
    "mean": 0.03043293352571449
  },
  "layer1.2.conv3.weight": {
    "max": 0.17080016434192657,
    "mean": 0.030420962813576417
  },
  "layer2.0.bn1.bias": {
    "max": 0.04938679561018944,
    "mean": 0.007274765725513654
  },
  "layer2.0.bn1.weight": {
    "max": 0.0757158175110817,
    "mean": 0.010382559581859303
  },
  "layer2.0.bn2.bias": {
    "max": 0.021032730117440224,
    "mean": 0.003776148852734228
  },
  "layer2.0.bn2.weight": {
    "max": 0.06368820369243622,
    "mean": 0.008359816608468204
  },
  "layer2.0.bn3.bias": {
    "max": 0.04108019545674324,
    "mean": 0.0065098834738767306
  },
  "layer2.0.bn3.weight": {
    "max": 0.06487931311130524,
    "mean": 0.01046155721123796
  },
  "layer2.0.conv1.weight": {
    "max": 0.3037746846675873,
    "mean": 0.048342750430373206
  },
  "layer2.0.conv2.weight": {
    "max": 0.23661626875400543,
    "mean": 0.03464871339333643
  },
  "layer2.0.conv3.weight": {
    "max": 0.3464215099811554,
    "mean": 0.04876316895841488
  },
  "layer2.0.downsample.0.weight": {
    "max": 0.2380104660987854,
    "mean": 0.04428057617374829
  },
  "layer2.0.downsample.1.bias": {
    "max": 0.04108019545674324,
    "mean": 0.0065098834738767306
  },
  "layer2.0.downsample.1.weight": {
    "max": 0.061262618750333786,
    "mean": 0.01001843630469271
  },
  "layer2.1.bn1.bias": {
    "max": 0.029476799070835114,
    "mean": 0.005787390449550003
  },
  "layer2.1.bn1.weight": {
    "max": 0.04954976215958595,
    "mean": 0.009460145407938398
  },
  "layer2.1.bn2.bias": {
    "max": 0.044426850974559784,
    "mean": 0.006540420189267025
  },
  "layer2.1.bn2.weight": {
    "max": 0.05547131225466728,
    "mean": 0.009133414516441656
  },
  "layer2.1.bn3.bias": {
    "max": 0.03710046783089638,
    "mean": 0.005805358141244921
  },
  "layer2.1.bn3.weight": {
    "max": 0.05284105986356735,
    "mean": 0.009240573514252901
  },
  "layer2.1.conv1.weight": {
    "max": 0.15406754612922668,
    "mean": 0.026606292995690766
  },
  "layer2.1.conv2.weight": {
    "max": 0.3475492596626282,
    "mean": 0.046647986274744785
  },
  "layer2.1.conv3.weight": {
    "max": 0.2232518494129181,
    "mean": 0.04074786781532956
  },
  "layer2.2.bn1.bias": {
    "max": 0.035000838339328766,
    "mean": 0.006732965912420436
  },
  "layer2.2.bn1.weight": {
    "max": 0.0539855919778347,
    "mean": 0.010330853610316158
  },
  "layer2.2.bn2.bias": {
    "max": 0.03172639384865761,
    "mean": 0.005305281666140737
  },
  "layer2.2.bn2.weight": {
    "max": 0.057141728699207306,
    "mean": 0.008878618744201958
  },
  "layer2.2.bn3.bias": {
    "max": 0.0354301817715168,
    "mean": 0.00535891767711811
  },
  "layer2.2.bn3.weight": {
    "max": 0.052690476179122925,
    "mean": 0.008637068444846331
  },
  "layer2.2.conv1.weight": {
    "max": 0.1342991590499878,
    "mean": 0.02507147638027423
  },
  "layer2.2.conv2.weight": {
    "max": 0.2055092453956604,
    "mean": 0.03549332777603662
  },
  "layer2.2.conv3.weight": {
    "max": 0.28438800573349,
    "mean": 0.04005101718208087
  },
  "layer2.3.bn1.bias": {
    "max": 0.03802172467112541,
    "mean": 0.005194462645449676
  },
  "layer2.3.bn1.weight": {
    "max": 0.05636662617325783,
    "mean": 0.008295592969765753
  },
  "layer2.3.bn2.bias": {
    "max": 0.03883790597319603,
    "mean": 0.005501609576666461
  },
  "layer2.3.bn2.weight": {
    "max": 0.054235056042671204,
    "mean": 0.00901553676605025
  },
  "layer2.3.bn3.bias": {
    "max": 0.030404966324567795,
    "mean": 0.004662603098591457
  },
  "layer2.3.bn3.weight": {
    "max": 0.0397808738052845,
    "mean": 0.007636349633685313
  },
  "layer2.3.conv1.weight": {
    "max": 0.19089160859584808,
    "mean": 0.028519450527216706
  },
  "layer2.3.conv2.weight": {
    "max": 0.1467495560646057,
    "mean": 0.02984474018981148
  },
  "layer2.3.conv3.weight": {
    "max": 0.1616758108139038,
    "mean": 0.03164300441342805
  },
  "layer3.0.bn1.bias": {
    "max": 0.06124364212155342,
    "mean": 0.009327943623232256
  },
  "layer3.0.bn1.weight": {
    "max": 0.10193149000406265,
    "mean": 0.014834986543282866
  },
  "layer3.0.bn2.bias": {
    "max": 0.02912645787000656,
    "mean": 0.004140832664104112
  },
  "layer3.0.bn2.weight": {
    "max": 0.051013655960559845,
    "mean": 0.007864214619455327
  },
  "layer3.0.bn3.bias": {
    "max": 0.04222356155514717,
    "mean": 0.006875600190583749
  },
  "layer3.0.bn3.weight": {
    "max": 0.06877868622541428,
    "mean": 0.01103510424162128
  },
  "layer3.0.conv1.weight": {
    "max": 0.32853400707244873,
    "mean": 0.05380224927195481
  },
  "layer3.0.conv2.weight": {
    "max": 0.18229199945926666,
    "mean": 0.033089251034627
  },
  "layer3.0.conv3.weight": {
    "max": 0.2471279352903366,