{
  "bn1.bias": {
    "max": 0.1251673400402069,
    "mean": 0.008462396484485777
  },
  "bn1.weight": {
    "max": 0.17064692080020905,
    "mean": 0.025646951386858876
  },
  "conv1.weight": {
    "max": 0.9454560875892639,
    "mean": 0.12828218845051848
  },
  "fc.bias": {
    "max": 0.08619953691959381,
    "mean": 0.014348567497893653
  },
  "fc.weight": {
    "max": 1.0272938013076782,
    "mean": 0.17188163838166345
  },
  "layer1.0.bn1.bias": {
    "max": 0.07539166510105133,
    "mean": 0.006726632404294963
  },
  "layer1.0.bn1.weight": {
    "max": 0.07024122774600983,
    "mean": 0.008861781833823313
  },
  "layer1.0.bn2.bias": {
    "max": 0.04004289209842682,
    "mean": 0.0061697972118314025
  },
  "layer1.0.bn2.weight": {
    "max": 0.09582933038473129,
    "mean": 0.012567283487930712
  },
  "layer1.0.bn3.bias": {
    "max": 0.1332237720489502,
    "mean": 0.01384455313395717
  },
  "layer1.0.bn3.weight": {
    "max": 0.2533216178417206,
    "mean": 0.03539271358001445
  },
  "layer1.0.conv1.weight": {
    "max": 0.22213363647460938,
    "mean": 0.036659866953164706
  },
  "layer1.0.conv2.weight": {
    "max": 0.4371202290058136,
    "mean": 0.05713745970482705
  },
  "layer1.0.conv3.weight": {
    "max": 0.3625408411026001,
    "mean": 0.05115198684598519
  },
  "layer1.0.downsample.0.weight": {
    "max": 0.60611492395401,
    "mean": 0.09308592268897753
  },
  "layer1.0.downsample.1.bias": {
    "max": 0.1332237720489502,
    "mean": 0.01384455313395717
  },
  "layer1.0.downsample.1.weight": {
    "max": 0.23840376734733582,
    "mean": 0.033727414631222405
  },
  "layer1.1.bn1.bias": {
    "max": 0.10168221592903137,
    "mean": 0.008135651827012355
  },
  "layer1.1.bn1.weight": {
    "max": 0.1298280954360962,
    "mean": 0.011259227549365147
  },
  "layer1.1.bn2.bias": {
    "max": 0.025530153885483742,
    "mean": 0.0036548535784251207
  },
  "layer1.1.bn2.weight": {
    "max": 0.042000748217105865,
    "mean": 0.006692609944371465
  },
  "layer1.1.bn3.bias": {
    "max": 0.09099937975406647,
    "mean": 0.010144037552142566
  },
  "layer1.1.bn3.weight": {
    "max": 0.1353711038827896,
    "mean": 0.022639228236637013
  },
  "layer1.1.conv1.weight": {
    "max": 0.1268862783908844,
    "mean": 0.01897861093992625
  },
  "layer1.1.conv2.weight": {
    "max": 0.16297881305217743,
    "mean": 0.02429959043128682
  },
  "layer1.1.conv3.weight": {
    "max": 0.15272170305252075,
    "mean": 0.02559636059360595
  },
  "layer1.2.bn1.bias": {
    "max": 0.029821665957570076,
    "mean": 0.003024210091358067
  },
  "layer1.2.bn1.weight": {
    "max": 0.03272117301821709,
    "mean": 0.004491181287090252
  },
  "layer1.2.bn2.bias": {
    "max": 0.022273199632763863,
    "mean": 0.0024972231504502168
  },
  "layer1.2.bn2.weight": {
    "max": 0.027523787692189217,
    "mean": 0.004485594729116461
  },
  "layer1.2.bn3.bias": {
    "max": 0.06994342058897018,
    "mean": 0.00724638186593698
  },
  "layer1.2.bn3.weight": {
    "max": 0.06929077953100204,
    "mean": 0.012086685124657898
  },
  "layer1.2.conv1.weight": {
    "max": 0.13291959464550018,
    "mean": 0.018966292442096997
  },
  "layer1.2.conv2.weight": {
    "max": 0.14280809462070465,
    "mean": 0.022294851048749738
  },
  "layer1.2.conv3.weight": {
    "max": 0.12560121715068817,
    "mean": 0.021432545254792785
  },
  "layer2.0.bn1.bias": {
    "max": 0.04520603269338608,
    "mean": 0.005387618524980228
  },
  "layer2.0.bn1.weight": {
    "max": 0.04856085032224655,
    "mean": 0.007467966584367137
  },
  "layer2.0.bn2.bias": {
    "max": 0.01604364812374115,
    "mean": 0.002694090234105845
  },
  "layer2.0.bn2.weight": {
    "max": 0.03427067771553993,
    "mean": 0.005787888965164062
  },
  "layer2.0.bn3.bias": {
    "max": 0.036527540534734726,
    "mean": 0.0047735622970607695
  },
  "layer2.0.bn3.weight": {
    "max": 0.04249436780810356,
    "mean": 0.007121423257033582
  },
  "layer2.0.conv1.weight": {
    "max": 0.244046151638031,
    "mean": 0.034417211158309195
  },
  "layer2.0.conv2.weight": {
    "max": 0.15711645781993866,
    "mean": 0.024080203916258012
  },
  "layer2.0.conv3.weight": {
    "max": 0.21031729876995087,
    "mean": 0.03279167210396346
  },
  "layer2.0.downsample.0.weight": {
    "max": 0.24783529341220856,
    "mean": 0.03364304913380433
  },
  "layer2.0.downsample.1.bias": {
    "max": 0.036527540534734726,
    "mean": 0.0047735622970607695
  },
  "layer2.0.downsample.1.weight": {
    "max": 0.044305235147476196,
    "mean": 0.007235908150567931
  },
  "layer2.1.bn1.bias": {
    "max": 0.029007496312260628,
    "mean": 0.004344465539226284
  },
  "layer2.1.bn1.weight": {
    "max": 0.044098444283008575,
    "mean": 0.007038169438840539
  },
  "layer2.1.bn2.bias": {
    "max": 0.029253149405121803,
    "mean": 0.004675741915434628
  },
  "layer2.1.bn2.weight": {
    "max": 0.037327300757169724,
    "mean": 0.0067066163598065035
  },
  "layer2.1.bn3.bias": {
    "max": 0.031245484948158264,
    "mean": 0.004206137463393783
  },
  "layer2.1.bn3.weight": {
    "max": 0.050442956387996674,
    "mean": 0.006685893593525439
  },
  "layer2.1.conv1.weight": {
    "max": 0.12180329114198685,
    "mean": 0.0186599286247656
  },
  "layer2.1.conv2.weight": {
    "max": 0.17948490381240845,
    "mean": 0.030957717395649523
  },
  "layer2.1.conv3.weight": {
    "max": 0.16346529126167297,
    "mean": 0.028596377422031114
  },
  "layer2.2.bn1.bias": {
    "max": 0.02892843820154667,
    "mean": 0.00463851885038561
  },
  "layer2.2.bn1.weight": {
    "max": 0.06153631582856178,
    "mean": 0.007159508179938712
  },
  "layer2.2.bn2.bias": {
    "max": 0.02335888333618641,
    "mean": 0.003458172356848601
  },
  "layer2.2.bn2.weight": {
    "max": 0.048231616616249084,
    "mean": 0.0060491268431100515
  },
  "layer2.2.bn3.bias": {
    "max": 0.02908496931195259,
    "mean": 0.0038467338357492864
  },
  "layer2.2.bn3.weight": {
    "max": 0.040870100259780884,
    "mean": 0.005929804115424174
  },
  "layer2.2.conv1.weight": {
    "max": 0.1024375930428505,
    "mean": 0.016960327066013373
  },
  "layer2.2.conv2.weight": {
    "max": 0.19857989251613617,
    "mean": 0.02426797558231296
  },
  "layer2.2.conv3.weight": {
    "max": 0.22085823118686676,
    "mean": 0.026757763029932644
  },
  "layer2.3.bn1.bias": {
    "max": 0.02020622417330742,
    "mean": 0.0035189067210610247
  },
  "layer2.3.bn1.weight": {
    "max": 0.030106686055660248,
    "mean": 0.0055851898273249385
  },
  "layer2.3.bn2.bias": {
    "max": 0.023469816893339157,
    "mean": 0.0036119690078547655
  },
  "layer2.3.bn2.weight": {
    "max": 0.03932715579867363,
    "mean": 0.006132490987479936
  },
  "layer2.3.bn3.bias": {
    "max": 0.02507687546312809,
    "mean": 0.0033446301363931393
  },
  "layer2.3.bn3.weight": {
    "max": 0.030860213562846184,
    "mean": 0.005179291142560812
  },
  "layer2.3.conv1.weight": {
    "max": 0.10745425522327423,
    "mean": 0.01942837526481266
  },
  "layer2.3.conv2.weight": {
    "max": 0.1363108903169632,
    "mean": 0.02032717848593685
  },
  "layer2.3.conv3.weight": {
    "max": 0.13966093957424164,
    "mean": 0.021677898242321265
  },
  "layer3.0.bn1.bias": {
    "max": 0.04030514135956764,
    "mean": 0.006669503180086654
  },
  "layer3.0.bn1.weight": {
    "max": 0.062495697289705276,
    "mean": 0.010545290009374314
  },
  "layer3.0.bn2.bias": {
    "max": 0.017019107937812805,
    "mean": 0.0029477916567001165
  },
  "layer3.0.bn2.weight": {
    "max": 0.03924082964658737,
    "mean": 0.0056153683460122145
  },
  "layer3.0.bn3.bias": {
    "max": 0.031003985553979874,
    "mean": 0.0048820329379123
  },
  "layer3.0.bn3.weight": {
    "max": 0.04825970157980919,
    "mean": 0.007781945683730425
  },
  "layer3.0.conv1.weight": {
    "max": 0.22018805146217346,
    "mean": 0.03791226994294058
  },
  "layer3.0.conv2.weight": {
    "max": 0.13731375336647034,
    "mean": 0.02303444539826679
  },