{
  "bn1.bias": {
    "max": 0.10270942747592926,
    "mean": 0.033232585952750276
  },
  "bn1.weight": {
    "max": 0.2974325120449066,
    "mean": 0.11190971854541983
  },
  "conv1.weight": {
    "max": 1.8947831392288208,
    "mean": 0.6300637150662286
  },
  "fc.bias": {
    "max": 0.16123206913471222,
    "mean": 0.0692223019791501
  },
  "fc.weight": {
    "max": 2.142244577407837,
    "mean": 1.0570299618584769
  },
  "layer1.0.bn1.bias": {
    "max": 0.07083366811275482,
    "mean": 0.025895799675158093
  },
  "layer1.0.bn1.weight": {
    "max": 0.0894923210144043,
    "mean": 0.034717958670641695
  },
  "layer1.0.bn2.bias": {
    "max": 0.09094782918691635,
    "mean": 0.026795821780604974
  },
  "layer1.0.bn2.weight": {
    "max": 0.14775998890399933,
    "mean": 0.05073450321065528
  },
  "layer1.0.bn3.bias": {
    "max": 0.19647511839866638,
    "mean": 0.05724598459899426
  },
  "layer1.0.bn3.weight": {
    "max": 0.436687707901001,
    "mean": 0.14396814450621606
  },
  "layer1.0.conv1.weight": {
    "max": 0.5597725510597229,
    "mean": 0.17234288888318197
  },
  "layer1.0.conv2.weight": {
    "max": 0.6934036612510681,
    "mean": 0.22559917028461185
  },
  "layer1.0.conv3.weight": {
    "max": 0.5344258546829224,
    "mean": 0.19257030582853726
  },
  "layer1.0.downsample.0.weight": {
    "max": 1.1806237697601318,
    "mean": 0.43954006948641366
  },
  "layer1.0.downsample.1.bias": {
    "max": 0.19647511839866638,
    "mean": 0.05724598459899426
  },
  "layer1.0.downsample.1.weight": {
    "max": 0.4052915573120117,
    "mean": 0.1361040804109403
  },
  "layer1.1.bn1.bias": {
    "max": 0.3051864206790924,
    "mean": 0.04084311795553991
  },
  "layer1.1.bn1.weight": {
    "max": 0.31252333521842957,
    "mean": 0.05334216967757259
  },
  "layer1.1.bn2.bias": {
    "max": 0.058143530040979385,
    "mean": 0.017050058035446066
  },
  "layer1.1.bn2.weight": {
    "max": 0.08690427243709564,
    "mean": 0.031398620009422305
  },
  "layer1.1.bn3.bias": {
    "max": 0.11558651179075241,
    "mean": 0.040945176631212235
  },
  "layer1.1.bn3.weight": {
    "max": 0.3099175989627838,
    "mean": 0.09223001108637878
  },
  "layer1.1.conv1.weight": {
    "max": 0.4104735553264618,
    "mean": 0.10651543991906302
  },
  "layer1.1.conv2.weight": {
    "max": 0.3695049285888672,
    "mean": 0.11774075284600258
  },
  "layer1.1.conv3.weight": {
    "max": 0.33880046010017395,
    "mean": 0.1301709333062172
  },
  "layer1.2.bn1.bias": {
    "max": 0.0362703874707222,
    "mean": 0.012715253594464489
  },
  "layer1.2.bn1.weight": {
    "max": 0.059416547417640686,
    "mean": 0.019165794277297598
  },
  "layer1.2.bn2.bias": {
    "max": 0.03723408654332161,
    "mean": 0.010792954741045833
  },
  "layer1.2.bn2.weight": {
    "max": 0.04788381606340408,
    "mean": 0.01923447973760111
  },
  "layer1.2.bn3.bias": {
    "max": 0.08007655292749405,
    "mean": 0.02756509054452181
  },
  "layer1.2.bn3.weight": {
    "max": 0.16265444457530975,
    "mean": 0.05200188228594405
  },
  "layer1.2.conv1.weight": {
    "max": 0.2627823054790497,
    "mean": 0.09257936927889075
  },
  "layer1.2.conv2.weight": {
    "max": 0.25846290588378906,
    "mean": 0.10120115551565374
  },
  "layer1.2.conv3.weight": {
    "max": 0.2774311602115631,
    "mean": 0.09758360637085778
  },
  "layer2.0.bn1.bias": {
    "max": 0.08098617941141129,
    "mean": 0.022204305955341883
  },
  "layer2.0.bn1.weight": {
    "max": 0.0954468846321106,
    "mean": 0.029993440067129475
  },
  "layer2.0.bn2.bias": {
    "max": 0.030254950746893883,
    "mean": 0.011020817380132419
  },
  "layer2.0.bn2.weight": {
    "max": 0.0552518256008625,
    "mean": 0.023197462747671774
  },
  "layer2.0.bn3.bias": {
    "max": 0.050198446959257126,
    "mean": 0.018972176198980638
  },
  "layer2.0.bn3.weight": {
    "max": 0.06791958957910538,
    "mean": 0.028079230476702962
  },
  "layer2.0.conv1.weight": {
    "max": 0.5000835061073303,
    "mean": 0.16108142833624567
  },
  "layer2.0.conv2.weight": {
    "max": 0.2722591757774353,
    "mean": 0.1040286435931921
  },
  "layer2.0.conv3.weight": {
    "max": 0.34609609842300415,
    "mean": 0.14071262674672264
  },
  "layer2.0.downsample.0.weight": {
    "max": 0.31777679920196533,
    "mean": 0.12737149883593832
  },
  "layer2.0.downsample.1.bias": {
    "max": 0.050198446959257126,
    "mean": 0.018972176198980638
  },
  "layer2.0.downsample.1.weight": {
    "max": 0.06956902891397476,
    "mean": 0.028507087805441447
  },
  "layer2.1.bn1.bias": {
    "max": 0.06321799010038376,
    "mean": 0.01868811833006995
  },
  "layer2.1.bn1.weight": {
    "max": 0.09364571422338486,
    "mean": 0.02915448309587581
  },
  "layer2.1.bn2.bias": {
    "max": 0.05696697160601616,
    "mean": 0.01898216084178005
  },
  "layer2.1.bn2.weight": {
    "max": 0.06585371494293213,
    "mean": 0.02630600762686559
  },
  "layer2.1.bn3.bias": {
    "max": 0.04439128562808037,
    "mean": 0.016947163684027537
  },
  "layer2.1.bn3.weight": {
    "max": 0.0674896091222763,
    "mean": 0.02451823882226433
  },
  "layer2.1.conv1.weight": {
    "max": 0.2681798040866852,
    "mean": 0.08646749714655536
  },
  "layer2.1.conv2.weight": {
    "max": 0.43376314640045166,
    "mean": 0.141843095017331
  },
  "layer2.1.conv3.weight": {
    "max": 0.3191976547241211,
    "mean": 0.13146188060087818
  },
  "layer2.2.bn1.bias": {
    "max": 0.05450362712144852,
    "mean": 0.02120731341253434
  },
  "layer2.2.bn1.weight": {
    "max": 0.07059743255376816,
    "mean": 0.031097278398062502
  },
  "layer2.2.bn2.bias": {
    "max": 0.049730993807315826,
    "mean": 0.015513345676341227
  },
  "layer2.2.bn2.weight": {
    "max": 0.0873342901468277,
    "mean": 0.026536770332604646
  },
  "layer2.2.bn3.bias": {
    "max": 0.04078550264239311,
    "mean": 0.015374070958101324
  },
  "layer2.2.bn3.weight": {
    "max": 0.06176822632551193,
    "mean": 0.02401994054604854
  },
  "layer2.2.conv1.weight": {
    "max": 0.1889229714870453,
    "mean": 0.07913151935807296
  },
  "layer2.2.conv2.weight": {
    "max": 0.2970515489578247,
    "mean": 0.11476072806332792
  },
  "layer2.2.conv3.weight": {
    "max": 0.3101903796195984,
    "mean": 0.12330544018319675
  },
  "layer2.3.bn1.bias": {
    "max": 0.053897514939308167,
    "mean": 0.017898733405662434
  },
  "layer2.3.bn1.weight": {
    "max": 0.07117120921611786,
    "mean": 0.027277793040765184
  },
  "layer2.3.bn2.bias": {
    "max": 0.05373120680451393,
    "mean": 0.016621290618287664
  },
  "layer2.3.bn2.weight": {
    "max": 0.07625411450862885,
    "mean": 0.026843312358749764
  },
  "layer2.3.bn3.bias": {
    "max": 0.03378760814666748,
    "mean": 0.01300491881689855
  },
  "layer2.3.bn3.weight": {
    "max": 0.059510815888643265,
    "mean": 0.024550123403647116
  },
  "layer2.3.conv1.weight": {
    "max": 0.28295621275901794,
    "mean": 0.10643396547862462
  },
  "layer2.3.conv2.weight": {
    "max": 0.26725322008132935,
    "mean": 0.10034047243850572
  },
  "layer2.3.conv3.weight": {
    "max": 0.2689778506755829,
    "mean": 0.10808699400297234
  },
  "layer3.0.bn1.bias": {
    "max": 0.06948421895503998,
    "mean": 0.0260699822035219
  },
  "layer3.0.bn1.weight": {
    "max": 0.10577822476625443,
    "mean": 0.03813085286212819
  },
  "layer3.0.bn2.bias": {
    "max": 0.02521166205406189,
    "mean": 0.010532492633376803
  },
  "layer3.0.bn2.weight": {
    "max": 0.05509784817695618,
    "mean": 0.019655584221971886
  },
  "layer3.0.bn3.bias": {
    "max": 0.04223443567752838,
    "mean": 0.017791626756744724
  },
  "layer3.0.bn3.weight": {
    "max": 0.06827806681394577,
    "mean": 0.02705123532563448
  },
  "layer3.0.conv1.weight": {
    "max": 0.4182494878768921,
    "mean": 0.15760361894965172
  },
  "layer3.0.conv2.weight": {
    "max": 0.23469649255275726,
    "mean": 0.08868945270776749
  },
  "layer3.0.conv3.weight": {
    "max": 0.3134777843952179,
    "mean": 0.1156829490938357
  },