{
  "bn1.bias": {
    "max": 0.2898637056350708,
    "mean": 0.023514603813444928
  },
  "bn1.weight": {
    "max": 0.24813655018806458,
    "mean": 0.07287607070058584
  },
  "conv1.weight": {
    "max": 1.3763478994369507,
    "mean": 0.3778632285871676
  },
  "fc.bias": {
    "max": 0.11156642436981201,
    "mean": 0.034635290495519125
  },
  "fc.weight": {
    "max": 1.6809240579605103,
    "mean": 0.540186642238072
  },
  "layer1.0.bn1.bias": {
    "max": 0.08794049918651581,
    "mean": 0.018087195721454917
  },
  "layer1.0.bn1.weight": {
    "max": 0.09828255325555801,
    "mean": 0.024345113773431095
  },
  "layer1.0.bn2.bias": {
    "max": 0.086044542491436,
    "mean": 0.016649455095175653
  },
  "layer1.0.bn2.weight": {
    "max": 0.11206638067960739,
    "mean": 0.0324917634070984
  },
  "layer1.0.bn3.bias": {
    "max": 0.16543452441692352,
    "mean": 0.03792978731250125
  },
  "layer1.0.bn3.weight": {
    "max": 0.3980787992477417,
    "mean": 0.0864868683900152
  },
  "layer1.0.conv1.weight": {
    "max": 0.4076363444328308,
    "mean": 0.11398166212652411
  },
  "layer1.0.conv2.weight": {
    "max": 0.7011305093765259,
    "mean": 0.1564288354398949
  },
  "layer1.0.conv3.weight": {
    "max": 0.5357503294944763,
    "mean": 0.12355655658990145
  },
  "layer1.0.downsample.0.weight": {
    "max": 0.9260655045509338,
    "mean": 0.25937979860497373
  },
  "layer1.0.downsample.1.bias": {
    "max": 0.16543452441692352,
    "mean": 0.03792978731250125
  },
  "layer1.0.downsample.1.weight": {
    "max": 0.3820854127407074,
    "mean": 0.08228184462924089
  },
  "layer1.1.bn1.bias": {
    "max": 0.1695435643196106,
    "mean": 0.0248546331149659
  },
  "layer1.1.bn1.weight": {
    "max": 0.25970038771629333,
    "mean": 0.033391702034111535
  },
  "layer1.1.bn2.bias": {
    "max": 0.04030788689851761,
    "mean": 0.010436433964808072
  },
  "layer1.1.bn2.weight": {
    "max": 0.07257948070764542,
    "mean": 0.019196271155295628
  },
  "layer1.1.bn3.bias": {
    "max": 0.10323705524206161,
    "mean": 0.02648260440211743
  },
  "layer1.1.bn3.weight": {
    "max": 0.2554563879966736,
    "mean": 0.05941821274081511
  },
  "layer1.1.conv1.weight": {
    "max": 0.6017993688583374,
    "mean": 0.06115275196198906
  },
  "layer1.1.conv2.weight": {
    "max": 0.30121204257011414,
    "mean": 0.07106673364660569
  },
  "layer1.1.conv3.weight": {
    "max": 0.3247726857662201,
    "mean": 0.07596529909010444
  },
  "layer1.2.bn1.bias": {
    "max": 0.03346506506204605,
    "mean": 0.00814116096822545
  },
  "layer1.2.bn1.weight": {
    "max": 0.04686005041003227,
    "mean": 0.01192270138600309
  },
  "layer1.2.bn2.bias": {
    "max": 0.0241467896848917,
    "mean": 0.006906277520715126
  },
  "layer1.2.bn2.weight": {
    "max": 0.049024976789951324,
    "mean": 0.01243454383120739
  },
  "layer1.2.bn3.bias": {
    "max": 0.08691355586051941,
    "mean": 0.018596817066094704
  },
  "layer1.2.bn3.weight": {
    "max": 0.2322494238615036,
    "mean": 0.03467377118766308
  },
  "layer1.2.conv1.weight": {
    "max": 0.22365443408489227,
    "mean": 0.05494585332194609
  },
  "layer1.2.conv2.weight": {
    "max": 0.2634803056716919,
    "mean": 0.06326126172872526
  },
  "layer1.2.conv3.weight": {
    "max": 0.23352022469043732,
    "mean": 0.06241113565329994
  },
  "layer2.0.bn1.bias": {
    "max": 0.05104191601276398,
    "mean": 0.014098254981384213
  },
  "layer2.0.bn1.weight": {
    "max": 0.08290603011846542,
    "mean": 0.01919454409142158
  },
  "layer2.0.bn2.bias": {
    "max": 0.0235859714448452,
    "mean": 0.0071698535967152565
  },
  "layer2.0.bn2.weight": {
    "max": 0.06681583821773529,
    "mean": 0.01569550934147888
  },
  "layer2.0.bn3.bias": {
    "max": 0.04783451557159424,
    "mean": 0.012423250718441393
  },
  "layer2.0.bn3.weight": {
    "max": 0.06872855871915817,
    "mean": 0.01910977626685053
  },
  "layer2.0.conv1.weight": {
    "max": 0.37833088636398315,
    "mean": 0.09791309083146708
  },
  "layer2.0.conv2.weight": {
    "max": 0.24834682047367096,
    "mean": 0.06797435194253922
  },
  "layer2.0.conv3.weight": {
    "max": 0.3530235290527344,
    "mean": 0.09339705621025392
  },
  "layer2.0.downsample.0.weight": {
    "max": 0.3036467134952545,
    "mean": 0.08734176094244633
  },
  "layer2.0.downsample.1.bias": {
    "max": 0.04783451557159424,
    "mean": 0.012423250718441393
  },
  "layer2.0.downsample.1.weight": {
    "max": 0.07680579274892807,
    "mean": 0.018636838600837757
  },
  "layer2.1.bn1.bias": {
    "max": 0.04077760875225067,
    "mean": 0.012418690898588726
  },
  "layer2.1.bn1.weight": {
    "max": 0.07396239787340164,
    "mean": 0.019874406539435896
  },
  "layer2.1.bn2.bias": {
    "max": 0.04661720618605614,
    "mean": 0.012921375343908689
  },
  "layer2.1.bn2.weight": {
    "max": 0.06652506440877914,
    "mean": 0.018057187660597263
  },
  "layer2.1.bn3.bias": {
    "max": 0.041247010231018066,
    "mean": 0.010988306435756386
  },
  "layer2.1.bn3.weight": {
    "max": 0.06922972202301025,
    "mean": 0.018558716532508176
  },
  "layer2.1.conv1.weight": {
    "max": 0.2619667947292328,
    "mean": 0.058329341584550484
  },
  "layer2.1.conv2.weight": {
    "max": 0.400214284658432,
    "mean": 0.09505762136940445
  },
  "layer2.1.conv3.weight": {
    "max": 0.2994574010372162,
    "mean": 0.08693594973002161
  },
  "layer2.2.bn1.bias": {
    "max": 0.052017953246831894,
    "mean": 0.0130472039288309
  },
  "layer2.2.bn1.weight": {
    "max": 0.07520661503076553,
    "mean": 0.0197281113246988
  },
  "layer2.2.bn2.bias": {
    "max": 0.03679479658603668,
    "mean": 0.009614230325512056
  },
  "layer2.2.bn2.weight": {
    "max": 0.058581359684467316,
    "mean": 0.015993597593624145
  },
  "layer2.2.bn3.bias": {
    "max": 0.03896581754088402,
    "mean": 0.010002408264470951
  },
  "layer2.2.bn3.weight": {
    "max": 0.06006840988993645,
    "mean": 0.01591246543784759
  },
  "layer2.2.conv1.weight": {
    "max": 0.18350501358509064,
    "mean": 0.05045108602648335
  },
  "layer2.2.conv2.weight": {
    "max": 0.25244033336639404,
    "mean": 0.07034626658207604
  },
  "layer2.2.conv3.weight": {
    "max": 0.27759626507759094,
    "mean": 0.0756331881854151
  },
  "layer2.3.bn1.bias": {
    "max": 0.047804344445466995,
    "mean": 0.010793259525671601
  },
  "layer2.3.bn1.weight": {
    "max": 0.086844801902771,
    "mean": 0.016985378236775952
  },
  "layer2.3.bn2.bias": {
    "max": 0.03629617765545845,
    "mean": 0.01012833473039791
  },
  "layer2.3.bn2.weight": {
    "max": 0.07176811248064041,
    "mean": 0.01675771557859012
  },
  "layer2.3.bn3.bias": {
    "max": 0.03286680951714516,
    "mean": 0.008472920632588544
  },
  "layer2.3.bn3.weight": {
    "max": 0.0644121915102005,
    "mean": 0.01575907861680857
  },
  "layer2.3.conv1.weight": {
    "max": 0.23740345239639282,
    "mean": 0.06441592503605144
  },
  "layer2.3.conv2.weight": {
    "max": 0.21831679344177246,
    "mean": 0.06239438453290079
  },
  "layer2.3.conv3.weight": {
    "max": 0.26342061161994934,
    "mean": 0.06682745472927179
  },
  "layer3.0.bn1.bias": {
    "max": 0.06089407950639725,
    "mean": 0.016449623183746424
  },
  "layer3.0.bn1.weight": {
    "max": 0.09151133894920349,
    "mean": 0.025223445131975625
  },
  "layer3.0.bn2.bias": {
    "max": 0.026798803359270096,
    "mean": 0.007149306347626927
  },
  "layer3.0.bn2.weight": {
    "max": 0.04702078551054001,
    "mean": 0.013708551460544446
  },
  "layer3.0.bn3.bias": {
    "max": 0.044130031019449234,
    "mean": 0.012153865796447333
  },
  "layer3.0.bn3.weight": {
    "max": 0.06479530781507492,
    "mean": 0.01895265704553042
  },
  "layer3.0.conv1.weight": {
    "max": 0.36731067299842834,
    "mean": 0.10092105350057994
  },
  "layer3.0.conv2.weight": {
    "max": 0.1895384043455124,
    "mean": 0.06055863013224942
  },
  "layer3.0.conv3.weight": {
    "max": 0.25279903411865234,
    "mean": 0.07903901465769325
  },