{
  "classifier.bias": {
    "max": 0.057769525796175,
    "mean": 0.0067763806971821135
  },
  "classifier.weight": {
    "max": 1.2867333889007568,
    "mean": 0.15694384193513541
  },
  "features.denseblock4.denselayer1.conv1.weight": {
    "max": 0.4296630918979645,
    "mean": 0.030599161245461023
  },
  "features.denseblock4.denselayer1.conv2.weight": {
    "max": 0.27997633814811707,
    "mean": 0.019981678790188327
  },
  "features.denseblock4.denselayer1.norm1.bias": {
    "max": 0.04136840999126434,
    "mean": 0.002735207383292228
  },
  "features.denseblock4.denselayer1.norm1.weight": {
    "max": 0.08435607701539993,
    "mean": 0.005695591896874248
  },
  "features.denseblock4.denselayer1.norm2.bias": {
    "max": 0.023098772391676903,
    "mean": 0.0016949705321686842
  },
  "features.denseblock4.denselayer1.norm2.weight": {
    "max": 0.03494136780500412,
    "mean": 0.0023335518381853554
  },
  "features.denseblock4.denselayer10.conv1.weight": {
    "max": 0.47566378116607666,
    "mean": 0.030757047329513756
  },
  "features.denseblock4.denselayer10.conv2.weight": {
    "max": 0.15115869045257568,
    "mean": 0.012580151483042366
  },
  "features.denseblock4.denselayer10.norm1.bias": {
    "max": 0.029459062963724136,
    "mean": 0.0016469146378481777
  },
  "features.denseblock4.denselayer10.norm1.weight": {
    "max": 0.06325558573007584,
    "mean": 0.0032557725591634934
  },
  "features.denseblock4.denselayer10.norm2.bias": {
    "max": 0.03337565064430237,
    "mean": 0.0026690950031999297
  },
  "features.denseblock4.denselayer10.norm2.weight": {
    "max": 0.09777220338582993,
    "mean": 0.0056735673690231385
  },
  "features.denseblock4.denselayer11.conv1.weight": {
    "max": 0.33206114172935486,
    "mean": 0.03096572849284192
  },
  "features.denseblock4.denselayer11.conv2.weight": {
    "max": 0.12914861738681793,
    "mean": 0.012034680499179688
  },
  "features.denseblock4.denselayer11.norm1.bias": {
    "max": 0.015631787478923798,
    "mean": 0.0014193570218724615
  },
  "features.denseblock4.denselayer11.norm1.weight": {
    "max": 0.036698438227176666,
    "mean": 0.00300490639265003
  },
  "features.denseblock4.denselayer11.norm2.bias": {
    "max": 0.030804600566625595,
    "mean": 0.002458300444465879
  },
  "features.denseblock4.denselayer11.norm2.weight": {
    "max": 0.08455105870962143,
    "mean": 0.006234486383597999
  },
  "features.denseblock4.denselayer12.conv1.weight": {
    "max": 0.460286945104599,
    "mean": 0.03200079398163195
  },
  "features.denseblock4.denselayer12.conv2.weight": {
    "max": 0.10181035846471786,
    "mean": 0.011719344852442321
  },
  "features.denseblock4.denselayer12.norm1.bias": {
    "max": 0.02145153284072876,
    "mean": 0.0015819883256335742
  },
  "features.denseblock4.denselayer12.norm1.weight": {
    "max": 0.04704681411385536,
    "mean": 0.0032981006431093973
  },
  "features.denseblock4.denselayer12.norm2.bias": {
    "max": 0.03218429535627365,
    "mean": 0.002723519531292758
  },
  "features.denseblock4.denselayer12.norm2.weight": {
    "max": 0.07854083925485611,
    "mean": 0.006416519870836055
  },
  "features.denseblock4.denselayer13.conv1.weight": {
    "max": 0.29725509881973267,
    "mean": 0.02736093929677736
  },
  "features.denseblock4.denselayer13.conv2.weight": {
    "max": 0.13762716948986053,
    "mean": 0.010055919925050278
  },
  "features.denseblock4.denselayer13.norm1.bias": {
    "max": 0.014978980645537376,
    "mean": 0.0012378462194101304
  },
  "features.denseblock4.denselayer13.norm1.weight": {
    "max": 0.032511644065380096,
    "mean": 0.002574790142565949
  },
  "features.denseblock4.denselayer13.norm2.bias": {
    "max": 0.028967151418328285,
    "mean": 0.002297702063577682
  },
  "features.denseblock4.denselayer13.norm2.weight": {
    "max": 0.06874627619981766,
    "mean": 0.005387906132943629
  },
  "features.denseblock4.denselayer14.conv1.weight": {
    "max": 0.16728650033473969,
    "mean": 0.021765684110744456
  },
  "features.denseblock4.denselayer14.conv2.weight": {
    "max": 0.052744098007678986,
    "mean": 0.008327311961121658
  },
  "features.denseblock4.denselayer14.norm1.bias": {
    "max": 0.007955758832395077,
    "mean": 0.0011362290444412793
  },
  "features.denseblock4.denselayer14.norm1.weight": {
    "max": 0.02414107136428356,
    "mean": 0.0024646121783579084
  },
  "features.denseblock4.denselayer14.norm2.bias": {
    "max": 0.011463387869298458,
    "mean": 0.0016799829806248973
  },
  "features.denseblock4.denselayer14.norm2.weight": {
    "max": 0.029772939160466194,
    "mean": 0.003731918301969667
  },
  "features.denseblock4.denselayer15.conv1.weight": {
    "max": 0.1790856122970581,
    "mean": 0.026083785726555755
  },
  "features.denseblock4.denselayer15.conv2.weight": {
    "max": 0.08075424283742905,
    "mean": 0.009832919070280955
  },
  "features.denseblock4.denselayer15.norm1.bias": {
    "max": 0.010125548578798771,
    "mean": 0.0014141994768163257
  },
  "features.denseblock4.denselayer15.norm1.weight": {
    "max": 0.01963650807738304,
    "mean": 0.002814769114463291
  },
  "features.denseblock4.denselayer15.norm2.bias": {
    "max": 0.01674504764378071,
    "mean": 0.0024102931318858672
  },
  "features.denseblock4.denselayer15.norm2.weight": {
    "max": 0.036277126520872116,
    "mean": 0.005262496708060748
  },
  "features.denseblock4.denselayer16.conv1.weight": {
    "max": 0.2451595515012741,
    "mean": 0.028064683839994747
  },
  "features.denseblock4.denselayer16.conv2.weight": {
    "max": 0.09257304668426514,
    "mean": 0.00993301694726272
  },
  "features.denseblock4.denselayer16.norm1.bias": {
    "max": 0.013782045803964138,
    "mean": 0.001349747450245299
  },
  "features.denseblock4.denselayer16.norm1.weight": {
    "max": 0.02491908147931099,
    "mean": 0.002938494836842957
  },
  "features.denseblock4.denselayer16.norm2.bias": {
    "max": 0.033818576484918594,
    "mean": 0.0024480042359001737
  },
  "features.denseblock4.denselayer16.norm2.weight": {
    "max": 0.05280030891299248,
    "mean": 0.005798682904569432
  },
  "features.denseblock4.denselayer2.conv1.weight": {
    "max": 0.32803961634635925,
    "mean": 0.028776230878595797
  },
  "features.denseblock4.denselayer2.conv2.weight": {
    "max": 0.22769619524478912,
    "mean": 0.02006389968862225
  },
  "features.denseblock4.denselayer2.norm1.bias": {
    "max": 0.025057615712285042,
    "mean": 0.0021968767826131496
  },
  "features.denseblock4.denselayer2.norm1.weight": {
    "max": 0.048240743577480316,
    "mean": 0.004375789662226452
  },
  "features.denseblock4.denselayer2.norm2.bias": {
    "max": 0.01711302436888218,
    "mean": 0.0017184437081232318
  },
  "features.denseblock4.denselayer2.norm2.weight": {
    "max": 0.02722836472094059,
    "mean": 0.0024894033484763765
  },
  "features.denseblock4.denselayer3.conv1.weight": {
    "max": 0.2795397937297821,
    "mean": 0.024161174566667925
  },
  "features.denseblock4.denselayer3.conv2.weight": {
    "max": 0.1813593953847885,
    "mean": 0.016997678984106254
  },
  "features.denseblock4.denselayer3.norm1.bias": {
    "max": 0.01938491314649582,
    "mean": 0.0017381838333416714
  },
  "features.denseblock4.denselayer3.norm1.weight": {
    "max": 0.04079890623688698,
    "mean": 0.0035797249338689395
  },
  "features.denseblock4.denselayer3.norm2.bias": {
    "max": 0.014792290516197681,
    "mean": 0.0012073681078878249
  },
  "features.denseblock4.denselayer3.norm2.weight": {
    "max": 0.02280639484524727,
    "mean": 0.0017616137687530551
  },
  "features.denseblock4.denselayer4.conv1.weight": {
    "max": 0.509967565536499,
    "mean": 0.02842570771629523
  },
  "features.denseblock4.denselayer4.conv2.weight": {
    "max": 0.2095649540424347,
    "mean": 0.015917045879635095
  },
  "features.denseblock4.denselayer4.norm1.bias": {
    "max": 0.029540352523326874,
    "mean": 0.0016405181829759385
  },