{
  "classifier.bias": {
    "max": 0.24338552355766296,
    "mean": 0.11396546251007489
  },
  "classifier.weight": {
    "max": 4.505163192749023,
    "mean": 2.5833427456447056
  },
  "features.denseblock4.denselayer1.conv1.weight": {
    "max": 1.303958535194397,
    "mean": 0.5411511540412903
  },
  "features.denseblock4.denselayer1.conv2.weight": {
    "max": 0.7467844486236572,
    "mean": 0.36066939439092366
  },
  "features.denseblock4.denselayer1.norm1.bias": {
    "max": 0.06976955384016037,
    "mean": 0.023457341242049422
  },
  "features.denseblock4.denselayer1.norm1.weight": {
    "max": 0.13399052619934082,
    "mean": 0.0486410749490772
  },
  "features.denseblock4.denselayer1.norm2.bias": {
    "max": 0.04705413058400154,
    "mean": 0.017129671427288225
  },
  "features.denseblock4.denselayer1.norm2.weight": {
    "max": 0.05164908990263939,
    "mean": 0.02368468964206321
  },
  "features.denseblock4.denselayer10.conv1.weight": {
    "max": 0.7971863150596619,
    "mean": 0.36050773211887904
  },
  "features.denseblock4.denselayer10.conv2.weight": {
    "max": 0.27108079195022583,
    "mean": 0.16754332295485905
  },
  "features.denseblock4.denselayer10.norm1.bias": {
    "max": 0.015334727242588997,
    "mean": 0.007929499089451774
  },
  "features.denseblock4.denselayer10.norm1.weight": {
    "max": 0.04368222504854202,
    "mean": 0.018877337245004518
  },
  "features.denseblock4.denselayer10.norm2.bias": {
    "max": 0.02628006413578987,
    "mean": 0.012856798259807484
  },
  "features.denseblock4.denselayer10.norm2.weight": {
    "max": 0.054542455822229385,
    "mean": 0.027757725976407528
  },
  "features.denseblock4.denselayer11.conv1.weight": {
    "max": 0.5634514689445496,
    "mean": 0.36886394321918486
  },
  "features.denseblock4.denselayer11.conv2.weight": {
    "max": 0.2575840950012207,
    "mean": 0.1560515019084726
  },
  "features.denseblock4.denselayer11.norm1.bias": {
    "max": 0.012239537201821804,
    "mean": 0.007260566811476435
  },
  "features.denseblock4.denselayer11.norm1.weight": {
    "max": 0.0484432615339756,
    "mean": 0.017651086558720896
  },
  "features.denseblock4.denselayer11.norm2.bias": {
    "max": 0.027556197717785835,
    "mean": 0.012178412548133306
  },
  "features.denseblock4.denselayer11.norm2.weight": {
    "max": 0.053637292236089706,
    "mean": 0.02926730324115072
  },
  "features.denseblock4.denselayer12.conv1.weight": {
    "max": 0.6397043466567993,
    "mean": 0.3233617228269577
  },
  "features.denseblock4.denselayer12.conv2.weight": {
    "max": 0.2701650559902191,
    "mean": 0.13089669023241315
  },
  "features.denseblock4.denselayer12.norm1.bias": {
    "max": 0.012721693143248558,
    "mean": 0.006312222354380148
  },
  "features.denseblock4.denselayer12.norm1.weight": {
    "max": 0.034043412655591965,
    "mean": 0.0151337433952306
  },
  "features.denseblock4.denselayer12.norm2.bias": {
    "max": 0.02244075946509838,
    "mean": 0.010363821045362523
  },
  "features.denseblock4.denselayer12.norm2.weight": {
    "max": 0.05662836879491806,
    "mean": 0.023515736165323427
  },
  "features.denseblock4.denselayer13.conv1.weight": {
    "max": 0.6673987507820129,
    "mean": 0.35659615559237345
  },
  "features.denseblock4.denselayer13.conv2.weight": {
    "max": 0.2361678183078766,
    "mean": 0.13372512308614595
  },
  "features.denseblock4.denselayer13.norm1.bias": {
    "max": 0.013579754158854485,
    "mean": 0.006469787977901952
  },
  "features.denseblock4.denselayer13.norm1.weight": {
    "max": 0.03419865667819977,
    "mean": 0.015703773267034975
  },
  "features.denseblock4.denselayer13.norm2.bias": {
    "max": 0.02687736600637436,
    "mean": 0.011571783569774457
  },
  "features.denseblock4.denselayer13.norm2.weight": {
    "max": 0.0618329681456089,
    "mean": 0.02877010979822704
  },
  "features.denseblock4.denselayer14.conv1.weight": {
    "max": 0.5833537578582764,
    "mean": 0.3185562141452517
  },
  "features.denseblock4.denselayer14.conv2.weight": {
    "max": 0.23420311510562897,
    "mean": 0.13715321813310896
  },
  "features.denseblock4.denselayer14.norm1.bias": {
    "max": 0.012866543605923653,
    "mean": 0.006888545480157647
  },
  "features.denseblock4.denselayer14.norm1.weight": {
    "max": 0.0372980460524559,
    "mean": 0.01698481645701187
  },
  "features.denseblock4.denselayer14.norm2.bias": {
    "max": 0.02279677614569664,
    "mean": 0.010966510525239365
  },
  "features.denseblock4.denselayer14.norm2.weight": {
    "max": 0.049402035772800446,
    "mean": 0.023898333034345083
  },
  "features.denseblock4.denselayer15.conv1.weight": {
    "max": 0.7258005738258362,
    "mean": 0.3256955736875534
  },
  "features.denseblock4.denselayer15.conv2.weight": {
    "max": 0.2857894003391266,
    "mean": 0.13963178268500737
  },
  "features.denseblock4.denselayer15.norm1.bias": {
    "max": 0.013650438748300076,
    "mean": 0.0067006401385047605
  },
  "features.denseblock4.denselayer15.norm1.weight": {
    "max": 0.04112711176276207,
    "mean": 0.01615648170400943
  },
  "features.denseblock4.denselayer15.norm2.bias": {
    "max": 0.02533535659313202,
    "mean": 0.011615470395024334
  },
  "features.denseblock4.denselayer15.norm2.weight": {
    "max": 0.0566524863243103,
    "mean": 0.026166797429323197
  },
  "features.denseblock4.denselayer16.conv1.weight": {
    "max": 0.9170346260070801,
    "mean": 0.34268739581108093
  },
  "features.denseblock4.denselayer16.conv2.weight": {
    "max": 0.22401463985443115,
    "mean": 0.14507971195237976
  },
  "features.denseblock4.denselayer16.norm1.bias": {
    "max": 0.01744736358523369,
    "mean": 0.006313095180583852
  },
  "features.denseblock4.denselayer16.norm1.weight": {
    "max": 0.05533433333039284,
    "mean": 0.016592912527599504
  },
  "features.denseblock4.denselayer16.norm2.bias": {
    "max": 0.02385803870856762,
    "mean": 0.010921366757580212
  },
  "features.denseblock4.denselayer16.norm2.weight": {
    "max": 0.05840349942445755,
    "mean": 0.02737066456249782
  },
  "features.denseblock4.denselayer2.conv1.weight": {
    "max": 0.8431369066238403,
    "mean": 0.4714286894457681
  },
  "features.denseblock4.denselayer2.conv2.weight": {
    "max": 0.5667857527732849,
    "mean": 0.3500582535777773
  },
  "features.denseblock4.denselayer2.norm1.bias": {
    "max": 0.038083966821432114,
    "mean": 0.01747716280498675
  },
  "features.denseblock4.denselayer2.norm1.weight": {
    "max": 0.06128598377108574,
    "mean": 0.03345762620546988
  },
  "features.denseblock4.denselayer2.norm2.bias": {
    "max": 0.0381668359041214,
    "mean": 0.01766639574563929
  },
  "features.denseblock4.denselayer2.norm2.weight": {
    "max": 0.047625478357076645,
    "mean": 0.025545550494321754
  },
  "features.denseblock4.denselayer3.conv1.weight": {
    "max": 0.7123739123344421,
    "mean": 0.40094658051218307
  },
  "features.denseblock4.denselayer3.conv2.weight": {
    "max": 0.5071814060211182,
    "mean": 0.3010946039216859
  },
  "features.denseblock4.denselayer3.norm1.bias": {
    "max": 0.02731265500187874,
    "mean": 0.012671730100576368
  },
  "features.denseblock4.denselayer3.norm1.weight": {
    "max": 0.05888451263308525,
    "mean": 0.02578136567558561
  },
  "features.denseblock4.denselayer3.norm2.bias": {
    "max": 0.020171884447336197,
    "mean": 0.011599260403641632
  },
  "features.denseblock4.denselayer3.norm2.weight": {
    "max": 0.03867717832326889,
    "mean": 0.016756129701222693
  },
  "features.denseblock4.denselayer4.conv1.weight": {
    "max": 0.8029966354370117,
    "mean": 0.3939350654397692
  },
  "features.denseblock4.denselayer4.conv2.weight": {
    "max": 0.42173099517822266,
    "mean": 0.2482891332251685
  },
  "features.denseblock4.denselayer4.norm1.bias": {
    "max": 0.02123035490512848,
    "mean": 0.009892553884003844
  },
  "features.denseblock4.denselayer4.norm1.weight": {
    "max": 0.039777759462594986,