{
  "classifier.bias": {
    "max": 0.10142738372087479,
    "mean": 0.044879680749561106
  },
  "classifier.weight": {
    "max": 2.577868938446045,
    "mean": 1.074902684731143
  },
  "features.denseblock4.denselayer1.conv1.weight": {
    "max": 0.6928519606590271,
    "mean": 0.24783061510750226
  },
  "features.denseblock4.denselayer1.conv2.weight": {
    "max": 0.47097793221473694,
    "mean": 0.16240203017635005
  },
  "features.denseblock4.denselayer1.norm1.bias": {
    "max": 0.04263468459248543,
    "mean": 0.012413782920422299
  },
  "features.denseblock4.denselayer1.norm1.weight": {
    "max": 0.08186198770999908,
    "mean": 0.025571565491014293
  },
  "features.denseblock4.denselayer1.norm2.bias": {
    "max": 0.02706986665725708,
    "mean": 0.008697412303050182
  },
  "features.denseblock4.denselayer1.norm2.weight": {
    "max": 0.03619973734021187,
    "mean": 0.012009849648124406
  },
  "features.denseblock4.denselayer10.conv1.weight": {
    "max": 0.9786182045936584,
    "mean": 0.19934187675161022
  },
  "features.denseblock4.denselayer10.conv2.weight": {
    "max": 0.30718928575515747,
    "mean": 0.08550748796867473
  },
  "features.denseblock4.denselayer10.norm1.bias": {
    "max": 0.02050776779651642,
    "mean": 0.005442603360362617
  },
  "features.denseblock4.denselayer10.norm1.weight": {
    "max": 0.05465373024344444,
    "mean": 0.0119643105137428
  },
  "features.denseblock4.denselayer10.norm2.bias": {
    "max": 0.03176901862025261,
    "mean": 0.008506495216196137
  },
  "features.denseblock4.denselayer10.norm2.weight": {
    "max": 0.08883720636367798,
    "mean": 0.018978897986401403
  },
  "features.denseblock4.denselayer11.conv1.weight": {
    "max": 0.9385162591934204,
    "mean": 0.22337168435965266
  },
  "features.denseblock4.denselayer11.conv2.weight": {
    "max": 0.353186696767807,
    "mean": 0.0874704133985298
  },
  "features.denseblock4.denselayer11.norm1.bias": {
    "max": 0.02235310710966587,
    "mean": 0.005423772623097258
  },
  "features.denseblock4.denselayer11.norm1.weight": {
    "max": 0.05137985199689865,
    "mean": 0.012873107540820326
  },
  "features.denseblock4.denselayer11.norm2.bias": {
    "max": 0.03468212112784386,
    "mean": 0.009049755117989012
  },
  "features.denseblock4.denselayer11.norm2.weight": {
    "max": 0.10072604566812515,
    "mean": 0.022315926981557693
  },
  "features.denseblock4.denselayer12.conv1.weight": {
    "max": 0.5691773891448975,
    "mean": 0.16782878446791855
  },
  "features.denseblock4.denselayer12.conv2.weight": {
    "max": 0.1825597882270813,
    "mean": 0.06433647231597986
  },
  "features.denseblock4.denselayer12.norm1.bias": {
    "max": 0.01349613443017006,
    "mean": 0.004137104289007506
  },
  "features.denseblock4.denselayer12.norm1.weight": {
    "max": 0.03614857792854309,
    "mean": 0.009415867711816515
  },
  "features.denseblock4.denselayer12.norm2.bias": {
    "max": 0.017509838566184044,
    "mean": 0.006506585628459496
  },
  "features.denseblock4.denselayer12.norm2.weight": {
    "max": 0.04755331203341484,
    "mean": 0.015247513574681112
  },
  "features.denseblock4.denselayer13.conv1.weight": {
    "max": 0.958501398563385,
    "mean": 0.19182324612779278
  },
  "features.denseblock4.denselayer13.conv2.weight": {
    "max": 0.38509297370910645,
    "mean": 0.06821500523015857
  },
  "features.denseblock4.denselayer13.norm1.bias": {
    "max": 0.021572157740592957,
    "mean": 0.004412473579037136
  },
  "features.denseblock4.denselayer13.norm1.weight": {
    "max": 0.06071783974766731,
    "mean": 0.010240425883925387
  },
  "features.denseblock4.denselayer13.norm2.bias": {
    "max": 0.047560255974531174,
    "mean": 0.008037621311045118
  },
  "features.denseblock4.denselayer13.norm2.weight": {
    "max": 0.12497452646493912,
    "mean": 0.02019397829459714
  },
  "features.denseblock4.denselayer14.conv1.weight": {
    "max": 0.569407045841217,
    "mean": 0.1666082954726049
  },
  "features.denseblock4.denselayer14.conv2.weight": {
    "max": 0.19706445932388306,
    "mean": 0.0667617642373911
  },
  "features.denseblock4.denselayer14.norm1.bias": {
    "max": 0.015308180823922157,
    "mean": 0.004796328394274627
  },
  "features.denseblock4.denselayer14.norm1.weight": {
    "max": 0.03885973244905472,
    "mean": 0.01137832055799663
  },
  "features.denseblock4.denselayer14.norm2.bias": {
    "max": 0.023843329399824142,
    "mean": 0.006826616296145533
  },
  "features.denseblock4.denselayer14.norm2.weight": {
    "max": 0.057641804218292236,
    "mean": 0.014907356550517892
  },
  "features.denseblock4.denselayer15.conv1.weight": {
    "max": 0.5138813853263855,
    "mean": 0.1813782472695623
  },
  "features.denseblock4.denselayer15.conv2.weight": {
    "max": 0.2070399820804596,
    "mean": 0.0732073316563453
  },
  "features.denseblock4.denselayer15.norm1.bias": {
    "max": 0.01648191548883915,
    "mean": 0.004923967715086681
  },
  "features.denseblock4.denselayer15.norm1.weight": {
    "max": 0.03851158916950226,
    "mean": 0.011281354874372483
  },
  "features.denseblock4.denselayer15.norm2.bias": {
    "max": 0.02879389375448227,
    "mean": 0.007773654916589813
  },
  "features.denseblock4.denselayer15.norm2.weight": {
    "max": 0.06656621396541595,
    "mean": 0.01810550147534481
  },
  "features.denseblock4.denselayer16.conv1.weight": {
    "max": 0.8540171384811401,
    "mean": 0.19484951428004674
  },
  "features.denseblock4.denselayer16.conv2.weight": {
    "max": 0.24041301012039185,
    "mean": 0.07398177984303662
  },
  "features.denseblock4.denselayer16.norm1.bias": {
    "max": 0.01894623599946499,
    "mean": 0.00479428477352485
  },
  "features.denseblock4.denselayer16.norm1.weight": {
    "max": 0.0564594604074955,
    "mean": 0.011819909837629114
  },
  "features.denseblock4.denselayer16.norm2.bias": {
    "max": 0.02431556209921837,
    "mean": 0.007980893668718635
  },
  "features.denseblock4.denselayer16.norm2.weight": {
    "max": 0.07060029357671738,
    "mean": 0.02012149106445057
  },
  "features.denseblock4.denselayer2.conv1.weight": {
    "max": 0.5864495635032654,
    "mean": 0.2100997053512505
  },
  "features.denseblock4.denselayer2.conv2.weight": {
    "max": 0.4457642138004303,
    "mean": 0.15487588782395637
  },
  "features.denseblock4.denselayer2.norm1.bias": {
    "max": 0.02525520883500576,
    "mean": 0.008971754362074924
  },
  "features.denseblock4.denselayer2.norm1.weight": {
    "max": 0.04781749099493027,
    "mean": 0.01730623832371618
  },
  "features.denseblock4.denselayer2.norm2.bias": {
    "max": 0.028814926743507385,
    "mean": 0.00856924278994224
  },
  "features.denseblock4.denselayer2.norm2.weight": {
    "max": 0.037994422018527985,
    "mean": 0.012628948779643646
  },
  "features.denseblock4.denselayer3.conv1.weight": {
    "max": 0.5321973562240601,
    "mean": 0.19668142249541623
  },
  "features.denseblock4.denselayer3.conv2.weight": {
    "max": 0.4005316197872162,
    "mean": 0.14050433599523135
  },
  "features.denseblock4.denselayer3.norm1.bias": {
    "max": 0.02066279575228691,
    "mean": 0.007522084749237235
  },
  "features.denseblock4.denselayer3.norm1.weight": {
    "max": 0.04377717897295952,
    "mean": 0.015554235628140824
  },
  "features.denseblock4.denselayer3.norm2.bias": {
    "max": 0.021610384806990623,
    "mean": 0.00622703937580809
  },
  "features.denseblock4.denselayer3.norm2.weight": {
    "max": 0.025975750759243965,
    "mean": 0.009022215975980673
  },
  "features.denseblock4.denselayer4.conv1.weight": {
    "max": 0.6294388771057129,
    "mean": 0.20055196028734956
  },
  "features.denseblock4.denselayer4.conv2.weight": {
    "max": 0.3574644923210144,
    "mean": 0.12141580451812063
  },
  "features.denseblock4.denselayer4.norm1.bias": {
    "max": 0.021218139678239822,
    "mean": 0.006075860483438841
  },
  "features.denseblock4.denselayer4.norm1.weight": {
    "max": 0.03625804930925369,