{
  "classifier.bias": {
    "max": 0.05194865167140961,
    "mean": 0.012855338628536888
  },
  "classifier.weight": {
    "max": 1.451076865196228,
    "mean": 0.3105758738730635
  },
  "features.denseblock4.denselayer1.conv1.weight": {
    "max": 0.4837557077407837,
    "mean": 0.0809242017420807
  },
  "features.denseblock4.denselayer1.conv2.weight": {
    "max": 0.32057198882102966,
    "mean": 0.05316997292518084
  },
  "features.denseblock4.denselayer1.norm1.bias": {
    "max": 0.030299143865704536,
    "mean": 0.005239317792376304
  },
  "features.denseblock4.denselayer1.norm1.weight": {
    "max": 0.06283611059188843,
    "mean": 0.010854899805438306
  },
  "features.denseblock4.denselayer1.norm2.bias": {
    "max": 0.02436652220785618,
    "mean": 0.0035035587020268264
  },
  "features.denseblock4.denselayer1.norm2.weight": {
    "max": 0.032312728464603424,
    "mean": 0.004925459094977538
  },
  "features.denseblock4.denselayer10.conv1.weight": {
    "max": 0.46190109848976135,
    "mean": 0.06789350288121827
  },
  "features.denseblock4.denselayer10.conv2.weight": {
    "max": 0.13805735111236572,
    "mean": 0.02563534733706287
  },
  "features.denseblock4.denselayer10.norm1.bias": {
    "max": 0.01692829839885235,
    "mean": 0.002586908029749923
  },
  "features.denseblock4.denselayer10.norm1.weight": {
    "max": 0.039860013872385025,
    "mean": 0.005388815439405984
  },
  "features.denseblock4.denselayer10.norm2.bias": {
    "max": 0.024761637672781944,
    "mean": 0.003759310043782794
  },
  "features.denseblock4.denselayer10.norm2.weight": {
    "max": 0.060769759118556976,
    "mean": 0.008284783435519784
  },
  "features.denseblock4.denselayer11.conv1.weight": {
    "max": 0.7765448093414307,
    "mean": 0.0879608785174787
  },
  "features.denseblock4.denselayer11.conv2.weight": {
    "max": 0.21321076154708862,
    "mean": 0.030866382436028548
  },
  "features.denseblock4.denselayer11.norm1.bias": {
    "max": 0.03327036276459694,
    "mean": 0.0032197257489107347
  },
  "features.denseblock4.denselayer11.norm1.weight": {
    "max": 0.06897939741611481,
    "mean": 0.0068018346104405025
  },
  "features.denseblock4.denselayer11.norm2.bias": {
    "max": 0.04953939840197563,
    "mean": 0.005414728231096108
  },
  "features.denseblock4.denselayer11.norm2.weight": {
    "max": 0.12949781119823456,
    "mean": 0.013836036091504087
  },
  "features.denseblock4.denselayer12.conv1.weight": {
    "max": 0.48137974739074707,
    "mean": 0.061369293060685906
  },
  "features.denseblock4.denselayer12.conv2.weight": {
    "max": 0.1419472098350525,
    "mean": 0.021577193013259343
  },
  "features.denseblock4.denselayer12.norm1.bias": {
    "max": 0.015104512684047222,
    "mean": 0.0022275476663240366
  },
  "features.denseblock4.denselayer12.norm1.weight": {
    "max": 0.03894786536693573,
    "mean": 0.0047303593644340124
  },
  "features.denseblock4.denselayer12.norm2.bias": {
    "max": 0.027869312092661858,
    "mean": 0.003424271181491869
  },
  "features.denseblock4.denselayer12.norm2.weight": {
    "max": 0.05765487998723984,
    "mean": 0.008030435064408396
  },
  "features.denseblock4.denselayer13.conv1.weight": {
    "max": 0.43849384784698486,
    "mean": 0.057761714356685326
  },
  "features.denseblock4.denselayer13.conv2.weight": {
    "max": 0.10338068008422852,
    "mean": 0.018677001989313536
  },
  "features.denseblock4.denselayer13.norm1.bias": {
    "max": 0.017731696367263794,
    "mean": 0.002032268620657435
  },
  "features.denseblock4.denselayer13.norm1.weight": {
    "max": 0.0362764336168766,
    "mean": 0.0043633003923709375
  },
  "features.denseblock4.denselayer13.norm2.bias": {
    "max": 0.024895165115594864,
    "mean": 0.003425201917873762
  },
  "features.denseblock4.denselayer13.norm2.weight": {
    "max": 0.059769146144390106,
    "mean": 0.008314027215570344
  },
  "features.denseblock4.denselayer14.conv1.weight": {
    "max": 0.4243629276752472,
    "mean": 0.060414101967055885
  },
  "features.denseblock4.denselayer14.conv2.weight": {
    "max": 0.15683495998382568,
    "mean": 0.023042674167414328
  },
  "features.denseblock4.denselayer14.norm1.bias": {
    "max": 0.018961643800139427,
    "mean": 0.002536613602819021
  },
  "features.denseblock4.denselayer14.norm1.weight": {
    "max": 0.0403672531247139,
    "mean": 0.005595681977034214
  },
  "features.denseblock4.denselayer14.norm2.bias": {
    "max": 0.029555166140198708,
    "mean": 0.0035344220967713875
  },
  "features.denseblock4.denselayer14.norm2.weight": {
    "max": 0.06626427173614502,
    "mean": 0.008059098851351467
  },
  "features.denseblock4.denselayer15.conv1.weight": {
    "max": 0.5224264860153198,
    "mean": 0.06772701430134476
  },
  "features.denseblock4.denselayer15.conv2.weight": {
    "max": 0.14978629350662231,
    "mean": 0.0250993767131253
  },
  "features.denseblock4.denselayer15.norm1.bias": {
    "max": 0.018635915592312813,
    "mean": 0.00271775695152298
  },
  "features.denseblock4.denselayer15.norm1.weight": {
    "max": 0.048667460680007935,
    "mean": 0.005905591189844667
  },
  "features.denseblock4.denselayer15.norm2.bias": {
    "max": 0.02392626740038395,
    "mean": 0.004254516011652803
  },
  "features.denseblock4.denselayer15.norm2.weight": {
    "max": 0.06233876943588257,
    "mean": 0.009921273084723257
  },
  "features.denseblock4.denselayer16.conv1.weight": {
    "max": 0.6394121050834656,
    "mean": 0.06794467038208885
  },
  "features.denseblock4.denselayer16.conv2.weight": {
    "max": 0.24575474858283997,
    "mean": 0.02468478427734226
  },
  "features.denseblock4.denselayer16.norm1.bias": {
    "max": 0.026158921420574188,
    "mean": 0.002504425489875887
  },
  "features.denseblock4.denselayer16.norm1.weight": {
    "max": 0.05898430570960045,
    "mean": 0.0056762736888984885
  },
  "features.denseblock4.denselayer16.norm2.bias": {
    "max": 0.07245266437530518,
    "mean": 0.004554124921227672
  },
  "features.denseblock4.denselayer16.norm2.weight": {
    "max": 0.2205386906862259,
    "mean": 0.011874563728010148
  },
  "features.denseblock4.denselayer2.conv1.weight": {
    "max": 0.5196413993835449,
    "mean": 0.07594144417372133
  },
  "features.denseblock4.denselayer2.conv2.weight": {
    "max": 0.3767171800136566,
    "mean": 0.05210816132702998
  },
  "features.denseblock4.denselayer2.norm1.bias": {
    "max": 0.030352750793099403,
    "mean": 0.004471554876987024
  },
  "features.denseblock4.denselayer2.norm1.weight": {
    "max": 0.062486398965120316,
    "mean": 0.009211238434904121
  },
  "features.denseblock4.denselayer2.norm2.bias": {
    "max": 0.025179602205753326,
    "mean": 0.0036170549039213386
  },
  "features.denseblock4.denselayer2.norm2.weight": {
    "max": 0.042352426797151566,
    "mean": 0.005631236620081056
  },
  "features.denseblock4.denselayer3.conv1.weight": {
    "max": 0.5931105017662048,
    "mean": 0.06915490983985365
  },
  "features.denseblock4.denselayer3.conv2.weight": {
    "max": 0.40583497285842896,
    "mean": 0.047179353621655276
  },
  "features.denseblock4.denselayer3.norm1.bias": {
    "max": 0.030078966170549393,
    "mean": 0.00381024132690592
  },
  "features.denseblock4.denselayer3.norm1.weight": {
    "max": 0.06527714431285858,
    "mean": 0.00792205902814333
  },
  "features.denseblock4.denselayer3.norm2.bias": {
    "max": 0.020855560898780823,
    "mean": 0.0027255421817036613
  },
  "features.denseblock4.denselayer3.norm2.weight": {
    "max": 0.0362665094435215,
    "mean": 0.0040989341167317304
  },
  "features.denseblock4.denselayer4.conv1.weight": {
    "max": 0.4853103458881378,
    "mean": 0.06601230021167015
  },
  "features.denseblock4.denselayer4.conv2.weight": {
    "max": 0.26464611291885376,
    "mean": 0.04069273537823132
  },
  "features.denseblock4.denselayer4.norm1.bias": {
    "max": 0.02167413756251335,
    "mean": 0.0027030472073654114
  },