{
  "classifier.bias": {
    "max": 0.09586160629987717,
    "mean": 0.03414065938442946
  },
  "classifier.weight": {
    "max": 2.0574774742126465,
    "mean": 0.8385110824235849
  },
  "features.denseblock4.denselayer1.conv1.weight": {
    "max": 0.7117663025856018,
    "mean": 0.21083863292953797
  },
  "features.denseblock4.denselayer1.conv2.weight": {
    "max": 0.40446412563323975,
    "mean": 0.13759154358080455
  },
  "features.denseblock4.denselayer1.norm1.bias": {
    "max": 0.039463311433792114,
    "mean": 0.010939713355952075
  },
  "features.denseblock4.denselayer1.norm1.weight": {
    "max": 0.07890034466981888,
    "mean": 0.022314660445387876
  },
  "features.denseblock4.denselayer1.norm2.bias": {
    "max": 0.024852978065609932,
    "mean": 0.007381709415931255
  },
  "features.denseblock4.denselayer1.norm2.weight": {
    "max": 0.038393136113882065,
    "mean": 0.010494571930529283
  },
  "features.denseblock4.denselayer10.conv1.weight": {
    "max": 0.4845310151576996,
    "mean": 0.16812478223017283
  },
  "features.denseblock4.denselayer10.conv2.weight": {
    "max": 0.2063705176115036,
    "mean": 0.07015797376898783
  },
  "features.denseblock4.denselayer10.norm1.bias": {
    "max": 0.014387987554073334,
    "mean": 0.00488370756518894
  },
  "features.denseblock4.denselayer10.norm1.weight": {
    "max": 0.03926289826631546,
    "mean": 0.010701984243600497
  },
  "features.denseblock4.denselayer10.norm2.bias": {
    "max": 0.025206906720995903,
    "mean": 0.007521881739209806
  },
  "features.denseblock4.denselayer10.norm2.weight": {
    "max": 0.06391146779060364,
    "mean": 0.016470488705672325
  },
  "features.denseblock4.denselayer11.conv1.weight": {
    "max": 0.6025541424751282,
    "mean": 0.16923295568142618
  },
  "features.denseblock4.denselayer11.conv2.weight": {
    "max": 0.2111339122056961,
    "mean": 0.06920607422079358
  },
  "features.denseblock4.denselayer11.norm1.bias": {
    "max": 0.013300660997629166,
    "mean": 0.004297658857290766
  },
  "features.denseblock4.denselayer11.norm1.weight": {
    "max": 0.0335853174328804,
    "mean": 0.010105805883649737
  },
  "features.denseblock4.denselayer11.norm2.bias": {
    "max": 0.030274489894509315,
    "mean": 0.007142765352036804
  },
  "features.denseblock4.denselayer11.norm2.weight": {
    "max": 0.07855343818664551,
    "mean": 0.01737799605820328
  },
  "features.denseblock4.denselayer12.conv1.weight": {
    "max": 0.4993547797203064,
    "mean": 0.141456634439528
  },
  "features.denseblock4.denselayer12.conv2.weight": {
    "max": 0.17369461059570312,
    "mean": 0.05493394850753248
  },
  "features.denseblock4.denselayer12.norm1.bias": {
    "max": 0.014218864031136036,
    "mean": 0.003701523153161231
  },
  "features.denseblock4.denselayer12.norm1.weight": {
    "max": 0.03363124653697014,
    "mean": 0.008294977653671855
  },
  "features.denseblock4.denselayer12.norm2.bias": {
    "max": 0.025934668257832527,
    "mean": 0.006003602388414687
  },
  "features.denseblock4.denselayer12.norm2.weight": {
    "max": 0.05683252960443497,
    "mean": 0.014013160137193543
  },
  "features.denseblock4.denselayer13.conv1.weight": {
    "max": 0.5300807356834412,
    "mean": 0.15355342294488633
  },
  "features.denseblock4.denselayer13.conv2.weight": {
    "max": 0.22074316442012787,
    "mean": 0.05601785006267684
  },
  "features.denseblock4.denselayer13.norm1.bias": {
    "max": 0.012602812610566616,
    "mean": 0.0038137532461301558
  },
  "features.denseblock4.denselayer13.norm1.weight": {
    "max": 0.028449619188904762,
    "mean": 0.008640306385100952
  },
  "features.denseblock4.denselayer13.norm2.bias": {
    "max": 0.02006024867296219,
    "mean": 0.006478622208815068
  },
  "features.denseblock4.denselayer13.norm2.weight": {
    "max": 0.050955284386873245,
    "mean": 0.016258547456402865
  },
  "features.denseblock4.denselayer14.conv1.weight": {
    "max": 0.4681098461151123,
    "mean": 0.14040663559255856
  },
  "features.denseblock4.denselayer14.conv2.weight": {
    "max": 0.1890636682510376,
    "mean": 0.055149751473218205
  },
  "features.denseblock4.denselayer14.norm1.bias": {
    "max": 0.014833466149866581,
    "mean": 0.004167829863311324
  },
  "features.denseblock4.denselayer14.norm1.weight": {
    "max": 0.039676230400800705,
    "mean": 0.009891046108677984
  },
  "features.denseblock4.denselayer14.norm2.bias": {
    "max": 0.022692309692502022,
    "mean": 0.00575808431870038
  },
  "features.denseblock4.denselayer14.norm2.weight": {
    "max": 0.04353062063455582,
    "mean": 0.012773097505393837
  },
  "features.denseblock4.denselayer15.conv1.weight": {
    "max": 0.4026927649974823,
    "mean": 0.14314484022557736
  },
  "features.denseblock4.denselayer15.conv2.weight": {
    "max": 0.2113075703382492,
    "mean": 0.057347822222592576
  },
  "features.denseblock4.denselayer15.norm1.bias": {
    "max": 0.011827481910586357,
    "mean": 0.004045839372889271
  },
  "features.denseblock4.denselayer15.norm1.weight": {
    "max": 0.030322756618261337,
    "mean": 0.009427615912365062
  },
  "features.denseblock4.denselayer15.norm2.bias": {
    "max": 0.02142716757953167,
    "mean": 0.006206325443428276
  },
  "features.denseblock4.denselayer15.norm2.weight": {
    "max": 0.058717064559459686,
    "mean": 0.014644234849007003
  },
  "features.denseblock4.denselayer16.conv1.weight": {
    "max": 0.5465928912162781,
    "mean": 0.16107020580875023
  },
  "features.denseblock4.denselayer16.conv2.weight": {
    "max": 0.22065061330795288,
    "mean": 0.06025280011817813
  },
  "features.denseblock4.denselayer16.norm1.bias": {
    "max": 0.013289914466440678,
    "mean": 0.004168889156509457
  },
  "features.denseblock4.denselayer16.norm1.weight": {
    "max": 0.04426668956875801,
    "mean": 0.010441592637715595
  },
  "features.denseblock4.denselayer16.norm2.bias": {
    "max": 0.022021353244781494,
    "mean": 0.0068839463388680345
  },
  "features.denseblock4.denselayer16.norm2.weight": {
    "max": 0.06751959770917892,
    "mean": 0.017572556323970534
  },
  "features.denseblock4.denselayer2.conv1.weight": {
    "max": 0.4896279275417328,
    "mean": 0.18457441325166396
  },
  "features.denseblock4.denselayer2.conv2.weight": {
    "max": 0.32772740721702576,
    "mean": 0.13109893211296628
  },
  "features.denseblock4.denselayer2.norm1.bias": {
    "max": 0.021893154829740524,
    "mean": 0.007873550554172003
  },
  "features.denseblock4.denselayer2.norm1.weight": {
    "max": 0.04528624191880226,
    "mean": 0.015663025894734475
  },
  "features.denseblock4.denselayer2.norm2.bias": {
    "max": 0.025570843368768692,
    "mean": 0.0072047225124801375
  },
  "features.denseblock4.denselayer2.norm2.weight": {
    "max": 0.033320553600788116,
    "mean": 0.01071916308353788
  },
  "features.denseblock4.denselayer3.conv1.weight": {
    "max": 0.4436502754688263,
    "mean": 0.16249687284231185
  },
  "features.denseblock4.denselayer3.conv2.weight": {
    "max": 0.3198544979095459,
    "mean": 0.11543414475662368
  },
  "features.denseblock4.denselayer3.norm1.bias": {
    "max": 0.01818506419658661,
    "mean": 0.006435027903810676
  },
  "features.denseblock4.denselayer3.norm1.weight": {
    "max": 0.0392213873565197,
    "mean": 0.013447357934367445
  },
  "features.denseblock4.denselayer3.norm2.bias": {
    "max": 0.01416265219449997,
    "mean": 0.005250526297438358
  },
  "features.denseblock4.denselayer3.norm2.weight": {
    "max": 0.021891525015234947,
    "mean": 0.0075392120707380985
  },
  "features.denseblock4.denselayer4.conv1.weight": {
    "max": 0.487766832113266,
    "mean": 0.17694019384682177
  },
  "features.denseblock4.denselayer4.conv2.weight": {
    "max": 0.2963552176952362,
    "mean": 0.10524804801014917
  },
  "features.denseblock4.denselayer4.norm1.bias": {
    "max": 0.016757549718022346,
    "mean": 0.005576229260436126
  },