{
  "classifier.bias": {
    "max": 0.10885724425315857,
    "mean": 0.012025514654461793
  },
  "classifier.weight": {
    "max": 2.1369993686676025,
    "mean": 0.282648627159984
  },
  "features.denseblock4.denselayer1.conv1.weight": {
    "max": 0.4068394601345062,
    "mean": 0.053458196666657125
  },
  "features.denseblock4.denselayer1.conv2.weight": {
    "max": 0.22159376740455627,
    "mean": 0.03633243673123486
  },
  "features.denseblock4.denselayer1.norm1.bias": {
    "max": 0.03653954342007637,
    "mean": 0.004605981950777017
  },
  "features.denseblock4.denselayer1.norm1.weight": {
    "max": 0.07773048430681229,
    "mean": 0.009515839025500879
  },
  "features.denseblock4.denselayer1.norm2.bias": {
    "max": 0.019693536683917046,
    "mean": 0.0029495140510386723
  },
  "features.denseblock4.denselayer1.norm2.weight": {
    "max": 0.03118915669620037,
    "mean": 0.0041794622664331526
  },
  "features.denseblock4.denselayer10.conv1.weight": {
    "max": 0.4739193916320801,
    "mean": 0.06171712502754027
  },
  "features.denseblock4.denselayer10.conv2.weight": {
    "max": 0.15420256555080414,
    "mean": 0.02441418895327453
  },
  "features.denseblock4.denselayer10.norm1.bias": {
    "max": 0.02779940702021122,
    "mean": 0.00337122657227675
  },
  "features.denseblock4.denselayer10.norm1.weight": {
    "max": 0.05202818289399147,
    "mean": 0.006671992316675771
  },
  "features.denseblock4.denselayer10.norm2.bias": {
    "max": 0.04870099201798439,
    "mean": 0.005033371898638767
  },
  "features.denseblock4.denselayer10.norm2.weight": {
    "max": 0.11135461926460266,
    "mean": 0.011335006115269997
  },
  "features.denseblock4.denselayer11.conv1.weight": {
    "max": 0.4990769624710083,
    "mean": 0.06475810275329942
  },
  "features.denseblock4.denselayer11.conv2.weight": {
    "max": 0.14805138111114502,
    "mean": 0.024781021208078267
  },
  "features.denseblock4.denselayer11.norm1.bias": {
    "max": 0.0214058980345726,
    "mean": 0.002956525874033105
  },
  "features.denseblock4.denselayer11.norm1.weight": {
    "max": 0.04926501214504242,
    "mean": 0.0062204422285555795
  },
  "features.denseblock4.denselayer11.norm2.bias": {
    "max": 0.04111093655228615,
    "mean": 0.00525477184263374
  },
  "features.denseblock4.denselayer11.norm2.weight": {
    "max": 0.11495806276798248,
    "mean": 0.013844975453976076
  },
  "features.denseblock4.denselayer12.conv1.weight": {
    "max": 0.42699384689331055,
    "mean": 0.05193825793835068
  },
  "features.denseblock4.denselayer12.conv2.weight": {
    "max": 0.19927094876766205,
    "mean": 0.018469126211067693
  },
  "features.denseblock4.denselayer12.norm1.bias": {
    "max": 0.019225401803851128,
    "mean": 0.0024847418862659
  },
  "features.denseblock4.denselayer12.norm1.weight": {
    "max": 0.041424840688705444,
    "mean": 0.005169820733187537
  },
  "features.denseblock4.denselayer12.norm2.bias": {
    "max": 0.03335122391581535,
    "mean": 0.0038917164078780585
  },
  "features.denseblock4.denselayer12.norm2.weight": {
    "max": 0.08542879670858383,
    "mean": 0.00933827027969528
  },
  "features.denseblock4.denselayer13.conv1.weight": {
    "max": 0.3725398778915405,
    "mean": 0.052030784614201235
  },
  "features.denseblock4.denselayer13.conv2.weight": {
    "max": 0.13093698024749756,
    "mean": 0.01811148035019869
  },
  "features.denseblock4.denselayer13.norm1.bias": {
    "max": 0.01764969900250435,
    "mean": 0.002368910235044106
  },
  "features.denseblock4.denselayer13.norm1.weight": {
    "max": 0.03771555796265602,
    "mean": 0.005094586537078223
  },
  "features.denseblock4.denselayer13.norm2.bias": {
    "max": 0.033007364720106125,
    "mean": 0.004211567832265116
  },
  "features.denseblock4.denselayer13.norm2.weight": {
    "max": 0.08932990580797195,
    "mean": 0.01049958877941078
  },
  "features.denseblock4.denselayer14.conv1.weight": {
    "max": 0.5171909928321838,
    "mean": 0.054216800095829444
  },
  "features.denseblock4.denselayer14.conv2.weight": {
    "max": 0.18187521398067474,
    "mean": 0.02043825254276661
  },
  "features.denseblock4.denselayer14.norm1.bias": {
    "max": 0.03263954818248749,
    "mean": 0.0030434329350412423
  },
  "features.denseblock4.denselayer14.norm1.weight": {
    "max": 0.074501633644104,
    "mean": 0.0065863057627679415
  },
  "features.denseblock4.denselayer14.norm2.bias": {
    "max": 0.04750693216919899,
    "mean": 0.0041939983674404045
  },
  "features.denseblock4.denselayer14.norm2.weight": {
    "max": 0.1436654031276703,
    "mean": 0.010047432545657752
  },
  "features.denseblock4.denselayer15.conv1.weight": {
    "max": 0.5322940349578857,
    "mean": 0.056371631614414844
  },
  "features.denseblock4.denselayer15.conv2.weight": {
    "max": 0.23223662376403809,
    "mean": 0.02122151408348665
  },
  "features.denseblock4.denselayer15.norm1.bias": {
    "max": 0.03169413283467293,
    "mean": 0.0030352559041473015
  },
  "features.denseblock4.denselayer15.norm1.weight": {
    "max": 0.06205395981669426,
    "mean": 0.006367849604617472
  },
  "features.denseblock4.denselayer15.norm2.bias": {
    "max": 0.04121759161353111,
    "mean": 0.00468024080880111
  },
  "features.denseblock4.denselayer15.norm2.weight": {
    "max": 0.10318160057067871,
    "mean": 0.011039617337186688
  },
  "features.denseblock4.denselayer16.conv1.weight": {
    "max": 0.5385110974311829,
    "mean": 0.059612906776684606
  },
  "features.denseblock4.denselayer16.conv2.weight": {
    "max": 0.14959891140460968,
    "mean": 0.019625363907897347
  },
  "features.denseblock4.denselayer16.norm1.bias": {
    "max": 0.03230717033147812,
    "mean": 0.002933823375393071
  },
  "features.denseblock4.denselayer16.norm1.weight": {
    "max": 0.06898193061351776,
    "mean": 0.006251644159502965
  },
  "features.denseblock4.denselayer16.norm2.bias": {
    "max": 0.07242046296596527,
    "mean": 0.005285459446318522
  },
  "features.denseblock4.denselayer16.norm2.weight": {
    "max": 0.19747698307037354,
    "mean": 0.013318236088816776
  },
  "features.denseblock4.denselayer2.conv1.weight": {
    "max": 0.6885983943939209,
    "mean": 0.054718033580575136
  },
  "features.denseblock4.denselayer2.conv2.weight": {
    "max": 0.29183340072631836,
    "mean": 0.03773412736889441
  },
  "features.denseblock4.denselayer2.norm1.bias": {
    "max": 0.05400073528289795,
    "mean": 0.004266940765457028
  },
  "features.denseblock4.denselayer2.norm1.weight": {
    "max": 0.11278971284627914,
    "mean": 0.008794217309748222
  },
  "features.denseblock4.denselayer2.norm2.bias": {
    "max": 0.04365508630871773,
    "mean": 0.003262021888461147
  },
  "features.denseblock4.denselayer2.norm2.weight": {
    "max": 0.09342476725578308,
    "mean": 0.005185467402479844
  },
  "features.denseblock4.denselayer3.conv1.weight": {
    "max": 0.3537665903568268,
    "mean": 0.049888214386301116
  },
  "features.denseblock4.denselayer3.conv2.weight": {
    "max": 0.2095862179994583,
    "mean": 0.03295807218362045
  },
  "features.denseblock4.denselayer3.norm1.bias": {
    "max": 0.027855170890688896,
    "mean": 0.003953247122013376
  },
  "features.denseblock4.denselayer3.norm1.weight": {
    "max": 0.06055435910820961,
    "mean": 0.008253903302206059
  },
  "features.denseblock4.denselayer3.norm2.bias": {
    "max": 0.01655428484082222,
    "mean": 0.002455893641469759
  },
  "features.denseblock4.denselayer3.norm2.weight": {
    "max": 0.025960486382246017,
    "mean": 0.003560046513755099
  },
  "features.denseblock4.denselayer4.conv1.weight": {
    "max": 0.33122488856315613,
    "mean": 0.04848668196646031
  },
  "features.denseblock4.denselayer4.conv2.weight": {
    "max": 0.1658213883638382,
    "mean": 0.028140575263449655
  },
  "features.denseblock4.denselayer4.norm1.bias": {
    "max": 0.02292039431631565,
    "mean": 0.0028052701647850752
  },