{
  "classifier.bias": {
    "max": 0.06786427646875381,
    "mean": 0.014614364987106195
  },
  "classifier.weight": {
    "max": 1.5661587715148926,
    "mean": 0.34937832138900243
  },
  "features.denseblock4.denselayer1.conv1.weight": {
    "max": 0.4299164116382599,
    "mean": 0.08234016773157886
  },
  "features.denseblock4.denselayer1.conv2.weight": {
    "max": 0.28579941391944885,
    "mean": 0.05323724159904356
  },
  "features.denseblock4.denselayer1.norm1.bias": {
    "max": 0.030369359999895096,
    "mean": 0.0050283349333663605
  },
  "features.denseblock4.denselayer1.norm1.weight": {
    "max": 0.060671668499708176,
    "mean": 0.010564968371597518
  },
  "features.denseblock4.denselayer1.norm2.bias": {
    "max": 0.018074752762913704,
    "mean": 0.003337435278018737
  },
  "features.denseblock4.denselayer1.norm2.weight": {
    "max": 0.02447611466050148,
    "mean": 0.0045914017837328305
  },
  "features.denseblock4.denselayer10.conv1.weight": {
    "max": 0.5227798223495483,
    "mean": 0.07949338619530733
  },
  "features.denseblock4.denselayer10.conv2.weight": {
    "max": 0.23004308342933655,
    "mean": 0.03059263979483928
  },
  "features.denseblock4.denselayer10.norm1.bias": {
    "max": 0.02157587744295597,
    "mean": 0.0029898264265336497
  },
  "features.denseblock4.denselayer10.norm1.weight": {
    "max": 0.041020166128873825,
    "mean": 0.006046317663442876
  },
  "features.denseblock4.denselayer10.norm2.bias": {
    "max": 0.03526466339826584,
    "mean": 0.004531780326339815
  },
  "features.denseblock4.denselayer10.norm2.weight": {
    "max": 0.08662955462932587,
    "mean": 0.010200854521161611
  },
  "features.denseblock4.denselayer11.conv1.weight": {
    "max": 0.4466467797756195,
    "mean": 0.07541518412663469
  },
  "features.denseblock4.denselayer11.conv2.weight": {
    "max": 0.1708149015903473,
    "mean": 0.029958214963387166
  },
  "features.denseblock4.denselayer11.norm1.bias": {
    "max": 0.01630421169102192,
    "mean": 0.0024726474413598355
  },
  "features.denseblock4.denselayer11.norm1.weight": {
    "max": 0.043907176703214645,
    "mean": 0.005516648554642286
  },
  "features.denseblock4.denselayer11.norm2.bias": {
    "max": 0.020352482795715332,
    "mean": 0.00437312752573884
  },
  "features.denseblock4.denselayer11.norm2.weight": {
    "max": 0.056373801082372665,
    "mean": 0.01072962676291354
  },
  "features.denseblock4.denselayer12.conv1.weight": {
    "max": 0.3991526663303375,
    "mean": 0.060640822398875444
  },
  "features.denseblock4.denselayer12.conv2.weight": {
    "max": 0.13948971033096313,
    "mean": 0.023158008049774383
  },
  "features.denseblock4.denselayer12.norm1.bias": {
    "max": 0.014430277980864048,
    "mean": 0.0021129912184551358
  },
  "features.denseblock4.denselayer12.norm1.weight": {
    "max": 0.03929790109395981,
    "mean": 0.004449163343774021
  },
  "features.denseblock4.denselayer12.norm2.bias": {
    "max": 0.029473941773176193,
    "mean": 0.0034952921313898904
  },
  "features.denseblock4.denselayer12.norm2.weight": {
    "max": 0.061313822865486145,
    "mean": 0.00799807691713795
  },
  "features.denseblock4.denselayer13.conv1.weight": {
    "max": 0.3804529309272766,
    "mean": 0.061081615814140865
  },
  "features.denseblock4.denselayer13.conv2.weight": {
    "max": 0.1287303864955902,
    "mean": 0.022311620295180808
  },
  "features.denseblock4.denselayer13.norm1.bias": {
    "max": 0.013786013238132,
    "mean": 0.0019926484847175223
  },
  "features.denseblock4.denselayer13.norm1.weight": {
    "max": 0.025951102375984192,
    "mean": 0.0042202291710834415
  },
  "features.denseblock4.denselayer13.norm2.bias": {
    "max": 0.024381427094340324,
    "mean": 0.003563532119234359
  },
  "features.denseblock4.denselayer13.norm2.weight": {
    "max": 0.05897751823067665,
    "mean": 0.008806800051326199
  },
  "features.denseblock4.denselayer14.conv1.weight": {
    "max": 0.5481573343276978,
    "mean": 0.0688306352669107
  },
  "features.denseblock4.denselayer14.conv2.weight": {
    "max": 0.16172799468040466,
    "mean": 0.025132839019476834
  },
  "features.denseblock4.denselayer14.norm1.bias": {
    "max": 0.021964868530631065,
    "mean": 0.002681870118872861
  },
  "features.denseblock4.denselayer14.norm1.weight": {
    "max": 0.07071401178836823,
    "mean": 0.0060439509778266905
  },
  "features.denseblock4.denselayer14.norm2.bias": {
    "max": 0.034269317984580994,
    "mean": 0.003691517842983428
  },
  "features.denseblock4.denselayer14.norm2.weight": {
    "max": 0.07726777344942093,
    "mean": 0.00825597399421635
  },
  "features.denseblock4.denselayer15.conv1.weight": {
    "max": 0.4004749059677124,
    "mean": 0.06564246050414763
  },
  "features.denseblock4.denselayer15.conv2.weight": {
    "max": 0.2181505709886551,
    "mean": 0.02593052808228614
  },
  "features.denseblock4.denselayer15.norm1.bias": {
    "max": 0.015701841562986374,
    "mean": 0.002393534982069728
  },
  "features.denseblock4.denselayer15.norm1.weight": {
    "max": 0.033737391233444214,
    "mean": 0.005150265690546284
  },
  "features.denseblock4.denselayer15.norm2.bias": {
    "max": 0.02538568526506424,
    "mean": 0.0037104398886939243
  },
  "features.denseblock4.denselayer15.norm2.weight": {
    "max": 0.05615152791142464,
    "mean": 0.008561475545450645
  },
  "features.denseblock4.denselayer16.conv1.weight": {
    "max": 0.5651600956916809,
    "mean": 0.07010750920511782
  },
  "features.denseblock4.denselayer16.conv2.weight": {
    "max": 0.2075595259666443,
    "mean": 0.02470510372492884
  },
  "features.denseblock4.denselayer16.norm1.bias": {
    "max": 0.01739918440580368,
    "mean": 0.002397469884661924
  },
  "features.denseblock4.denselayer16.norm1.weight": {
    "max": 0.045909278094768524,
    "mean": 0.0056357551924884315
  },
  "features.denseblock4.denselayer16.norm2.bias": {
    "max": 0.024923766031861305,
    "mean": 0.003972275964416829
  },
  "features.denseblock4.denselayer16.norm2.weight": {
    "max": 0.07771477848291397,
    "mean": 0.01009947514851644
  },
  "features.denseblock4.denselayer2.conv1.weight": {
    "max": 0.41979414224624634,
    "mean": 0.07585159520618617
  },
  "features.denseblock4.denselayer2.conv2.weight": {
    "max": 0.28330865502357483,
    "mean": 0.05261611866764724
  },
  "features.denseblock4.denselayer2.norm1.bias": {
    "max": 0.028795991092920303,
    "mean": 0.004167715369923306
  },
  "features.denseblock4.denselayer2.norm1.weight": {
    "max": 0.05126597359776497,
    "mean": 0.008317269127749438
  },
  "features.denseblock4.denselayer2.norm2.bias": {
    "max": 0.028772221878170967,
    "mean": 0.0034928012430568093
  },
  "features.denseblock4.denselayer2.norm2.weight": {
    "max": 0.027888458222150803,
    "mean": 0.0051697545975080824
  },
  "features.denseblock4.denselayer3.conv1.weight": {
    "max": 0.3692409098148346,
    "mean": 0.06594914575772626
  },
  "features.denseblock4.denselayer3.conv2.weight": {
    "max": 0.22058384120464325,
    "mean": 0.045328314517890766
  },
  "features.denseblock4.denselayer3.norm1.bias": {
    "max": 0.01941012218594551,
    "mean": 0.003418824003809797
  },
  "features.denseblock4.denselayer3.norm1.weight": {
    "max": 0.04204174131155014,
    "mean": 0.007043734085746109
  },
  "features.denseblock4.denselayer3.norm2.bias": {
    "max": 0.01454473752528429,
    "mean": 0.0024749100588295344
  },
  "features.denseblock4.denselayer3.norm2.weight": {
    "max": 0.02294706553220749,
    "mean": 0.003705322492335524
  },
  "features.denseblock4.denselayer4.conv1.weight": {
    "max": 0.37762418389320374,
    "mean": 0.06992933294070619
  },
  "features.denseblock4.denselayer4.conv2.weight": {
    "max": 0.2052982598543167,
    "mean": 0.042629701609590225
  },
  "features.denseblock4.denselayer4.norm1.bias": {
    "max": 0.015909219160676003,
    "mean": 0.002797954581079206
  },