{
  "classifier.bias": {
    "max": 0.095772385597229,
    "mean": 0.014476530814094337
  },
  "classifier.weight": {
    "max": 1.8641654253005981,
    "mean": 0.34083892275446226
  },
  "features.denseblock4.denselayer1.conv1.weight": {
    "max": 0.5404267907142639,
    "mean": 0.07120451572151588
  },
  "features.denseblock4.denselayer1.conv2.weight": {
    "max": 0.3245866596698761,
    "mean": 0.04581867618353239
  },
  "features.denseblock4.denselayer1.norm1.bias": {
    "max": 0.03674791008234024,
    "mean": 0.005455907032467492
  },
  "features.denseblock4.denselayer1.norm1.weight": {
    "max": 0.08847318589687347,
    "mean": 0.011528558925575843
  },
  "features.denseblock4.denselayer1.norm2.bias": {
    "max": 0.025209907442331314,
    "mean": 0.003595006266841665
  },
  "features.denseblock4.denselayer1.norm2.weight": {
    "max": 0.04126819968223572,
    "mean": 0.0050993591656151695
  },
  "features.denseblock4.denselayer10.conv1.weight": {
    "max": 0.5337367057800293,
    "mean": 0.07103216334844806
  },
  "features.denseblock4.denselayer10.conv2.weight": {
    "max": 0.20891273021697998,
    "mean": 0.028549844577043716
  },
  "features.denseblock4.denselayer10.norm1.bias": {
    "max": 0.023419857025146484,
    "mean": 0.0035146843609774286
  },
  "features.denseblock4.denselayer10.norm1.weight": {
    "max": 0.06919243186712265,
    "mean": 0.0071930093447943886
  },
  "features.denseblock4.denselayer10.norm2.bias": {
    "max": 0.046348825097084045,
    "mean": 0.005250866674177814
  },
  "features.denseblock4.denselayer10.norm2.weight": {
    "max": 0.08294551819562912,
    "mean": 0.011616378232720308
  },
  "features.denseblock4.denselayer11.conv1.weight": {
    "max": 0.6596013903617859,
    "mean": 0.07892741287459752
  },
  "features.denseblock4.denselayer11.conv2.weight": {
    "max": 0.19283097982406616,
    "mean": 0.029279365060085962
  },
  "features.denseblock4.denselayer11.norm1.bias": {
    "max": 0.028837034478783607,
    "mean": 0.0032531704274151706
  },
  "features.denseblock4.denselayer11.norm1.weight": {
    "max": 0.06896503269672394,
    "mean": 0.007009925004593762
  },
  "features.denseblock4.denselayer11.norm2.bias": {
    "max": 0.04877999424934387,
    "mean": 0.005655099574505584
  },
  "features.denseblock4.denselayer11.norm2.weight": {
    "max": 0.14595556259155273,
    "mean": 0.014781715621273698
  },
  "features.denseblock4.denselayer12.conv1.weight": {
    "max": 0.3642773926258087,
    "mean": 0.05905276417931808
  },
  "features.denseblock4.denselayer12.conv2.weight": {
    "max": 0.12824901938438416,
    "mean": 0.022366980088242727
  },
  "features.denseblock4.denselayer12.norm1.bias": {
    "max": 0.015797549858689308,
    "mean": 0.0026016881830374975
  },
  "features.denseblock4.denselayer12.norm1.weight": {
    "max": 0.03348545730113983,
    "mean": 0.005401203131727275
  },
  "features.denseblock4.denselayer12.norm2.bias": {
    "max": 0.02454601228237152,
    "mean": 0.003988153758816355
  },
  "features.denseblock4.denselayer12.norm2.weight": {
    "max": 0.06376980990171432,
    "mean": 0.00968706418261198
  },
  "features.denseblock4.denselayer13.conv1.weight": {
    "max": 0.414615660905838,
    "mean": 0.05888687630915748
  },
  "features.denseblock4.denselayer13.conv2.weight": {
    "max": 0.15016761422157288,
    "mean": 0.02142718722511615
  },
  "features.denseblock4.denselayer13.norm1.bias": {
    "max": 0.019673625007271767,
    "mean": 0.002486546168843883
  },
  "features.denseblock4.denselayer13.norm1.weight": {
    "max": 0.03967420011758804,
    "mean": 0.005254532164586375
  },
  "features.denseblock4.denselayer13.norm2.bias": {
    "max": 0.03520510345697403,
    "mean": 0.004421702969203969
  },
  "features.denseblock4.denselayer13.norm2.weight": {
    "max": 0.08744404464960098,
    "mean": 0.01095316016090302
  },
  "features.denseblock4.denselayer14.conv1.weight": {
    "max": 0.47579577565193176,
    "mean": 0.06352963141198935
  },
  "features.denseblock4.denselayer14.conv2.weight": {
    "max": 0.19192788004875183,
    "mean": 0.024752333373097436
  },
  "features.denseblock4.denselayer14.norm1.bias": {
    "max": 0.0188476350158453,
    "mean": 0.0031319062744608215
  },
  "features.denseblock4.denselayer14.norm1.weight": {
    "max": 0.04445803537964821,
    "mean": 0.006902805509827366
  },
  "features.denseblock4.denselayer14.norm2.bias": {
    "max": 0.02820225991308689,
    "mean": 0.004155561657618299
  },
  "features.denseblock4.denselayer14.norm2.weight": {
    "max": 0.06727810204029083,
    "mean": 0.009706100288853383
  },
  "features.denseblock4.denselayer15.conv1.weight": {
    "max": 0.5243885517120361,
    "mean": 0.06655586776922325
  },
  "features.denseblock4.denselayer15.conv2.weight": {
    "max": 0.1609071046113968,
    "mean": 0.02481552213530189
  },
  "features.denseblock4.denselayer15.norm1.bias": {
    "max": 0.02894936129450798,
    "mean": 0.0032610846551584215
  },
  "features.denseblock4.denselayer15.norm1.weight": {
    "max": 0.06882583349943161,
    "mean": 0.006904757858303908
  },
  "features.denseblock4.denselayer15.norm2.bias": {
    "max": 0.0443052276968956,
    "mean": 0.005007182297745853
  },
  "features.denseblock4.denselayer15.norm2.weight": {
    "max": 0.09057749062776566,
    "mean": 0.011682713581165963
  },
  "features.denseblock4.denselayer16.conv1.weight": {
    "max": 0.5371126532554626,
    "mean": 0.07120670506098707
  },
  "features.denseblock4.denselayer16.conv2.weight": {
    "max": 0.1719990372657776,
    "mean": 0.025835132314075183
  },
  "features.denseblock4.denselayer16.norm1.bias": {
    "max": 0.025151897221803665,
    "mean": 0.003222589809988027
  },
  "features.denseblock4.denselayer16.norm1.weight": {
    "max": 0.06346946954727173,
    "mean": 0.007466381445306719
  },
  "features.denseblock4.denselayer16.norm2.bias": {
    "max": 0.041064050048589706,
    "mean": 0.005382374835483331
  },
  "features.denseblock4.denselayer16.norm2.weight": {
    "max": 0.10524231195449829,
    "mean": 0.013442105494323186
  },
  "features.denseblock4.denselayer2.conv1.weight": {
    "max": 0.6573482751846313,
    "mean": 0.06501061166570123
  },
  "features.denseblock4.denselayer2.conv2.weight": {
    "max": 0.4060688018798828,
    "mean": 0.04507312049024871
  },
  "features.denseblock4.denselayer2.norm1.bias": {
    "max": 0.03844670578837395,
    "mean": 0.004396728131417019
  },
  "features.denseblock4.denselayer2.norm1.weight": {
    "max": 0.07934997230768204,
    "mean": 0.009035905030697384
  },
  "features.denseblock4.denselayer2.norm2.bias": {
    "max": 0.029997466132044792,
    "mean": 0.003400003949749849
  },
  "features.denseblock4.denselayer2.norm2.weight": {
    "max": 0.056372079998254776,
    "mean": 0.005266296745477511
  },
  "features.denseblock4.denselayer3.conv1.weight": {
    "max": 0.41949787735939026,
    "mean": 0.058043597107753156
  },
  "features.denseblock4.denselayer3.conv2.weight": {
    "max": 0.26715323328971863,
    "mean": 0.04004583928700803
  },
  "features.denseblock4.denselayer3.norm1.bias": {
    "max": 0.027782082557678223,
    "mean": 0.003983629163599939
  },
  "features.denseblock4.denselayer3.norm1.weight": {
    "max": 0.054087650030851364,
    "mean": 0.008177447432244663
  },
  "features.denseblock4.denselayer3.norm2.bias": {
    "max": 0.018788499757647514,
    "mean": 0.0026268542462743686
  },
  "features.denseblock4.denselayer3.norm2.weight": {
    "max": 0.034081585705280304,
    "mean": 0.003964038137741487
  },
  "features.denseblock4.denselayer4.conv1.weight": {
    "max": 0.40876370668411255,
    "mean": 0.05873057118783306
  },
  "features.denseblock4.denselayer4.conv2.weight": {
    "max": 0.21856895089149475,
    "mean": 0.035231774991012314
  },
  "features.denseblock4.denselayer4.norm1.bias": {
    "max": 0.021588675677776337,
    "mean": 0.0029930207915562536
  },