{
  "classifier.bias": {
    "max": 0.051351986825466156,
    "mean": 0.01171346265473403
  },
  "classifier.weight": {
    "max": 1.3952007293701172,
    "mean": 0.2893148771221084
  },
  "features.denseblock4.denselayer1.conv1.weight": {
    "max": 0.3806193768978119,
    "mean": 0.06762625978128718
  },
  "features.denseblock4.denselayer1.conv2.weight": {
    "max": 0.25480660796165466,
    "mean": 0.043995545980786636
  },
  "features.denseblock4.denselayer1.norm1.bias": {
    "max": 0.024955080822110176,
    "mean": 0.004393594316123719
  },
  "features.denseblock4.denselayer1.norm1.weight": {
    "max": 0.05488671362400055,
    "mean": 0.00889062255828841
  },
  "features.denseblock4.denselayer1.norm2.bias": {
    "max": 0.016445884481072426,
    "mean": 0.002826466832235123
  },
  "features.denseblock4.denselayer1.norm2.weight": {
    "max": 0.026613686233758926,
    "mean": 0.003916295558447018
  },
  "features.denseblock4.denselayer10.conv1.weight": {
    "max": 0.5261502861976624,
    "mean": 0.05821782037815345
  },
  "features.denseblock4.denselayer10.conv2.weight": {
    "max": 0.18582254648208618,
    "mean": 0.023505241315412734
  },
  "features.denseblock4.denselayer10.norm1.bias": {
    "max": 0.025506090372800827,
    "mean": 0.0022834571487328503
  },
  "features.denseblock4.denselayer10.norm1.weight": {
    "max": 0.046962570399045944,
    "mean": 0.004616732520641692
  },
  "features.denseblock4.denselayer10.norm2.bias": {
    "max": 0.03387828171253204,
    "mean": 0.0037040227239568983
  },
  "features.denseblock4.denselayer10.norm2.weight": {
    "max": 0.08631140738725662,
    "mean": 0.007767214198663298
  },
  "features.denseblock4.denselayer11.conv1.weight": {
    "max": 0.435332715511322,
    "mean": 0.0631982027094013
  },
  "features.denseblock4.denselayer11.conv2.weight": {
    "max": 0.17861981689929962,
    "mean": 0.024183473530824163
  },
  "features.denseblock4.denselayer11.norm1.bias": {
    "max": 0.015524727292358875,
    "mean": 0.0021586118358910816
  },
  "features.denseblock4.denselayer11.norm1.weight": {
    "max": 0.03289296105504036,
    "mean": 0.004723890271520109
  },
  "features.denseblock4.denselayer11.norm2.bias": {
    "max": 0.024618428200483322,
    "mean": 0.0036998934931554168
  },
  "features.denseblock4.denselayer11.norm2.weight": {
    "max": 0.06217629835009575,
    "mean": 0.00936785112825289
  },
  "features.denseblock4.denselayer12.conv1.weight": {
    "max": 0.6924275159835815,
    "mean": 0.06323329936114273
  },
  "features.denseblock4.denselayer12.conv2.weight": {
    "max": 0.22327497601509094,
    "mean": 0.02334589270808335
  },
  "features.denseblock4.denselayer12.norm1.bias": {
    "max": 0.026091113686561584,
    "mean": 0.002282288024809012
  },
  "features.denseblock4.denselayer12.norm1.weight": {
    "max": 0.0615440309047699,
    "mean": 0.004753474030959686
  },
  "features.denseblock4.denselayer12.norm2.bias": {
    "max": 0.04959498345851898,
    "mean": 0.0038862474460204664
  },
  "features.denseblock4.denselayer12.norm2.weight": {
    "max": 0.13855485618114471,
    "mean": 0.00933680476396278
  },
  "features.denseblock4.denselayer13.conv1.weight": {
    "max": 0.6735517382621765,
    "mean": 0.06294704433863184
  },
  "features.denseblock4.denselayer13.conv2.weight": {
    "max": 0.213592067360878,
    "mean": 0.021276822885265573
  },
  "features.denseblock4.denselayer13.norm1.bias": {
    "max": 0.019818386062979698,
    "mean": 0.0021212812837828614
  },
  "features.denseblock4.denselayer13.norm1.weight": {
    "max": 0.05384806543588638,
    "mean": 0.004655751479856138
  },
  "features.denseblock4.denselayer13.norm2.bias": {
    "max": 0.03674667701125145,
    "mean": 0.0037762274649451553
  },
  "features.denseblock4.denselayer13.norm2.weight": {
    "max": 0.1071428656578064,
    "mean": 0.009258584868512117
  },
  "features.denseblock4.denselayer14.conv1.weight": {
    "max": 0.3712903559207916,
    "mean": 0.04816201686992177
  },
  "features.denseblock4.denselayer14.conv2.weight": {
    "max": 0.1282755583524704,
    "mean": 0.01967698333219492
  },
  "features.denseblock4.denselayer14.norm1.bias": {
    "max": 0.013620669953525066,
    "mean": 0.001954202894828216
  },
  "features.denseblock4.denselayer14.norm1.weight": {
    "max": 0.03787121921777725,
    "mean": 0.0041862742011185864
  },
  "features.denseblock4.denselayer14.norm2.bias": {
    "max": 0.022872868925333023,
    "mean": 0.002726579535145512
  },
  "features.denseblock4.denselayer14.norm2.weight": {
    "max": 0.04777558520436287,
    "mean": 0.006116394065902569
  },
  "features.denseblock4.denselayer15.conv1.weight": {
    "max": 0.397546648979187,
    "mean": 0.05093946126954896
  },
  "features.denseblock4.denselayer15.conv2.weight": {
    "max": 0.14567825198173523,
    "mean": 0.019328011406219696
  },
  "features.denseblock4.denselayer15.norm1.bias": {
    "max": 0.019192542880773544,
    "mean": 0.0020290740752534476
  },
  "features.denseblock4.denselayer15.norm1.weight": {
    "max": 0.051911547780036926,
    "mean": 0.004293034927270907
  },
  "features.denseblock4.denselayer15.norm2.bias": {
    "max": 0.02561773546040058,
    "mean": 0.0032202083025601627
  },
  "features.denseblock4.denselayer15.norm2.weight": {
    "max": 0.0658935084939003,
    "mean": 0.00731370272073296
  },
  "features.denseblock4.denselayer16.conv1.weight": {
    "max": 0.28431305289268494,
    "mean": 0.05366894455826176
  },
  "features.denseblock4.denselayer16.conv2.weight": {
    "max": 0.15063223242759705,
    "mean": 0.020619688391618964
  },
  "features.denseblock4.denselayer16.norm1.bias": {
    "max": 0.013793306425213814,
    "mean": 0.0019173713305956751
  },
  "features.denseblock4.denselayer16.norm1.weight": {
    "max": 0.026549872010946274,
    "mean": 0.004287056773693101
  },
  "features.denseblock4.denselayer16.norm2.bias": {
    "max": 0.02301139198243618,
    "mean": 0.003501761078618334
  },
  "features.denseblock4.denselayer16.norm2.weight": {
    "max": 0.06387565284967422,
    "mean": 0.008644731479746821
  },
  "features.denseblock4.denselayer2.conv1.weight": {
    "max": 0.40666118264198303,
    "mean": 0.06356262636470741
  },
  "features.denseblock4.denselayer2.conv2.weight": {
    "max": 0.322085440158844,
    "mean": 0.044925467724180115
  },
  "features.denseblock4.denselayer2.norm1.bias": {
    "max": 0.021012816578149796,
    "mean": 0.0034212740459978316
  },
  "features.denseblock4.denselayer2.norm1.weight": {
    "max": 0.03870689868927002,
    "mean": 0.007020731769028186
  },
  "features.denseblock4.denselayer2.norm2.bias": {
    "max": 0.01624991185963154,
    "mean": 0.0028958026858994603
  },
  "features.denseblock4.denselayer2.norm2.weight": {
    "max": 0.03203001245856285,
    "mean": 0.004407565862264684
  },
  "features.denseblock4.denselayer3.conv1.weight": {
    "max": 0.38575074076652527,
    "mean": 0.05785492992361209
  },
  "features.denseblock4.denselayer3.conv2.weight": {
    "max": 0.26426488161087036,
    "mean": 0.039990217728274206
  },
  "features.denseblock4.denselayer3.norm1.bias": {
    "max": 0.015735939145088196,
    "mean": 0.003041377008298046
  },
  "features.denseblock4.denselayer3.norm1.weight": {
    "max": 0.03430839627981186,
    "mean": 0.006196028209607383
  },
  "features.denseblock4.denselayer3.norm2.bias": {
    "max": 0.012909301556646824,
    "mean": 0.0022306469624267526
  },
  "features.denseblock4.denselayer3.norm2.weight": {
    "max": 0.021820034831762314,
    "mean": 0.003236784864628654
  },
  "features.denseblock4.denselayer4.conv1.weight": {
    "max": 0.4049709141254425,
    "mean": 0.06292226467348103
  },
  "features.denseblock4.denselayer4.conv2.weight": {
    "max": 0.2227451205253601,
    "mean": 0.03785428544539692
  },
  "features.denseblock4.denselayer4.norm1.bias": {
    "max": 0.017819181084632874,
    "mean": 0.002665388990613532
  },