{
  "bn1.bias": {
    "max": 0.08619537204504013,
    "mean": 0.02783183792206858
  },
  "bn1.weight": {
    "max": 0.26644352078437805,
    "mean": 0.10889111562498978
  },
  "conv1.weight": {
    "max": 1.7747935056686401,
    "mean": 0.6102061036229134
  },
  "fc.bias": {
    "max": 0.15810814499855042,
    "mean": 0.06667350100619453
  },
  "fc.weight": {
    "max": 2.61147403717041,
    "mean": 1.0440579483338766
  },
  "layer1.0.bn1.bias": {
    "max": 0.06763269752264023,
    "mean": 0.024756106035783886
  },
  "layer1.0.bn1.weight": {
    "max": 0.08696691691875458,
    "mean": 0.03412271002839719
  },
  "layer1.0.bn2.bias": {
    "max": 0.06788290292024612,
    "mean": 0.02229458070227078
  },
  "layer1.0.bn2.weight": {
    "max": 0.1646673083305359,
    "mean": 0.05078077485518796
  },
  "layer1.0.bn3.bias": {
    "max": 0.11562376469373703,
    "mean": 0.05125608673585313
  },
  "layer1.0.bn3.weight": {
    "max": 0.3242097496986389,
    "mean": 0.126547482434128
  },
  "layer1.0.conv1.weight": {
    "max": 0.4834269881248474,
    "mean": 0.17380397158009667
  },
  "layer1.0.conv2.weight": {
    "max": 0.8529388904571533,
    "mean": 0.22019109873899392
  },
  "layer1.0.conv3.weight": {
    "max": 0.5776422619819641,
    "mean": 0.1937089467793703
  },
  "layer1.0.downsample.0.weight": {
    "max": 0.8629017472267151,
    "mean": 0.40853903410690173
  },
  "layer1.0.downsample.1.bias": {
    "max": 0.11562376469373703,
    "mean": 0.05125608673585313
  },
  "layer1.0.downsample.1.weight": {
    "max": 0.3031245470046997,
    "mean": 0.12006286963288273
  },
  "layer1.1.bn1.bias": {
    "max": 0.08480793982744217,
    "mean": 0.032976527091647896
  },
  "layer1.1.bn1.weight": {
    "max": 0.10546890646219254,
    "mean": 0.04526850588353617
  },
  "layer1.1.bn2.bias": {
    "max": 0.035259686410427094,
    "mean": 0.014770219052609588
  },
  "layer1.1.bn2.weight": {
    "max": 0.0966937318444252,
    "mean": 0.02858181591012648
  },
  "layer1.1.bn3.bias": {
    "max": 0.08095846325159073,
    "mean": 0.036926572511770894
  },
  "layer1.1.bn3.weight": {
    "max": 0.2949971854686737,
    "mean": 0.08842888634119715
  },
  "layer1.1.conv1.weight": {
    "max": 0.2601698338985443,
    "mean": 0.09029332373823439
  },
  "layer1.1.conv2.weight": {
    "max": 0.28005462884902954,
    "mean": 0.10277043190385614
  },
  "layer1.1.conv3.weight": {
    "max": 0.7132709622383118,
    "mean": 0.11936685302427837
  },
  "layer1.2.bn1.bias": {
    "max": 0.02376130409538746,
    "mean": 0.010772198710058417
  },
  "layer1.2.bn1.weight": {
    "max": 0.045678213238716125,
    "mean": 0.018044924520488295
  },
  "layer1.2.bn2.bias": {
    "max": 0.020170383155345917,
    "mean": 0.009521684737077781
  },
  "layer1.2.bn2.weight": {
    "max": 0.03966107219457626,
    "mean": 0.017442562151700258
  },
  "layer1.2.bn3.bias": {
    "max": 0.0531388558447361,
    "mean": 0.024612012963209834
  },
  "layer1.2.bn3.weight": {
    "max": 0.09872091561555862,
    "mean": 0.048841887696513105
  },
  "layer1.2.conv1.weight": {
    "max": 0.3093396723270416,
    "mean": 0.08446934494589056
  },
  "layer1.2.conv2.weight": {
    "max": 0.2620640695095062,
    "mean": 0.09152759339128222
  },
  "layer1.2.conv3.weight": {
    "max": 0.207231804728508,
    "mean": 0.08961214959089245
  },
  "layer2.0.bn1.bias": {
    "max": 0.03721921145915985,
    "mean": 0.018551807144124594
  },
  "layer2.0.bn1.weight": {
    "max": 0.058357592672109604,
    "mean": 0.026652266779648406
  },
  "layer2.0.bn2.bias": {
    "max": 0.020725689828395844,
    "mean": 0.009897228798030743
  },
  "layer2.0.bn2.weight": {
    "max": 0.052169542759656906,
    "mean": 0.02195006491350276
  },
  "layer2.0.bn3.bias": {
    "max": 0.03630894422531128,
    "mean": 0.01752642168264304
  },
  "layer2.0.bn3.weight": {
    "max": 0.055742789059877396,
    "mean": 0.026620737806494748
  },
  "layer2.0.conv1.weight": {
    "max": 0.4090055823326111,
    "mean": 0.1476276647405965
  },
  "layer2.0.conv2.weight": {
    "max": 0.1888149231672287,
    "mean": 0.09390317860990763
  },
  "layer2.0.conv3.weight": {
    "max": 0.2813118100166321,
    "mean": 0.13196867175400256
  },
  "layer2.0.downsample.0.weight": {
    "max": 0.33292293548583984,
    "mean": 0.12274830196584974
  },
  "layer2.0.downsample.1.bias": {
    "max": 0.03630894422531128,
    "mean": 0.01752642168264304
  },
  "layer2.0.downsample.1.weight": {
    "max": 0.05946603789925575,
    "mean": 0.026512421289724964
  },
  "layer2.1.bn1.bias": {
    "max": 0.04670892655849457,
    "mean": 0.017556576329682553
  },
  "layer2.1.bn1.weight": {
    "max": 0.061820775270462036,
    "mean": 0.026876161482983402
  },
  "layer2.1.bn2.bias": {
    "max": 0.04064987972378731,
    "mean": 0.016949791804488214
  },
  "layer2.1.bn2.weight": {
    "max": 0.04650436341762543,
    "mean": 0.023132831667150768
  },
  "layer2.1.bn3.bias": {
    "max": 0.03342537209391594,
    "mean": 0.01562808668240905
  },
  "layer2.1.bn3.weight": {
    "max": 0.046236179769039154,
    "mean": 0.022868675677371875
  },
  "layer2.1.conv1.weight": {
    "max": 0.22513502836227417,
    "mean": 0.079407260290214
  },
  "layer2.1.conv2.weight": {
    "max": 0.28887906670570374,
    "mean": 0.1276687598654202
  },
  "layer2.1.conv3.weight": {
    "max": 0.24437911808490753,
    "mean": 0.11392080908375127
  },
  "layer2.2.bn1.bias": {
    "max": 0.04638084024190903,
    "mean": 0.02022662647600685
  },
  "layer2.2.bn1.weight": {
    "max": 0.06654766201972961,
    "mean": 0.029139827479209218
  },
  "layer2.2.bn2.bias": {
    "max": 0.03800264745950699,
    "mean": 0.014137539720561887
  },
  "layer2.2.bn2.weight": {
    "max": 0.06488103419542313,
    "mean": 0.023959367808752827
  },
  "layer2.2.bn3.bias": {
    "max": 0.03156626224517822,
    "mean": 0.014234205629410489
  },
  "layer2.2.bn3.weight": {
    "max": 0.061515189707279205,
    "mean": 0.0239222110049533
  },
  "layer2.2.conv1.weight": {
    "max": 0.15259915590286255,
    "mean": 0.07403752181146826
  },
  "layer2.2.conv2.weight": {
    "max": 0.2986130118370056,
    "mean": 0.10872106412691729
  },
  "layer2.2.conv3.weight": {
    "max": 0.29577895998954773,
    "mean": 0.11586033745535783
  },
  "layer2.3.bn1.bias": {
    "max": 0.03336140513420105,
    "mean": 0.015341072058571237
  },
  "layer2.3.bn1.weight": {
    "max": 0.050623342394828796,
    "mean": 0.023918057517813784
  },
  "layer2.3.bn2.bias": {
    "max": 0.031129924580454826,
    "mean": 0.014436891308453466
  },
  "layer2.3.bn2.weight": {
    "max": 0.05292695760726929,
    "mean": 0.02391106965153345
  },
  "layer2.3.bn3.bias": {
    "max": 0.027230914682149887,
    "mean": 0.012054881483449468
  },
  "layer2.3.bn3.weight": {
    "max": 0.051112305372953415,
    "mean": 0.02209879145026207
  },
  "layer2.3.conv1.weight": {
    "max": 0.18271085619926453,
    "mean": 0.08966978676617146
  },
  "layer2.3.conv2.weight": {
    "max": 0.2067570686340332,
    "mean": 0.08643634772194284
  },
  "layer2.3.conv3.weight": {
    "max": 0.22194594144821167,
    "mean": 0.09419539672987802
  },
  "layer3.0.bn1.bias": {
    "max": 0.053433842957019806,
    "mean": 0.02460646929086319
  },
  "layer3.0.bn1.weight": {
    "max": 0.07698372006416321,
    "mean": 0.03613028301724366
  },
  "layer3.0.bn2.bias": {
    "max": 0.019087739288806915,
    "mean": 0.01001169567794672
  },
  "layer3.0.bn2.weight": {
    "max": 0.0422491580247879,
    "mean": 0.01880802249269826
  },
  "layer3.0.bn3.bias": {
    "max": 0.03639299422502518,
    "mean": 0.017475417928238
  },
  "layer3.0.bn3.weight": {
    "max": 0.056675300002098083,
    "mean": 0.026094622710453614
  },
  "layer3.0.conv1.weight": {
    "max": 0.3196893334388733,
    "mean": 0.1475576128065586
  },
  "layer3.0.conv2.weight": {
    "max": 0.17701658606529236,
    "mean": 0.08265227584434406
  },
  "layer3.0.conv3.weight": {
    "max": 0.22201484441757202,
    "mean": 0.10948854500693934
  },