{
  "bn1.bias": {
    "max": 0.06795394420623779,
    "mean": 0.016384520919195244
  },
  "bn1.weight": {
    "max": 0.22373485565185547,
    "mean": 0.061870448703744585
  },
  "conv1.weight": {
    "max": 1.1081738471984863,
    "mean": 0.3249129483609327
  },
  "fc.bias": {
    "max": 0.09465155005455017,
    "mean": 0.03294833928014019
  },
  "fc.weight": {
    "max": 1.3341556787490845,
    "mean": 0.4938752130099705
  },
  "layer1.0.bn1.bias": {
    "max": 0.06737625598907471,
    "mean": 0.014215581197724012
  },
  "layer1.0.bn1.weight": {
    "max": 0.08921226114034653,
    "mean": 0.01917152776283079
  },
  "layer1.0.bn2.bias": {
    "max": 0.06766797602176666,
    "mean": 0.014527931143363405
  },
  "layer1.0.bn2.weight": {
    "max": 0.11783105880022049,
    "mean": 0.02831435454676726
  },
  "layer1.0.bn3.bias": {
    "max": 0.15106888115406036,
    "mean": 0.03192079870529207
  },
  "layer1.0.bn3.weight": {
    "max": 0.3536279797554016,
    "mean": 0.07672545083864991
  },
  "layer1.0.conv1.weight": {
    "max": 0.35713621973991394,
    "mean": 0.09010913084327643
  },
  "layer1.0.conv2.weight": {
    "max": 0.5428428649902344,
    "mean": 0.12775257966614195
  },
  "layer1.0.conv3.weight": {
    "max": 0.47907555103302,
    "mean": 0.10579641113722962
  },
  "layer1.0.downsample.0.weight": {
    "max": 0.7982735633850098,
    "mean": 0.23052632595013295
  },
  "layer1.0.downsample.1.bias": {
    "max": 0.15106888115406036,
    "mean": 0.03192079870529207
  },
  "layer1.0.downsample.1.weight": {
    "max": 0.33871015906333923,
    "mean": 0.07286045527817415
  },
  "layer1.1.bn1.bias": {
    "max": 0.10364554822444916,
    "mean": 0.019605912778726114
  },
  "layer1.1.bn1.weight": {
    "max": 0.11637689173221588,
    "mean": 0.027443994190211273
  },
  "layer1.1.bn2.bias": {
    "max": 0.03527209907770157,
    "mean": 0.009150077604239673
  },
  "layer1.1.bn2.weight": {
    "max": 0.0641145259141922,
    "mean": 0.01694186183740385
  },
  "layer1.1.bn3.bias": {
    "max": 0.10554758459329605,
    "mean": 0.02295140721835196
  },
  "layer1.1.bn3.weight": {
    "max": 0.21772798895835876,
    "mean": 0.052789786978225624
  },
  "layer1.1.conv1.weight": {
    "max": 0.21059349179267883,
    "mean": 0.05036270417938275
  },
  "layer1.1.conv2.weight": {
    "max": 0.23188096284866333,
    "mean": 0.06114407616334834
  },
  "layer1.1.conv3.weight": {
    "max": 0.26794520020484924,
    "mean": 0.06869611333922616
  },
  "layer1.2.bn1.bias": {
    "max": 0.035565223544836044,
    "mean": 0.00662678356523559
  },
  "layer1.2.bn1.weight": {
    "max": 0.046447161585092545,
    "mean": 0.010532061088680557
  },
  "layer1.2.bn2.bias": {
    "max": 0.02774224430322647,
    "mean": 0.005771259516103393
  },
  "layer1.2.bn2.weight": {
    "max": 0.053188569843769073,
    "mean": 0.010796255794703028
  },
  "layer1.2.bn3.bias": {
    "max": 0.06947430223226547,
    "mean": 0.015372018730766806
  },
  "layer1.2.bn3.weight": {
    "max": 0.12256792932748795,
    "mean": 0.029137381839100272
  },
  "layer1.2.conv1.weight": {
    "max": 0.207632377743721,
    "mean": 0.048718939864276244
  },
  "layer1.2.conv2.weight": {
    "max": 0.20618651807308197,
    "mean": 0.05471700384547668
  },
  "layer1.2.conv3.weight": {
    "max": 0.19772520661354065,
    "mean": 0.05366785948031715
  },
  "layer2.0.bn1.bias": {
    "max": 0.046541787683963776,
    "mean": 0.011472108214760997
  },
  "layer2.0.bn1.weight": {
    "max": 0.057758163660764694,
    "mean": 0.01646855297016113
  },
  "layer2.0.bn2.bias": {
    "max": 0.025891223922371864,
    "mean": 0.006124660858102808
  },
  "layer2.0.bn2.weight": {
    "max": 0.042634423822164536,
    "mean": 0.013482311598158308
  },
  "layer2.0.bn3.bias": {
    "max": 0.04575515165925026,
    "mean": 0.0106589456986902
  },
  "layer2.0.bn3.weight": {
    "max": 0.05681014433503151,
    "mean": 0.016564931769057045
  },
  "layer2.0.conv1.weight": {
    "max": 0.29124489426612854,
    "mean": 0.08683693029718208
  },
  "layer2.0.conv2.weight": {
    "max": 0.19554221630096436,
    "mean": 0.058322364632705494
  },
  "layer2.0.conv3.weight": {
    "max": 0.2739032506942749,
    "mean": 0.08035054171590933
  },
  "layer2.0.downsample.0.weight": {
    "max": 0.26580703258514404,
    "mean": 0.07464791060092726
  },
  "layer2.0.downsample.1.bias": {
    "max": 0.04575515165925026,
    "mean": 0.0106589456986902
  },
  "layer2.0.downsample.1.weight": {
    "max": 0.053352776914834976,
    "mean": 0.016258898135939878
  },
  "layer2.1.bn1.bias": {
    "max": 0.043265242129564285,
    "mean": 0.009945219402267997
  },
  "layer2.1.bn1.weight": {
    "max": 0.054054390639066696,
    "mean": 0.01508558058246438
  },
  "layer2.1.bn2.bias": {
    "max": 0.04242030531167984,
    "mean": 0.010414791389568044
  },
  "layer2.1.bn2.weight": {
    "max": 0.05219164490699768,
    "mean": 0.014174483040114864
  },
  "layer2.1.bn3.bias": {
    "max": 0.042492255568504333,
    "mean": 0.009520403817878104
  },
  "layer2.1.bn3.weight": {
    "max": 0.056962624192237854,
    "mean": 0.013753982541883099
  },
  "layer2.1.conv1.weight": {
    "max": 0.1753101348876953,
    "mean": 0.04408291492478124
  },
  "layer2.1.conv2.weight": {
    "max": 0.2821509838104248,
    "mean": 0.07281784942440156
  },
  "layer2.1.conv3.weight": {
    "max": 0.2555218040943146,
    "mean": 0.06589366823102215
  },
  "layer2.2.bn1.bias": {
    "max": 0.0491977296769619,
    "mean": 0.012260013134218753
  },
  "layer2.2.bn1.weight": {
    "max": 0.07508118450641632,
    "mean": 0.018240552294799792
  },
  "layer2.2.bn2.bias": {
    "max": 0.0355692133307457,
    "mean": 0.008732818557099174
  },
  "layer2.2.bn2.weight": {
    "max": 0.051201049238443375,
    "mean": 0.014864789220072063
  },
  "layer2.2.bn3.bias": {
    "max": 0.03924860432744026,
    "mean": 0.008744152747843015
  },
  "layer2.2.bn3.weight": {
    "max": 0.059550341218709946,
    "mean": 0.015070463759724848
  },
  "layer2.2.conv1.weight": {
    "max": 0.15920880436897278,
    "mean": 0.04473698104798261
  },
  "layer2.2.conv2.weight": {
    "max": 0.30673906207084656,
    "mean": 0.0651758797839284
  },
  "layer2.2.conv3.weight": {
    "max": 0.28809112310409546,
    "mean": 0.06982601938968791
  },
  "layer2.3.bn1.bias": {
    "max": 0.034417133778333664,
    "mean": 0.008793611691216938
  },
  "layer2.3.bn1.weight": {
    "max": 0.051850996911525726,
    "mean": 0.01386840055231005
  },
  "layer2.3.bn2.bias": {
    "max": 0.033247482031583786,
    "mean": 0.008964787532542167
  },
  "layer2.3.bn2.weight": {
    "max": 0.04997672140598297,
    "mean": 0.014714568892294276
  },
  "layer2.3.bn3.bias": {
    "max": 0.03229893371462822,
    "mean": 0.007527844067164032
  },
  "layer2.3.bn3.weight": {
    "max": 0.04900307208299637,
    "mean": 0.012613759845096086
  },
  "layer2.3.conv1.weight": {
    "max": 0.20971530675888062,
    "mean": 0.050560314379898566
  },
  "layer2.3.conv2.weight": {
    "max": 0.194774329662323,
    "mean": 0.051503271509094964
  },
  "layer2.3.conv3.weight": {
    "max": 0.20557543635368347,
    "mean": 0.05414858170585441
  },
  "layer3.0.bn1.bias": {
    "max": 0.05749870464205742,
    "mean": 0.01436155363551474
  },
  "layer3.0.bn1.weight": {
    "max": 0.0803985670208931,
    "mean": 0.022450683697991605
  },
  "layer3.0.bn2.bias": {
    "max": 0.022570189088582993,
    "mean": 0.006390911255397701
  },
  "layer3.0.bn2.weight": {
    "max": 0.03971774876117706,
    "mean": 0.012057658008000413
  },
  "layer3.0.bn3.bias": {
    "max": 0.04357162490487099,
    "mean": 0.011054500763005178
  },
  "layer3.0.bn3.weight": {
    "max": 0.06295593827962875,
    "mean": 0.01723377178955291
  },
  "layer3.0.conv1.weight": {
    "max": 0.32034730911254883,
    "mean": 0.08897312261962464
  },
  "layer3.0.conv2.weight": {
    "max": 0.19830311834812164,
    "mean": 0.053825628639065794
  },
  "layer3.0.conv3.weight": {
    "max": 0.25584933161735535,