{
  "bn1.bias": {
    "max": 0.048583634197711945,
    "mean": 0.007520935954442913
  },
  "bn1.weight": {
    "max": 0.251310795545578,
    "mean": 0.02558639264574075
  },
  "conv1.weight": {
    "max": 1.7289472818374634,
    "mean": 0.12819575045590423
  },
  "fc.bias": {
    "max": 0.07404910027980804,
    "mean": 0.015099812968193354
  },
  "fc.weight": {
    "max": 1.006104588508606,
    "mean": 0.1860379735706374
  },
  "layer1.0.bn1.bias": {
    "max": 0.040581490844488144,
    "mean": 0.005954569422153457
  },
  "layer1.0.bn1.weight": {
    "max": 0.059915028512477875,
    "mean": 0.008066645645012614
  },
  "layer1.0.bn2.bias": {
    "max": 0.052924994379282,
    "mean": 0.007677363775707948
  },
  "layer1.0.bn2.weight": {
    "max": 0.10565923154354095,
    "mean": 0.012808702916123106
  },
  "layer1.0.bn3.bias": {
    "max": 0.09401250630617142,
    "mean": 0.014158131535347951
  },
  "layer1.0.bn3.weight": {
    "max": 0.5388727188110352,
    "mean": 0.031151513400088465
  },
  "layer1.0.conv1.weight": {
    "max": 0.2882194519042969,
    "mean": 0.033246713573794946
  },
  "layer1.0.conv2.weight": {
    "max": 0.4992801249027252,
    "mean": 0.051140932840062304
  },
  "layer1.0.conv3.weight": {
    "max": 0.7543614506721497,
    "mean": 0.04590201700546978
  },
  "layer1.0.downsample.0.weight": {
    "max": 1.0321898460388184,
    "mean": 0.0968715304741636
  },
  "layer1.0.downsample.1.bias": {
    "max": 0.09401250630617142,
    "mean": 0.014158131535347951
  },
  "layer1.0.downsample.1.weight": {
    "max": 0.47811171412467957,
    "mean": 0.029182957532258504
  },
  "layer1.1.bn1.bias": {
    "max": 0.07807635515928268,
    "mean": 0.00885872908017648
  },
  "layer1.1.bn1.weight": {
    "max": 0.1938459724187851,
    "mean": 0.012202400709419246
  },
  "layer1.1.bn2.bias": {
    "max": 0.036617767065763474,
    "mean": 0.003993497527678431
  },
  "layer1.1.bn2.weight": {
    "max": 0.08829032629728317,
    "mean": 0.007571512725449533
  },
  "layer1.1.bn3.bias": {
    "max": 0.07239805161952972,
    "mean": 0.009775601056940754
  },
  "layer1.1.bn3.weight": {
    "max": 0.2520851194858551,
    "mean": 0.02382607185148767
  },
  "layer1.1.conv1.weight": {
    "max": 0.2089400738477707,
    "mean": 0.019946858570245758
  },
  "layer1.1.conv2.weight": {
    "max": 0.2411501556634903,
    "mean": 0.02684199207761724
  },
  "layer1.1.conv3.weight": {
    "max": 0.30969175696372986,
    "mean": 0.028532027230248787
  },
  "layer1.2.bn1.bias": {
    "max": 0.02494785375893116,
    "mean": 0.0031547342231247706
  },
  "layer1.2.bn1.weight": {
    "max": 0.04413633048534393,
    "mean": 0.0048687107041249485
  },
  "layer1.2.bn2.bias": {
    "max": 0.017516305670142174,
    "mean": 0.002605083306396929
  },
  "layer1.2.bn2.weight": {
    "max": 0.04252240061759949,
    "mean": 0.004862494313513577
  },
  "layer1.2.bn3.bias": {
    "max": 0.05020294338464737,
    "mean": 0.006841996184292449
  },
  "layer1.2.bn3.weight": {
    "max": 0.11864813417196274,
    "mean": 0.012855709875418272
  },
  "layer1.2.conv1.weight": {
    "max": 0.22087359428405762,
    "mean": 0.021493492793150444
  },
  "layer1.2.conv2.weight": {
    "max": 0.23169992864131927,
    "mean": 0.02430689722415991
  },
  "layer1.2.conv3.weight": {
    "max": 0.23747378587722778,
    "mean": 0.02369622863330213
  },
  "layer2.0.bn1.bias": {
    "max": 0.03340243548154831,
    "mean": 0.005139945557103991
  },
  "layer2.0.bn1.weight": {
    "max": 0.06218116357922554,
    "mean": 0.007391970354926473
  },
  "layer2.0.bn2.bias": {
    "max": 0.029622988775372505,
    "mean": 0.003052561166997683
  },
  "layer2.0.bn2.weight": {
    "max": 0.06591298431158066,
    "mean": 0.006363029988819368
  },
  "layer2.0.bn3.bias": {
    "max": 0.045120589435100555,
    "mean": 0.005091172889712782
  },
  "layer2.0.bn3.weight": {
    "max": 0.07468897104263306,
    "mean": 0.007906321562643695
  },
  "layer2.0.conv1.weight": {
    "max": 0.31545722484588623,
    "mean": 0.03469546024662642
  },
  "layer2.0.conv2.weight": {
    "max": 0.2645636200904846,
    "mean": 0.02565074461038291
  },
  "layer2.0.conv3.weight": {
    "max": 0.34561675786972046,
    "mean": 0.035631204494358304
  },
  "layer2.0.downsample.0.weight": {
    "max": 0.3930421471595764,
    "mean": 0.03517823530602202
  },
  "layer2.0.downsample.1.bias": {
    "max": 0.045120589435100555,
    "mean": 0.005091172889712782
  },
  "layer2.0.downsample.1.weight": {
    "max": 0.07345646619796753,
    "mean": 0.007726122745994612
  },
  "layer2.1.bn1.bias": {
    "max": 0.029023896902799606,
    "mean": 0.004406239695308614
  },
  "layer2.1.bn1.weight": {
    "max": 0.07595831900835037,
    "mean": 0.0072179504966438145
  },
  "layer2.1.bn2.bias": {
    "max": 0.03404548019170761,
    "mean": 0.005072228333655013
  },
  "layer2.1.bn2.weight": {
    "max": 0.0520261712372303,
    "mean": 0.006996594639391073
  },
  "layer2.1.bn3.bias": {
    "max": 0.04141612723469734,
    "mean": 0.004613328173581977
  },
  "layer2.1.bn3.weight": {
    "max": 0.06147078052163124,
    "mean": 0.006293038697081751
  },
  "layer2.1.conv1.weight": {
    "max": 0.17036356031894684,
    "mean": 0.019070233250635543
  },
  "layer2.1.conv2.weight": {
    "max": 0.2471991926431656,
    "mean": 0.0341916982582604
  },
  "layer2.1.conv3.weight": {
    "max": 0.2724441885948181,
    "mean": 0.02998837961083544
  },
  "layer2.2.bn1.bias": {
    "max": 0.04813343659043312,
    "mean": 0.005448275881842294
  },
  "layer2.2.bn1.weight": {
    "max": 0.08432850986719131,
    "mean": 0.008413065289246983
  },
  "layer2.2.bn2.bias": {
    "max": 0.06329163908958435,
    "mean": 0.004144761020527637
  },
  "layer2.2.bn2.weight": {
    "max": 0.13580913841724396,
    "mean": 0.0072958554743049065
  },
  "layer2.2.bn3.bias": {
    "max": 0.037535786628723145,
    "mean": 0.004276503947808773
  },
  "layer2.2.bn3.weight": {
    "max": 0.07399040460586548,
    "mean": 0.007199935092524226
  },
  "layer2.2.conv1.weight": {
    "max": 0.23627302050590515,
    "mean": 0.019803208962423793
  },
  "layer2.2.conv2.weight": {
    "max": 0.4197339713573456,
    "mean": 0.028882599770024952
  },
  "layer2.2.conv3.weight": {
    "max": 0.5141422748565674,
    "mean": 0.03224541193880474
  },
  "layer2.3.bn1.bias": {
    "max": 0.04605310410261154,
    "mean": 0.003942964733786149
  },
  "layer2.3.bn1.weight": {
    "max": 0.09060750901699066,
    "mean": 0.006661521963292866
  },
  "layer2.3.bn2.bias": {
    "max": 0.06601886451244354,
    "mean": 0.0042392584525389665
  },
  "layer2.3.bn2.weight": {
    "max": 0.11913207918405533,
    "mean": 0.0071259889246721286
  },
  "layer2.3.bn3.bias": {
    "max": 0.030372383072972298,
    "mean": 0.003718724459634229
  },
  "layer2.3.bn3.weight": {
    "max": 0.06412091851234436,
    "mean": 0.005307325271985195
  },
  "layer2.3.conv1.weight": {
    "max": 0.27537694573402405,
    "mean": 0.02068074611161137
  },
  "layer2.3.conv2.weight": {
    "max": 0.37282252311706543,
    "mean": 0.02297884071977543
  },
  "layer2.3.conv3.weight": {
    "max": 0.3407372236251831,
    "mean": 0.024179178993259224
  },
  "layer3.0.bn1.bias": {
    "max": 0.06670593470335007,
    "mean": 0.007287491190467595
  },
  "layer3.0.bn1.weight": {
    "max": 0.1430470049381256,
    "mean": 0.011941245516895184
  },
  "layer3.0.bn2.bias": {
    "max": 0.027910783886909485,
    "mean": 0.003258857234624364
  },
  "layer3.0.bn2.weight": {
    "max": 0.051189567893743515,
    "mean": 0.006213632761064219
  },
  "layer3.0.bn3.bias": {
    "max": 0.04160964488983154,
    "mean": 0.005346562948980136
  },
  "layer3.0.bn3.weight": {
    "max": 0.09106043726205826,
    "mean": 0.008774916099500842
  },
  "layer3.0.conv1.weight": {
    "max": 0.42743629217147827,
    "mean": 0.0414167861194749
  },
  "layer3.0.conv2.weight": {
    "max": 0.25545594096183777,
    "mean": 0.026195094603629385
  },
  "layer3.0.conv3.weight": {
    "max": 0.3354954123497009,