{
  "bn1.bias": {
    "max": 0.05581174045801163,
    "mean": 0.00697039616470907
  },
  "bn1.weight": {
    "max": 0.2128646820783615,
    "mean": 0.02539996602971639
  },
  "conv1.weight": {
    "max": 1.1791050434112549,
    "mean": 0.13238598934674103
  },
  "fc.bias": {
    "max": 0.08852195739746094,
    "mean": 0.015749464487390858
  },
  "fc.weight": {
    "max": 0.9693809151649475,
    "mean": 0.18216216496990195
  },
  "layer1.0.bn1.bias": {
    "max": 0.036838483065366745,
    "mean": 0.005795709576029497
  },
  "layer1.0.bn1.weight": {
    "max": 0.11110536009073257,
    "mean": 0.008858519553156969
  },
  "layer1.0.bn2.bias": {
    "max": 0.05697915330529213,
    "mean": 0.00662165436941515
  },
  "layer1.0.bn2.weight": {
    "max": 0.14505837857723236,
    "mean": 0.01302008322465034
  },
  "layer1.0.bn3.bias": {
    "max": 0.08627347648143768,
    "mean": 0.014084151670727546
  },
  "layer1.0.bn3.weight": {
    "max": 0.3685433268547058,
    "mean": 0.033671362578918757
  },
  "layer1.0.conv1.weight": {
    "max": 0.3258112072944641,
    "mean": 0.03679904451967949
  },
  "layer1.0.conv2.weight": {
    "max": 0.3735694885253906,
    "mean": 0.05325777719046788
  },
  "layer1.0.conv3.weight": {
    "max": 0.4322969615459442,
    "mean": 0.04708704436846477
  },
  "layer1.0.downsample.0.weight": {
    "max": 0.6857428550720215,
    "mean": 0.09785771101846226
  },
  "layer1.0.downsample.1.bias": {
    "max": 0.08627347648143768,
    "mean": 0.014084151670727546
  },
  "layer1.0.downsample.1.weight": {
    "max": 0.3527945876121521,
    "mean": 0.03195262312614692
  },
  "layer1.1.bn1.bias": {
    "max": 0.05864042043685913,
    "mean": 0.008349262118343696
  },
  "layer1.1.bn1.weight": {
    "max": 0.09034036099910736,
    "mean": 0.011644022732756899
  },
  "layer1.1.bn2.bias": {
    "max": 0.025283167138695717,
    "mean": 0.003872719051068998
  },
  "layer1.1.bn2.weight": {
    "max": 0.06103917583823204,
    "mean": 0.007664315809067505
  },
  "layer1.1.bn3.bias": {
    "max": 0.07379867136478424,
    "mean": 0.009674517967796418
  },
  "layer1.1.bn3.weight": {
    "max": 0.1968437135219574,
    "mean": 0.023445416344745482
  },
  "layer1.1.conv1.weight": {
    "max": 0.1956474632024765,
    "mean": 0.02028619750061937
  },
  "layer1.1.conv2.weight": {
    "max": 0.24498207867145538,
    "mean": 0.02772345464884503
  },
  "layer1.1.conv3.weight": {
    "max": 0.22215409576892853,
    "mean": 0.02843540366356527
  },
  "layer1.2.bn1.bias": {
    "max": 0.020774107426404953,
    "mean": 0.0031088818083247005
  },
  "layer1.2.bn1.weight": {
    "max": 0.04499904438853264,
    "mean": 0.004946683475510716
  },
  "layer1.2.bn2.bias": {
    "max": 0.0197810847312212,
    "mean": 0.0026405650632659672
  },
  "layer1.2.bn2.weight": {
    "max": 0.04767192155122757,
    "mean": 0.005289944178782337
  },
  "layer1.2.bn3.bias": {
    "max": 0.05189107730984688,
    "mean": 0.006636464794948032
  },
  "layer1.2.bn3.weight": {
    "max": 0.08422064781188965,
    "mean": 0.012419837492301928
  },
  "layer1.2.conv1.weight": {
    "max": 0.17627373337745667,
    "mean": 0.021965939822423803
  },
  "layer1.2.conv2.weight": {
    "max": 0.2001984715461731,
    "mean": 0.02558410073198112
  },
  "layer1.2.conv3.weight": {
    "max": 0.19175812602043152,
    "mean": 0.02444655170705768
  },
  "layer2.0.bn1.bias": {
    "max": 0.04450695216655731,
    "mean": 0.005245904565859486
  },
  "layer2.0.bn1.weight": {
    "max": 0.06937326490879059,
    "mean": 0.007894757063227838
  },
  "layer2.0.bn2.bias": {
    "max": 0.02756517380475998,
    "mean": 0.0030368336271411472
  },
  "layer2.0.bn2.weight": {
    "max": 0.05655156821012497,
    "mean": 0.006790168074990756
  },
  "layer2.0.bn3.bias": {
    "max": 0.03305521234869957,
    "mean": 0.005078680489179013
  },
  "layer2.0.bn3.weight": {
    "max": 0.06875303387641907,
    "mean": 0.008494654119692444
  },
  "layer2.0.conv1.weight": {
    "max": 0.3218469023704529,
    "mean": 0.03691344155630629
  },
  "layer2.0.conv2.weight": {
    "max": 0.22532767057418823,
    "mean": 0.027144694236256848
  },
  "layer2.0.conv3.weight": {
    "max": 0.32237014174461365,
    "mean": 0.0385170589369123
  },
  "layer2.0.downsample.0.weight": {
    "max": 0.26791542768478394,
    "mean": 0.03582658686741654
  },
  "layer2.0.downsample.1.bias": {
    "max": 0.03305521234869957,
    "mean": 0.005078680489179013
  },
  "layer2.0.downsample.1.weight": {
    "max": 0.05488061532378197,
    "mean": 0.008145684603992518
  },
  "layer2.1.bn1.bias": {
    "max": 0.029282500967383385,
    "mean": 0.0042508221079021625
  },
  "layer2.1.bn1.weight": {
    "max": 0.04681583493947983,
    "mean": 0.00709722488368113
  },
  "layer2.1.bn2.bias": {
    "max": 0.03978627547621727,
    "mean": 0.00492057479408686
  },
  "layer2.1.bn2.weight": {
    "max": 0.057233016937971115,
    "mean": 0.007177226418404774
  },
  "layer2.1.bn3.bias": {
    "max": 0.03128756582736969,
    "mean": 0.00457570568142858
  },
  "layer2.1.bn3.weight": {
    "max": 0.04249219223856926,
    "mean": 0.006179027346162391
  },
  "layer2.1.conv1.weight": {
    "max": 0.1744426190853119,
    "mean": 0.019479238082920868
  },
  "layer2.1.conv2.weight": {
    "max": 0.2601833939552307,
    "mean": 0.03340405628475959
  },
  "layer2.1.conv3.weight": {
    "max": 0.21249665319919586,
    "mean": 0.02970751287315839
  },
  "layer2.2.bn1.bias": {
    "max": 0.05733206868171692,
    "mean": 0.0056582372183662044
  },
  "layer2.2.bn1.weight": {
    "max": 0.09928694367408752,
    "mean": 0.008816307738764278
  },
  "layer2.2.bn2.bias": {
    "max": 0.02871033176779747,
    "mean": 0.0040131977567736095
  },
  "layer2.2.bn2.weight": {
    "max": 0.06385432183742523,
    "mean": 0.007099841291429974
  },
  "layer2.2.bn3.bias": {
    "max": 0.026132168248295784,
    "mean": 0.004231668128237029
  },
  "layer2.2.bn3.weight": {
    "max": 0.05959524214267731,
    "mean": 0.007598791376014041
  },
  "layer2.2.conv1.weight": {
    "max": 0.20304402709007263,
    "mean": 0.020401804219083195
  },
  "layer2.2.conv2.weight": {
    "max": 0.2545577883720398,
    "mean": 0.029067674426977257
  },
  "layer2.2.conv3.weight": {
    "max": 0.2676345109939575,
    "mean": 0.032543845368449446
  },
  "layer2.3.bn1.bias": {
    "max": 0.02959061786532402,
    "mean": 0.0037244344885091
  },
  "layer2.3.bn1.weight": {
    "max": 0.05107925087213516,
    "mean": 0.006159840890343601
  },
  "layer2.3.bn2.bias": {
    "max": 0.025731103494763374,
    "mean": 0.00402324154082245
  },
  "layer2.3.bn2.weight": {
    "max": 0.0527828224003315,
    "mean": 0.006920917795089606
  },
  "layer2.3.bn3.bias": {
    "max": 0.023481836542487144,
    "mean": 0.0037325224699140693
  },
  "layer2.3.bn3.weight": {
    "max": 0.04084029793739319,
    "mean": 0.005312875536307859
  },
  "layer2.3.conv1.weight": {
    "max": 0.15417903661727905,
    "mean": 0.020066671540262176
  },
  "layer2.3.conv2.weight": {
    "max": 0.1607503443956375,
    "mean": 0.022279784966958687
  },
  "layer2.3.conv3.weight": {
    "max": 0.1708248108625412,
    "mean": 0.02351759815863001
  },
  "layer3.0.bn1.bias": {
    "max": 0.05802840739488602,
    "mean": 0.007282108717627125
  },
  "layer3.0.bn1.weight": {
    "max": 0.1009075790643692,
    "mean": 0.012456757986510638
  },
  "layer3.0.bn2.bias": {
    "max": 0.027073122560977936,
    "mean": 0.003434645235548877
  },
  "layer3.0.bn2.weight": {
    "max": 0.05856529250741005,
    "mean": 0.006687354649038753
  },
  "layer3.0.bn3.bias": {
    "max": 0.02968546934425831,
    "mean": 0.005418558095802187
  },
  "layer3.0.bn3.weight": {
    "max": 0.06879308819770813,
    "mean": 0.009352283514038261
  },
  "layer3.0.conv1.weight": {
    "max": 0.36090734601020813,
    "mean": 0.04363777381401243
  },
  "layer3.0.conv2.weight": {
    "max": 0.2093653529882431,
    "mean": 0.02769491097898156
  },
  "layer3.0.conv3.weight": {
    "max": 0.2883223593235016,