{
  "bn1.bias": {
    "max": 0.0736803188920021,
    "mean": 0.013868268919842584
  },
  "bn1.weight": {
    "max": 0.21521803736686707,
    "mean": 0.045681696019933694
  },
  "conv1.weight": {
    "max": 1.5667225122451782,
    "mean": 0.24914949083700777
  },
  "fc.bias": {
    "max": 0.10216376185417175,
    "mean": 0.024375626997290446
  },
  "fc.weight": {
    "max": 1.340295433998108,
    "mean": 0.3407604277506471
  },
  "layer1.0.bn1.bias": {
    "max": 0.056185174733400345,
    "mean": 0.011109452656237409
  },
  "layer1.0.bn1.weight": {
    "max": 0.0927453264594078,
    "mean": 0.014996857903897763
  },
  "layer1.0.bn2.bias": {
    "max": 0.08439864218235016,
    "mean": 0.012236916496185586
  },
  "layer1.0.bn2.weight": {
    "max": 0.11891093850135803,
    "mean": 0.02195273745671979
  },
  "layer1.0.bn3.bias": {
    "max": 0.12314486503601074,
    "mean": 0.024556452558775033
  },
  "layer1.0.bn3.weight": {
    "max": 0.25664862990379333,
    "mean": 0.057130611333330826
  },
  "layer1.0.conv1.weight": {
    "max": 0.3686697483062744,
    "mean": 0.06866025119620775
  },
  "layer1.0.conv2.weight": {
    "max": 0.5327125787734985,
    "mean": 0.09407503926062158
  },
  "layer1.0.conv3.weight": {
    "max": 0.3797820210456848,
    "mean": 0.0763994644262961
  },
  "layer1.0.downsample.0.weight": {
    "max": 0.9920168519020081,
    "mean": 0.17893383067633425
  },
  "layer1.0.downsample.1.bias": {
    "max": 0.12314486503601074,
    "mean": 0.024556452558775033
  },
  "layer1.0.downsample.1.weight": {
    "max": 0.2321886569261551,
    "mean": 0.054070507825485295
  },
  "layer1.1.bn1.bias": {
    "max": 0.07574185729026794,
    "mean": 0.0154597935709171
  },
  "layer1.1.bn1.weight": {
    "max": 0.08326444029808044,
    "mean": 0.019920429964716147
  },
  "layer1.1.bn2.bias": {
    "max": 0.03143564611673355,
    "mean": 0.006918255385743188
  },
  "layer1.1.bn2.weight": {
    "max": 0.05799848213791847,
    "mean": 0.012523776511661708
  },
  "layer1.1.bn3.bias": {
    "max": 0.10011481493711472,
    "mean": 0.017202069349254348
  },
  "layer1.1.bn3.weight": {
    "max": 0.19096337258815765,
    "mean": 0.03913600799428033
  },
  "layer1.1.conv1.weight": {
    "max": 0.20797228813171387,
    "mean": 0.03854030178394169
  },
  "layer1.1.conv2.weight": {
    "max": 0.20950272679328918,
    "mean": 0.04551245845854282
  },
  "layer1.1.conv3.weight": {
    "max": 0.20703020691871643,
    "mean": 0.04878866915391492
  },
  "layer1.2.bn1.bias": {
    "max": 0.026325106620788574,
    "mean": 0.005401634230594417
  },
  "layer1.2.bn1.weight": {
    "max": 0.04948176443576813,
    "mean": 0.0089583631694716
  },
  "layer1.2.bn2.bias": {
    "max": 0.024893365800380707,
    "mean": 0.0046124569903726554
  },
  "layer1.2.bn2.weight": {
    "max": 0.04052693024277687,
    "mean": 0.008050111048089873
  },
  "layer1.2.bn3.bias": {
    "max": 0.08695100247859955,
    "mean": 0.011730594613556085
  },
  "layer1.2.bn3.weight": {
    "max": 0.103522390127182,
    "mean": 0.022745486307290515
  },
  "layer1.2.conv1.weight": {
    "max": 0.1718577742576599,
    "mean": 0.03641039508561204
  },
  "layer1.2.conv2.weight": {
    "max": 0.198171004652977,
    "mean": 0.04198069824837148
  },
  "layer1.2.conv3.weight": {
    "max": 0.19577346742153168,
    "mean": 0.04054915919168187
  },
  "layer2.0.bn1.bias": {
    "max": 0.056203726679086685,
    "mean": 0.00927549601732088
  },
  "layer2.0.bn1.weight": {
    "max": 0.06378177553415298,
    "mean": 0.012545685093750113
  },
  "layer2.0.bn2.bias": {
    "max": 0.029205333441495895,
    "mean": 0.0049656152708588966
  },
  "layer2.0.bn2.weight": {
    "max": 0.05245603993535042,
    "mean": 0.010281105646032043
  },
  "layer2.0.bn3.bias": {
    "max": 0.04681547358632088,
    "mean": 0.00841085183492396
  },
  "layer2.0.bn3.weight": {
    "max": 0.06314967572689056,
    "mean": 0.012723567211069167
  },
  "layer2.0.conv1.weight": {
    "max": 0.3552379310131073,
    "mean": 0.06453272052175764
  },
  "layer2.0.conv2.weight": {
    "max": 0.20867542922496796,
    "mean": 0.0437535607315866
  },
  "layer2.0.conv3.weight": {
    "max": 0.28151023387908936,
    "mean": 0.05945337993491973
  },
  "layer2.0.downsample.0.weight": {
    "max": 0.27013829350471497,
    "mean": 0.05844846389988171
  },
  "layer2.0.downsample.1.bias": {
    "max": 0.04681547358632088,
    "mean": 0.00841085183492396
  },
  "layer2.0.downsample.1.weight": {
    "max": 0.06265565752983093,
    "mean": 0.012635023165826818
  },
  "layer2.1.bn1.bias": {
    "max": 0.043888311833143234,
    "mean": 0.007646655160102195
  },
  "layer2.1.bn1.weight": {
    "max": 0.06442932039499283,
    "mean": 0.011778646645668361
  },
  "layer2.1.bn2.bias": {
    "max": 0.038314785808324814,
    "mean": 0.008520308570337615
  },
  "layer2.1.bn2.weight": {
    "max": 0.05843915417790413,
    "mean": 0.011305066417969231
  },
  "layer2.1.bn3.bias": {
    "max": 0.03887145593762398,
    "mean": 0.007502872861306449
  },
  "layer2.1.bn3.weight": {
    "max": 0.04138735309243202,
    "mean": 0.010410470275840323
  },
  "layer2.1.conv1.weight": {
    "max": 0.16013899445533752,
    "mean": 0.03385066978467096
  },
  "layer2.1.conv2.weight": {
    "max": 0.31907209753990173,
    "mean": 0.062407123597471845
  },
  "layer2.1.conv3.weight": {
    "max": 0.2182389348745346,
    "mean": 0.05237056223076901
  },
  "layer2.2.bn1.bias": {
    "max": 0.04179445654153824,
    "mean": 0.009154820415257876
  },
  "layer2.2.bn1.weight": {
    "max": 0.062429316341876984,
    "mean": 0.01364853601304016
  },
  "layer2.2.bn2.bias": {
    "max": 0.0385497584939003,
    "mean": 0.00698007870224371
  },
  "layer2.2.bn2.weight": {
    "max": 0.0689074769616127,
    "mean": 0.012056326881949124
  },
  "layer2.2.bn3.bias": {
    "max": 0.03551651909947395,
    "mean": 0.006884632773580961
  },
  "layer2.2.bn3.weight": {
    "max": 0.05284295231103897,
    "mean": 0.011567635232017242
  },
  "layer2.2.conv1.weight": {
    "max": 0.15292252600193024,
    "mean": 0.03330934992858342
  },
  "layer2.2.conv2.weight": {
    "max": 0.21995186805725098,
    "mean": 0.04942924739327282
  },
  "layer2.2.conv3.weight": {
    "max": 0.2735898792743683,
    "mean": 0.054394049277263025
  },
  "layer2.3.bn1.bias": {
    "max": 0.033050451427698135,
    "mean": 0.006752157403555299
  },
  "layer2.3.bn1.weight": {
    "max": 0.04989172890782356,
    "mean": 0.010663289877453021
  },
  "layer2.3.bn2.bias": {
    "max": 0.029453635215759277,
    "mean": 0.0065673267285040185
  },
  "layer2.3.bn2.weight": {
    "max": 0.04630419611930847,
    "mean": 0.010904271240745273
  },
  "layer2.3.bn3.bias": {
    "max": 0.030279038473963737,
    "mean": 0.005945313650965026
  },
  "layer2.3.bn3.weight": {
    "max": 0.0393490269780159,
    "mean": 0.0096328754525166
  },
  "layer2.3.conv1.weight": {
    "max": 0.16478106379508972,
    "mean": 0.037060746938056714
  },
  "layer2.3.conv2.weight": {
    "max": 0.1525793969631195,
    "mean": 0.03847166564747957
  },
  "layer2.3.conv3.weight": {
    "max": 0.15686950087547302,
    "mean": 0.040649234931915995
  },
  "layer3.0.bn1.bias": {
    "max": 0.0552191361784935,
    "mean": 0.011816360486305452
  },
  "layer3.0.bn1.weight": {
    "max": 0.07589264959096909,
    "mean": 0.017720036314234935
  },
  "layer3.0.bn2.bias": {
    "max": 0.022656116634607315,
    "mean": 0.004939130574764152
  },
  "layer3.0.bn2.weight": {
    "max": 0.039287254214286804,
    "mean": 0.009379868265906616
  },
  "layer3.0.bn3.bias": {
    "max": 0.033773910254240036,
    "mean": 0.008371929651392357
  },
  "layer3.0.bn3.weight": {
    "max": 0.05204728618264198,
    "mean": 0.012754730523364352
  },
  "layer3.0.conv1.weight": {
    "max": 0.29976406693458557,
    "mean": 0.06839155314556722
  },
  "layer3.0.conv2.weight": {
    "max": 0.16123776137828827,
    "mean": 0.04029277894579406
  },
  "layer3.0.conv3.weight": {
    "max": 0.20048926770687103,