{
  "bn1.bias": {
    "max": 0.06879803538322449,
    "mean": 0.0108844092392662
  },
  "bn1.weight": {
    "max": 0.17178526520729065,
    "mean": 0.04231392189926867
  },
  "conv1.weight": {
    "max": 1.3333263397216797,
    "mean": 0.2207302685215005
  },
  "fc.bias": {
    "max": 0.07850196957588196,
    "mean": 0.021945132549985178
  },
  "fc.weight": {
    "max": 1.0943043231964111,
    "mean": 0.2817288793995976
  },
  "layer1.0.bn1.bias": {
    "max": 0.057714395225048065,
    "mean": 0.009795241644273379
  },
  "layer1.0.bn1.weight": {
    "max": 0.06268653273582458,
    "mean": 0.013197505440995363
  },
  "layer1.0.bn2.bias": {
    "max": 0.07059197872877121,
    "mean": 0.01252308871430744
  },
  "layer1.0.bn2.weight": {
    "max": 0.08926327526569366,
    "mean": 0.020288727342350675
  },
  "layer1.0.bn3.bias": {
    "max": 0.11216128617525101,
    "mean": 0.022600666235500413
  },
  "layer1.0.bn3.weight": {
    "max": 0.22098365426063538,
    "mean": 0.052079022506118886
  },
  "layer1.0.conv1.weight": {
    "max": 0.31517407298088074,
    "mean": 0.05615657037523176
  },
  "layer1.0.conv2.weight": {
    "max": 0.6184284687042236,
    "mean": 0.09322906853365047
  },
  "layer1.0.conv3.weight": {
    "max": 0.3451642394065857,
    "mean": 0.07277551815778549
  },
  "layer1.0.downsample.0.weight": {
    "max": 0.767081081867218,
    "mean": 0.1609468534069934
  },
  "layer1.0.downsample.1.bias": {
    "max": 0.11216128617525101,
    "mean": 0.022600666235500413
  },
  "layer1.0.downsample.1.weight": {
    "max": 0.21533624827861786,
    "mean": 0.049425373308560144
  },
  "layer1.1.bn1.bias": {
    "max": 0.07140851020812988,
    "mean": 0.014145084839879668
  },
  "layer1.1.bn1.weight": {
    "max": 0.14201770722866058,
    "mean": 0.01888984576416468
  },
  "layer1.1.bn2.bias": {
    "max": 0.03550024330615997,
    "mean": 0.006439509116628739
  },
  "layer1.1.bn2.weight": {
    "max": 0.05602682754397392,
    "mean": 0.011829506366131162
  },
  "layer1.1.bn3.bias": {
    "max": 0.08194707334041595,
    "mean": 0.016002599332714453
  },
  "layer1.1.bn3.weight": {
    "max": 0.19972668588161469,
    "mean": 0.03771155089904953
  },
  "layer1.1.conv1.weight": {
    "max": 0.22396856546401978,
    "mean": 0.03298964375463714
  },
  "layer1.1.conv2.weight": {
    "max": 0.22837486863136292,
    "mean": 0.04226893495402432
  },
  "layer1.1.conv3.weight": {
    "max": 0.28556132316589355,
    "mean": 0.047138554821389594
  },
  "layer1.2.bn1.bias": {
    "max": 0.02608196809887886,
    "mean": 0.004942948565627115
  },
  "layer1.2.bn1.weight": {
    "max": 0.03906208276748657,
    "mean": 0.007265079760607997
  },
  "layer1.2.bn2.bias": {
    "max": 0.024336226284503937,
    "mean": 0.004108505099887095
  },
  "layer1.2.bn2.weight": {
    "max": 0.039616361260414124,
    "mean": 0.007575332978574027
  },
  "layer1.2.bn3.bias": {
    "max": 0.05662492290139198,
    "mean": 0.011195539522450417
  },
  "layer1.2.bn3.weight": {
    "max": 0.11384560912847519,
    "mean": 0.02088597396189081
  },
  "layer1.2.conv1.weight": {
    "max": 0.21279467642307281,
    "mean": 0.034293120784485445
  },
  "layer1.2.conv2.weight": {
    "max": 0.19106525182724,
    "mean": 0.038542865951479016
  },
  "layer1.2.conv3.weight": {
    "max": 0.1890476644039154,
    "mean": 0.03812562022524487
  },
  "layer2.0.bn1.bias": {
    "max": 0.04303216189146042,
    "mean": 0.008697824822655614
  },
  "layer2.0.bn1.weight": {
    "max": 0.056333962827920914,
    "mean": 0.01262144138005429
  },
  "layer2.0.bn2.bias": {
    "max": 0.021855132654309273,
    "mean": 0.004667257470012244
  },
  "layer2.0.bn2.weight": {
    "max": 0.044052787125110626,
    "mean": 0.010192920955097568
  },
  "layer2.0.bn3.bias": {
    "max": 0.04621197655797005,
    "mean": 0.00785419140859241
  },
  "layer2.0.bn3.weight": {
    "max": 0.06338286399841309,
    "mean": 0.012423357906518504
  },
  "layer2.0.conv1.weight": {
    "max": 0.309470534324646,
    "mean": 0.062174836482985746
  },
  "layer2.0.conv2.weight": {
    "max": 0.21601806581020355,
    "mean": 0.04186549520851778
  },
  "layer2.0.conv3.weight": {
    "max": 0.30341872572898865,
    "mean": 0.05950973506551236
  },
  "layer2.0.downsample.0.weight": {
    "max": 0.2581895589828491,
    "mean": 0.053159447529885384
  },
  "layer2.0.downsample.1.bias": {
    "max": 0.04621197655797005,
    "mean": 0.00785419140859241
  },
  "layer2.0.downsample.1.weight": {
    "max": 0.06090083718299866,
    "mean": 0.012081143209278318
  },
  "layer2.1.bn1.bias": {
    "max": 0.04113597422838211,
    "mean": 0.007118350002066499
  },
  "layer2.1.bn1.weight": {
    "max": 0.06939029693603516,
    "mean": 0.011303001979831606
  },
  "layer2.1.bn2.bias": {
    "max": 0.03948468342423439,
    "mean": 0.007649544259100886
  },
  "layer2.1.bn2.weight": {
    "max": 0.062377557158470154,
    "mean": 0.010452955929296357
  },
  "layer2.1.bn3.bias": {
    "max": 0.0409323088824749,
    "mean": 0.0070007830497343096
  },
  "layer2.1.bn3.weight": {
    "max": 0.04724963754415512,
    "mean": 0.009503297496038223
  },
  "layer2.1.conv1.weight": {
    "max": 0.15510918200016022,
    "mean": 0.03073089344526774
  },
  "layer2.1.conv2.weight": {
    "max": 0.26281028985977173,
    "mean": 0.05244596955299909
  },
  "layer2.1.conv3.weight": {
    "max": 0.23779268562793732,
    "mean": 0.046448433146412886
  },
  "layer2.2.bn1.bias": {
    "max": 0.05198197066783905,
    "mean": 0.008818345052422955
  },
  "layer2.2.bn1.weight": {
    "max": 0.08009886741638184,
    "mean": 0.013528744658688084
  },
  "layer2.2.bn2.bias": {
    "max": 0.044338103383779526,
    "mean": 0.006286694372871092
  },
  "layer2.2.bn2.weight": {
    "max": 0.09456068277359009,
    "mean": 0.010971002149994353
  },
  "layer2.2.bn3.bias": {
    "max": 0.040161993354558945,
    "mean": 0.00642937319444692
  },
  "layer2.2.bn3.weight": {
    "max": 0.05699272081255913,
    "mean": 0.011170663236906487
  },
  "layer2.2.conv1.weight": {
    "max": 0.16194206476211548,
    "mean": 0.03191704962402582
  },
  "layer2.2.conv2.weight": {
    "max": 0.3930624723434448,
    "mean": 0.04730761208438448
  },
  "layer2.2.conv3.weight": {
    "max": 0.3528629243373871,
    "mean": 0.05086356227153114
  },
  "layer2.3.bn1.bias": {
    "max": 0.0425352081656456,
    "mean": 0.0060748482542944005
  },
  "layer2.3.bn1.weight": {
    "max": 0.06015004217624664,
    "mean": 0.009862633798870125
  },
  "layer2.3.bn2.bias": {
    "max": 0.044676922261714935,
    "mean": 0.0063177052862842436
  },
  "layer2.3.bn2.weight": {
    "max": 0.09347520023584366,
    "mean": 0.01074316933900783
  },
  "layer2.3.bn3.bias": {
    "max": 0.03211495652794838,
    "mean": 0.005530621855952112
  },
  "layer2.3.bn3.weight": {
    "max": 0.045229654759168625,
    "mean": 0.008748846189368383
  },
  "layer2.3.conv1.weight": {
    "max": 0.18375176191329956,
    "mean": 0.03418691187465031
  },
  "layer2.3.conv2.weight": {
    "max": 0.22832231223583221,
    "mean": 0.03654965556027102
  },
  "layer2.3.conv3.weight": {
    "max": 0.2948138117790222,
    "mean": 0.038291974228673746
  },
  "layer3.0.bn1.bias": {
    "max": 0.05584222823381424,
    "mean": 0.011245420392951929
  },
  "layer3.0.bn1.weight": {
    "max": 0.09309220314025879,
    "mean": 0.017835096102041592
  },
  "layer3.0.bn2.bias": {
    "max": 0.025272110477089882,
    "mean": 0.004852017626648636
  },
  "layer3.0.bn2.weight": {
    "max": 0.04704169183969498,
    "mean": 0.009188106974304121
  },
  "layer3.0.bn3.bias": {
    "max": 0.03842244669795036,
    "mean": 0.007991039866548299
  },
  "layer3.0.bn3.weight": {
    "max": 0.0629766434431076,
    "mean": 0.013061019983308922
  },
  "layer3.0.conv1.weight": {
    "max": 0.2982574701309204,
    "mean": 0.06519778284244239
  },
  "layer3.0.conv2.weight": {
    "max": 0.18337130546569824,
    "mean": 0.03893442948082728
  },
  "layer3.0.conv3.weight": {
    "max": 0.2275424748659134,