{
  "bn1.bias": {
    "max": 0.11450356245040894,
    "mean": 0.01291941816770954
  },
  "bn1.weight": {
    "max": 0.36681047081947327,
    "mean": 0.0432188987697009
  },
  "conv1.weight": {
    "max": 2.3051016330718994,
    "mean": 0.21954034344758838
  },
  "fc.bias": {
    "max": 0.08883564174175262,
    "mean": 0.022598983928245227
  },
  "fc.weight": {
    "max": 1.1270309686660767,
    "mean": 0.3067873972002417
  },
  "layer1.0.bn1.bias": {
    "max": 0.06813621520996094,
    "mean": 0.01015972376445591
  },
  "layer1.0.bn1.weight": {
    "max": 0.07575032860040665,
    "mean": 0.014219986067369713
  },
  "layer1.0.bn2.bias": {
    "max": 0.048227399587631226,
    "mean": 0.009399350768674465
  },
  "layer1.0.bn2.weight": {
    "max": 0.15271353721618652,
    "mean": 0.019975812829548627
  },
  "layer1.0.bn3.bias": {
    "max": 0.18813364207744598,
    "mean": 0.02219373696679083
  },
  "layer1.0.bn3.weight": {
    "max": 0.6843345761299133,
    "mean": 0.05253636372541743
  },
  "layer1.0.conv1.weight": {
    "max": 0.38638055324554443,
    "mean": 0.061427568598051686
  },
  "layer1.0.conv2.weight": {
    "max": 0.8500702977180481,
    "mean": 0.0896495208124231
  },
  "layer1.0.conv3.weight": {
    "max": 0.470964640378952,
    "mean": 0.07233028920616821
  },
  "layer1.0.downsample.0.weight": {
    "max": 1.3944028615951538,
    "mean": 0.15914816716386537
  },
  "layer1.0.downsample.1.bias": {
    "max": 0.18813364207744598,
    "mean": 0.02219373696679083
  },
  "layer1.0.downsample.1.weight": {
    "max": 0.635380208492279,
    "mean": 0.05025587794753457
  },
  "layer1.1.bn1.bias": {
    "max": 0.1123078465461731,
    "mean": 0.013503304252704506
  },
  "layer1.1.bn1.weight": {
    "max": 0.12865309417247772,
    "mean": 0.01836946731595422
  },
  "layer1.1.bn2.bias": {
    "max": 0.07001491636037827,
    "mean": 0.006406185344551756
  },
  "layer1.1.bn2.weight": {
    "max": 0.13729669153690338,
    "mean": 0.011684514984081034
  },
  "layer1.1.bn3.bias": {
    "max": 0.14954280853271484,
    "mean": 0.015725693384509732
  },
  "layer1.1.bn3.weight": {
    "max": 0.3903666138648987,
    "mean": 0.03797580760920287
  },
  "layer1.1.conv1.weight": {
    "max": 0.2820131778717041,
    "mean": 0.03432694168453704
  },
  "layer1.1.conv2.weight": {
    "max": 0.3482867181301117,
    "mean": 0.043472258997000086
  },
  "layer1.1.conv3.weight": {
    "max": 0.4499123692512512,
    "mean": 0.04549497798176682
  },
  "layer1.2.bn1.bias": {
    "max": 0.0367932990193367,
    "mean": 0.004798167663216841
  },
  "layer1.2.bn1.weight": {
    "max": 0.06049284338951111,
    "mean": 0.007690295016800519
  },
  "layer1.2.bn2.bias": {
    "max": 0.03761742264032364,
    "mean": 0.00411207045017883
  },
  "layer1.2.bn2.weight": {
    "max": 0.07018987089395523,
    "mean": 0.007705555899717313
  },
  "layer1.2.bn3.bias": {
    "max": 0.09608479589223862,
    "mean": 0.010397147619909706
  },
  "layer1.2.bn3.weight": {
    "max": 0.1645188182592392,
    "mean": 0.02049642606596795
  },
  "layer1.2.conv1.weight": {
    "max": 0.27566424012184143,
    "mean": 0.03323845250864646
  },
  "layer1.2.conv2.weight": {
    "max": 0.38261935114860535,
    "mean": 0.0388671993443443
  },
  "layer1.2.conv3.weight": {
    "max": 0.37954533100128174,
    "mean": 0.03829700042177657
  },
  "layer2.0.bn1.bias": {
    "max": 0.07900821417570114,
    "mean": 0.008286298266508051
  },
  "layer2.0.bn1.weight": {
    "max": 0.13169163465499878,
    "mean": 0.011934024943828782
  },
  "layer2.0.bn2.bias": {
    "max": 0.04339814931154251,
    "mean": 0.004656361471622534
  },
  "layer2.0.bn2.weight": {
    "max": 0.10594494640827179,
    "mean": 0.009998528636601155
  },
  "layer2.0.bn3.bias": {
    "max": 0.05892382934689522,
    "mean": 0.007796594877664965
  },
  "layer2.0.bn3.weight": {
    "max": 0.09505754709243774,
    "mean": 0.01206152594402998
  },
  "layer2.0.conv1.weight": {
    "max": 0.5198477506637573,
    "mean": 0.05903019503523995
  },
  "layer2.0.conv2.weight": {
    "max": 0.3542422354221344,
    "mean": 0.04184040815344945
  },
  "layer2.0.conv3.weight": {
    "max": 0.5143905878067017,
    "mean": 0.058666162542899004
  },
  "layer2.0.downsample.0.weight": {
    "max": 0.3460426330566406,
    "mean": 0.05455836275742123
  },
  "layer2.0.downsample.1.bias": {
    "max": 0.05892382934689522,
    "mean": 0.007796594877664965
  },
  "layer2.0.downsample.1.weight": {
    "max": 0.10003452748060226,
    "mean": 0.012046133239138206
  },
  "layer2.1.bn1.bias": {
    "max": 0.03675021231174469,
    "mean": 0.006781303295740925
  },
  "layer2.1.bn1.weight": {
    "max": 0.055289365351200104,
    "mean": 0.010857068951195937
  },
  "layer2.1.bn2.bias": {
    "max": 0.04250778630375862,
    "mean": 0.007504017566264208
  },
  "layer2.1.bn2.weight": {
    "max": 0.0572795532643795,
    "mean": 0.010360989491247372
  },
  "layer2.1.bn3.bias": {
    "max": 0.052536435425281525,
    "mean": 0.007018857613688202
  },
  "layer2.1.bn3.weight": {
    "max": 0.0573587529361248,
    "mean": 0.009473529175593284
  },
  "layer2.1.conv1.weight": {
    "max": 0.1615336835384369,
    "mean": 0.03055124823893753
  },
  "layer2.1.conv2.weight": {
    "max": 0.3228330612182617,
    "mean": 0.05273491545879681
  },
  "layer2.1.conv3.weight": {
    "max": 0.24269729852676392,
    "mean": 0.04744526318981246
  },
  "layer2.2.bn1.bias": {
    "max": 0.09240732342004776,
    "mean": 0.00896111426423886
  },
  "layer2.2.bn1.weight": {
    "max": 0.14585019648075104,
    "mean": 0.013599573436658829
  },
  "layer2.2.bn2.bias": {
    "max": 0.10115015506744385,
    "mean": 0.006603790263325209
  },
  "layer2.2.bn2.weight": {
    "max": 0.1806865632534027,
    "mean": 0.011619665368551588
  },
  "layer2.2.bn3.bias": {
    "max": 0.04930712655186653,
    "mean": 0.006478836444460155
  },
  "layer2.2.bn3.weight": {
    "max": 0.09187189489603043,
    "mean": 0.01120857166750024
  },
  "layer2.2.conv1.weight": {
    "max": 0.3207283914089203,
    "mean": 0.03261504423987519
  },
  "layer2.2.conv2.weight": {
    "max": 0.5776087641716003,
    "mean": 0.04808522468715507
  },
  "layer2.2.conv3.weight": {
    "max": 0.7051568627357483,
    "mean": 0.05394524025614374
  },
  "layer2.3.bn1.bias": {
    "max": 0.07521316409111023,
    "mean": 0.0066930205309056745
  },
  "layer2.3.bn1.weight": {
    "max": 0.19806909561157227,
    "mean": 0.011356600672838144
  },
  "layer2.3.bn2.bias": {
    "max": 0.06894050538539886,
    "mean": 0.00665154144625246
  },
  "layer2.3.bn2.weight": {
    "max": 0.09832888096570969,
    "mean": 0.01115730701706655
  },
  "layer2.3.bn3.bias": {
    "max": 0.04218224808573723,
    "mean": 0.00560441298087036
  },
  "layer2.3.bn3.weight": {
    "max": 0.06747324764728546,
    "mean": 0.009202649145798724
  },
  "layer2.3.conv1.weight": {
    "max": 0.3512340486049652,
    "mean": 0.036987779778428376
  },
  "layer2.3.conv2.weight": {
    "max": 0.5208845138549805,
    "mean": 0.039531905638286846
  },
  "layer2.3.conv3.weight": {
    "max": 0.39288899302482605,
    "mean": 0.04054936532970584
  },
  "layer3.0.bn1.bias": {
    "max": 0.07243825495243073,
    "mean": 0.010750235361546012
  },
  "layer3.0.bn1.weight": {
    "max": 0.1249321699142456,
    "mean": 0.017120457905153413
  },
  "layer3.0.bn2.bias": {
    "max": 0.036785829812288284,
    "mean": 0.004809035298291876
  },
  "layer3.0.bn2.weight": {
    "max": 0.04757085070014,
    "mean": 0.009038377095067907
  },
  "layer3.0.bn3.bias": {
    "max": 0.053442977368831635,
    "mean": 0.008104718121321639
  },
  "layer3.0.bn3.weight": {
    "max": 0.08824101835489273,
    "mean": 0.012893581827270932
  },
  "layer3.0.conv1.weight": {
    "max": 0.4738021492958069,
    "mean": 0.06582863065962946
  },
  "layer3.0.conv2.weight": {
    "max": 0.2141587883234024,
    "mean": 0.03931302600315705
  },
  "layer3.0.conv3.weight": {
    "max": 0.3034892976284027,
    "mean": 0.0513305326464719
  },