{
  "bn1.bias": {
    "max": 0.1246912032365799,
    "mean": 0.01833358044536518
  },
  "bn1.weight": {
    "max": 0.31503552198410034,
    "mean": 0.07045759714873774
  },
  "conv1.weight": {
    "max": 1.7338531017303467,
    "mean": 0.3831022164651326
  },
  "fc.bias": {
    "max": 0.0989079400897026,
    "mean": 0.034891520754567217
  },
  "fc.weight": {
    "max": 1.52707839012146,
    "mean": 0.531181170876537
  },
  "layer1.0.bn1.bias": {
    "max": 0.0545986071228981,
    "mean": 0.01579828464658931
  },
  "layer1.0.bn1.weight": {
    "max": 0.06484737247228622,
    "mean": 0.020789872300811113
  },
  "layer1.0.bn2.bias": {
    "max": 0.05760497972369194,
    "mean": 0.014878156555018255
  },
  "layer1.0.bn2.weight": {
    "max": 0.09422681480646133,
    "mean": 0.030508746380385542
  },
  "layer1.0.bn3.bias": {
    "max": 0.12920290231704712,
    "mean": 0.03479830699706716
  },
  "layer1.0.bn3.weight": {
    "max": 0.3276136815547943,
    "mean": 0.08056470860194948
  },
  "layer1.0.conv1.weight": {
    "max": 0.4306333065032959,
    "mean": 0.10281303884727615
  },
  "layer1.0.conv2.weight": {
    "max": 0.5818909406661987,
    "mean": 0.1323305442077773
  },
  "layer1.0.conv3.weight": {
    "max": 0.34306854009628296,
    "mean": 0.11411889173622643
  },
  "layer1.0.downsample.0.weight": {
    "max": 1.6064822673797607,
    "mean": 0.26068572348781993
  },
  "layer1.0.downsample.1.bias": {
    "max": 0.12920290231704712,
    "mean": 0.03479830699706716
  },
  "layer1.0.downsample.1.weight": {
    "max": 0.30830517411231995,
    "mean": 0.0766174566067223
  },
  "layer1.1.bn1.bias": {
    "max": 0.08241595327854156,
    "mean": 0.022012581968280886
  },
  "layer1.1.bn1.weight": {
    "max": 0.09522570669651031,
    "mean": 0.029773219211825304
  },
  "layer1.1.bn2.bias": {
    "max": 0.04516960307955742,
    "mean": 0.010143124426914646
  },
  "layer1.1.bn2.weight": {
    "max": 0.0676858052611351,
    "mean": 0.019036620615515858
  },
  "layer1.1.bn3.bias": {
    "max": 0.09566421806812286,
    "mean": 0.025475768413660782
  },
  "layer1.1.bn3.weight": {
    "max": 0.20006045699119568,
    "mean": 0.05870461674540171
  },
  "layer1.1.conv1.weight": {
    "max": 0.2405543029308319,
    "mean": 0.05704349450367902
  },
  "layer1.1.conv2.weight": {
    "max": 0.21948711574077606,
    "mean": 0.06857364452710109
  },
  "layer1.1.conv3.weight": {
    "max": 0.23630698025226593,
    "mean": 0.07552475494598704
  },
  "layer1.2.bn1.bias": {
    "max": 0.029103361070156097,
    "mean": 0.007563171467544245
  },
  "layer1.2.bn1.weight": {
    "max": 0.044565219432115555,
    "mean": 0.011387299156215573
  },
  "layer1.2.bn2.bias": {
    "max": 0.02275887317955494,
    "mean": 0.00652834432781674
  },
  "layer1.2.bn2.weight": {
    "max": 0.04416386038064957,
    "mean": 0.01182389382322851
  },
  "layer1.2.bn3.bias": {
    "max": 0.06243525445461273,
    "mean": 0.016869751808366605
  },
  "layer1.2.bn3.weight": {
    "max": 0.12075874209403992,
    "mean": 0.03222266059634941
  },
  "layer1.2.conv1.weight": {
    "max": 0.19772306084632874,
    "mean": 0.05351795912188079
  },
  "layer1.2.conv2.weight": {
    "max": 0.2123238742351532,
    "mean": 0.060047325997480326
  },
  "layer1.2.conv3.weight": {
    "max": 0.18847866356372833,
    "mean": 0.059327930251934696
  },
  "layer2.0.bn1.bias": {
    "max": 0.05417335778474808,
    "mean": 0.013081407212053558
  },
  "layer2.0.bn1.weight": {
    "max": 0.08090600371360779,
    "mean": 0.018474771833779026
  },
  "layer2.0.bn2.bias": {
    "max": 0.02633112668991089,
    "mean": 0.007002685669077827
  },
  "layer2.0.bn2.weight": {
    "max": 0.04753978177905083,
    "mean": 0.015168705667102976
  },
  "layer2.0.bn3.bias": {
    "max": 0.05102270096540451,
    "mean": 0.012242037495598197
  },
  "layer2.0.bn3.weight": {
    "max": 0.070207379758358,
    "mean": 0.018393218268507292
  },
  "layer2.0.conv1.weight": {
    "max": 0.31182989478111267,
    "mean": 0.09686478752376777
  },
  "layer2.0.conv2.weight": {
    "max": 0.20972426235675812,
    "mean": 0.06461330803909472
  },
  "layer2.0.conv3.weight": {
    "max": 0.31349512934684753,
    "mean": 0.0904281017676528
  },
  "layer2.0.downsample.0.weight": {
    "max": 0.2399158775806427,
    "mean": 0.08259810283514006
  },
  "layer2.0.downsample.1.bias": {
    "max": 0.05102270096540451,
    "mean": 0.012242037495598197
  },
  "layer2.0.downsample.1.weight": {
    "max": 0.05929603800177574,
    "mean": 0.018067512569416848
  },
  "layer2.1.bn1.bias": {
    "max": 0.04692814126610756,
    "mean": 0.011470357933680394
  },
  "layer2.1.bn1.weight": {
    "max": 0.06565754115581512,
    "mean": 0.017562531806262476
  },
  "layer2.1.bn2.bias": {
    "max": 0.037934303283691406,
    "mean": 0.011648751419436719
  },
  "layer2.1.bn2.weight": {
    "max": 0.044735874980688095,
    "mean": 0.016003726083519205
  },
  "layer2.1.bn3.bias": {
    "max": 0.045364852994680405,
    "mean": 0.010975305791279035
  },
  "layer2.1.bn3.weight": {
    "max": 0.06028946861624718,
    "mean": 0.01563399729585009
  },
  "layer2.1.conv1.weight": {
    "max": 0.15383701026439667,
    "mean": 0.05022144176731152
  },
  "layer2.1.conv2.weight": {
    "max": 0.30973541736602783,
    "mean": 0.0863315077232463
  },
  "layer2.1.conv3.weight": {
    "max": 0.2361081838607788,
    "mean": 0.07450291779690556
  },
  "layer2.2.bn1.bias": {
    "max": 0.058781322091817856,
    "mean": 0.013990683458146773
  },
  "layer2.2.bn1.weight": {
    "max": 0.07283252477645874,
    "mean": 0.020482805379599865
  },
  "layer2.2.bn2.bias": {
    "max": 0.05870558321475983,
    "mean": 0.010359291516942903
  },
  "layer2.2.bn2.weight": {
    "max": 0.11077776551246643,
    "mean": 0.017557281296633715
  },
  "layer2.2.bn3.bias": {
    "max": 0.04444117844104767,
    "mean": 0.010105415823137653
  },
  "layer2.2.bn3.weight": {
    "max": 0.0676264539361,
    "mean": 0.016892727601142334
  },
  "layer2.2.conv1.weight": {
    "max": 0.16835522651672363,
    "mean": 0.0496918553127242
  },
  "layer2.2.conv2.weight": {
    "max": 0.4028378129005432,
    "mean": 0.0763652803003788
  },
  "layer2.2.conv3.weight": {
    "max": 0.39671045541763306,
    "mean": 0.08185123372423862
  },
  "layer2.3.bn1.bias": {
    "max": 0.04372093081474304,
    "mean": 0.010167957722941148
  },
  "layer2.3.bn1.weight": {
    "max": 0.0598321370780468,
    "mean": 0.016043006633075754
  },
  "layer2.3.bn2.bias": {
    "max": 0.05522501468658447,
    "mean": 0.010613001064131303
  },
  "layer2.3.bn2.weight": {
    "max": 0.09931883215904236,
    "mean": 0.017297919666328068
  },
  "layer2.3.bn3.bias": {
    "max": 0.03928441181778908,
    "mean": 0.008683258316013963
  },
  "layer2.3.bn3.weight": {
    "max": 0.05167333781719208,
    "mean": 0.014558957016893796
  },
  "layer2.3.conv1.weight": {
    "max": 0.18785053491592407,
    "mean": 0.05745112552041454
  },
  "layer2.3.conv2.weight": {
    "max": 0.27767470479011536,
    "mean": 0.05976426839030215
  },
  "layer2.3.conv3.weight": {
    "max": 0.2585544288158417,
    "mean": 0.06361665792231048
  },
  "layer3.0.bn1.bias": {
    "max": 0.05764685943722725,
    "mean": 0.016935819981819283
  },
  "layer3.0.bn1.weight": {
    "max": 0.07872283458709717,
    "mean": 0.025621407968657358
  },
  "layer3.0.bn2.bias": {
    "max": 0.029334167018532753,
    "mean": 0.007310327367990145
  },
  "layer3.0.bn2.weight": {
    "max": 0.04351487010717392,
    "mean": 0.013565223565258617
  },
  "layer3.0.bn3.bias": {
    "max": 0.05121411010622978,
    "mean": 0.012630745002866855
  },
  "layer3.0.bn3.weight": {
    "max": 0.06473352760076523,
    "mean": 0.019115679569409363
  },
  "layer3.0.conv1.weight": {
    "max": 0.31290891766548157,
    "mean": 0.10186884867293494
  },
  "layer3.0.conv2.weight": {
    "max": 0.17469018697738647,
    "mean": 0.05886261883856995
  },
  "layer3.0.conv3.weight": {
    "max": 0.2585243284702301,
    "mean": 0.0782704690657556
  },