{
  "bn1.bias": {
    "max": 0.09403999149799347,
    "mean": 0.02235814627393016
  },
  "bn1.weight": {
    "max": 0.3459073305130005,
    "mean": 0.08061798917395728
  },
  "conv1.weight": {
    "max": 1.6986805200576782,
    "mean": 0.43722860974924904
  },
  "fc.bias": {
    "max": 0.13847601413726807,
    "mean": 0.044289956279098985
  },
  "fc.weight": {
    "max": 1.7031937837600708,
    "mean": 0.6610379958578518
  },
  "layer1.0.bn1.bias": {
    "max": 0.07629688829183578,
    "mean": 0.018921750600316693
  },
  "layer1.0.bn1.weight": {
    "max": 0.13385114073753357,
    "mean": 0.026119701899588108
  },
  "layer1.0.bn2.bias": {
    "max": 0.07195655256509781,
    "mean": 0.017794892540467636
  },
  "layer1.0.bn2.weight": {
    "max": 0.16662894189357758,
    "mean": 0.03642153326555022
  },
  "layer1.0.bn3.bias": {
    "max": 0.1619841605424881,
    "mean": 0.041429415065795186
  },
  "layer1.0.bn3.weight": {
    "max": 0.3811687231063843,
    "mean": 0.10015346505812237
  },
  "layer1.0.conv1.weight": {
    "max": 0.5305494070053101,
    "mean": 0.12700510396489076
  },
  "layer1.0.conv2.weight": {
    "max": 0.9046595096588135,
    "mean": 0.18422201010797706
  },
  "layer1.0.conv3.weight": {
    "max": 0.768627405166626,
    "mean": 0.14633418740438564
  },
  "layer1.0.downsample.0.weight": {
    "max": 1.3820574283599854,
    "mean": 0.30406321333987374
  },
  "layer1.0.downsample.1.bias": {
    "max": 0.1619841605424881,
    "mean": 0.041429415065795186
  },
  "layer1.0.downsample.1.weight": {
    "max": 0.3883982300758362,
    "mean": 0.09490207084587642
  },
  "layer1.1.bn1.bias": {
    "max": 0.1433524191379547,
    "mean": 0.027185273968747686
  },
  "layer1.1.bn1.weight": {
    "max": 0.1486210823059082,
    "mean": 0.03464067599736154
  },
  "layer1.1.bn2.bias": {
    "max": 0.049165256321430206,
    "mean": 0.011763922997218158
  },
  "layer1.1.bn2.weight": {
    "max": 0.11178091168403625,
    "mean": 0.02254027694596776
  },
  "layer1.1.bn3.bias": {
    "max": 0.12856122851371765,
    "mean": 0.029607919515775783
  },
  "layer1.1.bn3.weight": {
    "max": 0.3753819465637207,
    "mean": 0.07023755742503064
  },
  "layer1.1.conv1.weight": {
    "max": 0.34495481848716736,
    "mean": 0.07032278917197671
  },
  "layer1.1.conv2.weight": {
    "max": 0.3552725613117218,
    "mean": 0.08154701041323797
  },
  "layer1.1.conv3.weight": {
    "max": 0.451211541891098,
    "mean": 0.08745807580117669
  },
  "layer1.2.bn1.bias": {
    "max": 0.037146344780921936,
    "mean": 0.008283724960139287
  },
  "layer1.2.bn1.weight": {
    "max": 0.06802166998386383,
    "mean": 0.013698720998529876
  },
  "layer1.2.bn2.bias": {
    "max": 0.026590390130877495,
    "mean": 0.007391574714399342
  },
  "layer1.2.bn2.weight": {
    "max": 0.06312974542379379,
    "mean": 0.013323642605516528
  },
  "layer1.2.bn3.bias": {
    "max": 0.07677476108074188,
    "mean": 0.01959427271770047
  },
  "layer1.2.bn3.weight": {
    "max": 0.15872693061828613,
    "mean": 0.03892471215554646
  },
  "layer1.2.conv1.weight": {
    "max": 0.27672699093818665,
    "mean": 0.061892191956618
  },
  "layer1.2.conv2.weight": {
    "max": 0.3357238173484802,
    "mean": 0.06870280742645264
  },
  "layer1.2.conv3.weight": {
    "max": 0.31087204813957214,
    "mean": 0.06785002087375948
  },
  "layer2.0.bn1.bias": {
    "max": 0.06641208380460739,
    "mean": 0.01459923808795533
  },
  "layer2.0.bn1.weight": {
    "max": 0.09337285161018372,
    "mean": 0.020907973035105637
  },
  "layer2.0.bn2.bias": {
    "max": 0.03315898776054382,
    "mean": 0.007889418628266347
  },
  "layer2.0.bn2.weight": {
    "max": 0.07875750213861465,
    "mean": 0.017172654391532496
  },
  "layer2.0.bn3.bias": {
    "max": 0.06340760737657547,
    "mean": 0.013972195428796113
  },
  "layer2.0.bn3.weight": {
    "max": 0.09985926747322083,
    "mean": 0.021141727113031916
  },
  "layer2.0.conv1.weight": {
    "max": 0.531501293182373,
    "mean": 0.11005785453000239
  },
  "layer2.0.conv2.weight": {
    "max": 0.3171100914478302,
    "mean": 0.07382700075528452
  },
  "layer2.0.conv3.weight": {
    "max": 0.45270729064941406,
    "mean": 0.10269283364393882
  },
  "layer2.0.downsample.0.weight": {
    "max": 0.4125688076019287,
    "mean": 0.09606838604169232
  },
  "layer2.0.downsample.1.bias": {
    "max": 0.06340760737657547,
    "mean": 0.013972195428796113
  },
  "layer2.0.downsample.1.weight": {
    "max": 0.10033642500638962,
    "mean": 0.0208765324923609
  },
  "layer2.1.bn1.bias": {
    "max": 0.05760571360588074,
    "mean": 0.014306207768885153
  },
  "layer2.1.bn1.weight": {
    "max": 0.1036297008395195,
    "mean": 0.02188589878513345
  },
  "layer2.1.bn2.bias": {
    "max": 0.06275593489408493,
    "mean": 0.014028021792349006
  },
  "layer2.1.bn2.weight": {
    "max": 0.14312744140625,
    "mean": 0.019282439659748758
  },
  "layer2.1.bn3.bias": {
    "max": 0.05840224027633667,
    "mean": 0.012428506180377942
  },
  "layer2.1.bn3.weight": {
    "max": 0.10439547151327133,
    "mean": 0.01815144463442266
  },
  "layer2.1.conv1.weight": {
    "max": 0.25097766518592834,
    "mean": 0.061198073873030286
  },
  "layer2.1.conv2.weight": {
    "max": 0.4426354169845581,
    "mean": 0.10162973765816008
  },
  "layer2.1.conv3.weight": {
    "max": 0.42389053106307983,
    "mean": 0.09041648896144969
  },
  "layer2.2.bn1.bias": {
    "max": 0.06893713027238846,
    "mean": 0.01527624500715839
  },
  "layer2.2.bn1.weight": {
    "max": 0.09486926347017288,
    "mean": 0.02240024956209319
  },
  "layer2.2.bn2.bias": {
    "max": 0.04685858264565468,
    "mean": 0.011032151487389846
  },
  "layer2.2.bn2.weight": {
    "max": 0.09178198873996735,
    "mean": 0.018749659714688147
  },
  "layer2.2.bn3.bias": {
    "max": 0.04614192247390747,
    "mean": 0.011387242895684073
  },
  "layer2.2.bn3.weight": {
    "max": 0.08040354400873184,
    "mean": 0.01888221729147647
  },
  "layer2.2.conv1.weight": {
    "max": 0.3010994791984558,
    "mean": 0.057115465511700936
  },
  "layer2.2.conv2.weight": {
    "max": 0.3317300081253052,
    "mean": 0.08285765891096422
  },
  "layer2.2.conv3.weight": {
    "max": 0.3571718633174896,
    "mean": 0.08975933556577989
  },
  "layer2.3.bn1.bias": {
    "max": 0.04615800455212593,
    "mean": 0.011788870374938207
  },
  "layer2.3.bn1.weight": {
    "max": 0.07858319580554962,
    "mean": 0.018826438739363637
  },
  "layer2.3.bn2.bias": {
    "max": 0.044599685817956924,
    "mean": 0.011866474862077406
  },
  "layer2.3.bn2.weight": {
    "max": 0.07885400205850601,
    "mean": 0.01924262742378882
  },
  "layer2.3.bn3.bias": {
    "max": 0.04007872939109802,
    "mean": 0.009729906464926899
  },
  "layer2.3.bn3.weight": {
    "max": 0.06857860088348389,
    "mean": 0.017345912302178995
  },
  "layer2.3.conv1.weight": {
    "max": 0.30316606163978577,
    "mean": 0.06775422369529094
  },
  "layer2.3.conv2.weight": {
    "max": 0.2573053240776062,
    "mean": 0.06702350381229605
  },
  "layer2.3.conv3.weight": {
    "max": 0.29772982001304626,
    "mean": 0.07251695163015809
  },
  "layer3.0.bn1.bias": {
    "max": 0.08265410363674164,
    "mean": 0.018912143572233617
  },
  "layer3.0.bn1.weight": {
    "max": 0.13999061286449432,
    "mean": 0.02883380769885012
  },
  "layer3.0.bn2.bias": {
    "max": 0.03343089669942856,
    "mean": 0.00814230813611565
  },
  "layer3.0.bn2.weight": {
    "max": 0.06265392899513245,
    "mean": 0.015280543916326548
  },
  "layer3.0.bn3.bias": {
    "max": 0.05637586861848831,
    "mean": 0.014177911046759358
  },
  "layer3.0.bn3.weight": {
    "max": 0.07567819207906723,
    "mean": 0.021572017798732433
  },
  "layer3.0.conv1.weight": {
    "max": 0.5030139088630676,
    "mean": 0.11496607117354869
  },
  "layer3.0.conv2.weight": {
    "max": 0.27539190649986267,
    "mean": 0.06673959636262485
  },
  "layer3.0.conv3.weight": {
    "max": 0.35588815808296204,
    "mean": 0.08910545532192503
  },