{
  "bn1.bias": {
    "max": 0.058270156383514404,
    "mean": 0.007006801817790672
  },
  "bn1.weight": {
    "max": 0.1453322172164917,
    "mean": 0.024220251072464245
  },
  "conv1.weight": {
    "max": 0.7596834301948547,
    "mean": 0.12537890486020062
  },
  "fc.bias": {
    "max": 0.07382126897573471,
    "mean": 0.015813392933092214
  },
  "fc.weight": {
    "max": 0.8071991205215454,
    "mean": 0.1910343752136188
  },
  "layer1.0.bn1.bias": {
    "max": 0.03769911825656891,
    "mean": 0.006060389076841862
  },
  "layer1.0.bn1.weight": {
    "max": 0.0490524023771286,
    "mean": 0.008285196312811292
  },
  "layer1.0.bn2.bias": {
    "max": 0.0487314872443676,
    "mean": 0.007605459480380107
  },
  "layer1.0.bn2.weight": {
    "max": 0.08816124498844147,
    "mean": 0.012661168854600485
  },
  "layer1.0.bn3.bias": {
    "max": 0.08492311090230942,
    "mean": 0.013137867282078202
  },
  "layer1.0.bn3.weight": {
    "max": 0.25170236825942993,
    "mean": 0.032162407919697995
  },
  "layer1.0.conv1.weight": {
    "max": 0.25013601779937744,
    "mean": 0.03689271113103522
  },
  "layer1.0.conv2.weight": {
    "max": 0.5074645280838013,
    "mean": 0.05601120193954557
  },
  "layer1.0.conv3.weight": {
    "max": 0.2905322015285492,
    "mean": 0.04636269482950281
  },
  "layer1.0.downsample.0.weight": {
    "max": 0.5674905776977539,
    "mean": 0.09132694614452443
  },
  "layer1.0.downsample.1.bias": {
    "max": 0.08492311090230942,
    "mean": 0.013137867282078202
  },
  "layer1.0.downsample.1.weight": {
    "max": 0.23105433583259583,
    "mean": 0.030638024520760934
  },
  "layer1.1.bn1.bias": {
    "max": 0.05262520909309387,
    "mean": 0.008471211189004992
  },
  "layer1.1.bn1.weight": {
    "max": 0.08013138920068741,
    "mean": 0.011202206534882343
  },
  "layer1.1.bn2.bias": {
    "max": 0.023875843733549118,
    "mean": 0.003667522304749582
  },
  "layer1.1.bn2.weight": {
    "max": 0.04201848432421684,
    "mean": 0.006998759735392273
  },
  "layer1.1.bn3.bias": {
    "max": 0.05956772342324257,
    "mean": 0.00895336658236504
  },
  "layer1.1.bn3.weight": {
    "max": 0.1752670705318451,
    "mean": 0.023849907665114318
  },
  "layer1.1.conv1.weight": {
    "max": 0.11335692554712296,
    "mean": 0.020644491193150837
  },
  "layer1.1.conv2.weight": {
    "max": 0.1653428077697754,
    "mean": 0.02544745768570075
  },
  "layer1.1.conv3.weight": {
    "max": 0.21070124208927155,
    "mean": 0.028209066789630536
  },
  "layer1.2.bn1.bias": {
    "max": 0.018029605969786644,
    "mean": 0.0029677456442940247
  },
  "layer1.2.bn1.weight": {
    "max": 0.033041201531887054,
    "mean": 0.004584462638096218
  },
  "layer1.2.bn2.bias": {
    "max": 0.01649637520313263,
    "mean": 0.002543835594281388
  },
  "layer1.2.bn2.weight": {
    "max": 0.028827598318457603,
    "mean": 0.0046495531434941634
  },
  "layer1.2.bn3.bias": {
    "max": 0.044373735785484314,
    "mean": 0.006188737968415288
  },
  "layer1.2.bn3.weight": {
    "max": 0.0771837905049324,
    "mean": 0.011848275020103237
  },
  "layer1.2.conv1.weight": {
    "max": 0.16817283630371094,
    "mean": 0.020981090819695965
  },
  "layer1.2.conv2.weight": {
    "max": 0.15112435817718506,
    "mean": 0.023133448810383147
  },
  "layer1.2.conv3.weight": {
    "max": 0.1558130532503128,
    "mean": 0.022316298507752696
  },
  "layer2.0.bn1.bias": {
    "max": 0.0353093147277832,
    "mean": 0.005096485290518363
  },
  "layer2.0.bn1.weight": {
    "max": 0.0457131452858448,
    "mean": 0.007069707961262404
  },
  "layer2.0.bn2.bias": {
    "max": 0.01991192065179348,
    "mean": 0.002828000255852073
  },
  "layer2.0.bn2.weight": {
    "max": 0.03592829033732414,
    "mean": 0.005964196795248427
  },
  "layer2.0.bn3.bias": {
    "max": 0.029584016650915146,
    "mean": 0.004723132861836348
  },
  "layer2.0.bn3.weight": {
    "max": 0.043440304696559906,
    "mean": 0.007250930802505796
  },
  "layer2.0.conv1.weight": {
    "max": 0.17915043234825134,
    "mean": 0.03348670115760927
  },
  "layer2.0.conv2.weight": {
    "max": 0.16733784973621368,
    "mean": 0.024151420019334183
  },
  "layer2.0.conv3.weight": {
    "max": 0.20205098390579224,
    "mean": 0.034123109174626215
  },
  "layer2.0.downsample.0.weight": {
    "max": 0.18579159677028656,
    "mean": 0.03191312380900074
  },
  "layer2.0.downsample.1.bias": {
    "max": 0.029584016650915146,
    "mean": 0.004723132861836348
  },
  "layer2.0.downsample.1.weight": {
    "max": 0.03613251447677612,
    "mean": 0.007261494581637505
  },
  "layer2.1.bn1.bias": {
    "max": 0.02653118595480919,
    "mean": 0.004040947067260277
  },
  "layer2.1.bn1.weight": {
    "max": 0.041122227907180786,
    "mean": 0.006497099326266575
  },
  "layer2.1.bn2.bias": {
    "max": 0.028960373252630234,
    "mean": 0.00474425173601568
  },
  "layer2.1.bn2.weight": {
    "max": 0.03879564628005028,
    "mean": 0.00641376873524028
  },
  "layer2.1.bn3.bias": {
    "max": 0.027890827506780624,
    "mean": 0.004277281813348444
  },
  "layer2.1.bn3.weight": {
    "max": 0.03593313694000244,
    "mean": 0.005776756499669448
  },
  "layer2.1.conv1.weight": {
    "max": 0.10332117974758148,
    "mean": 0.01741324661881663
  },
  "layer2.1.conv2.weight": {
    "max": 0.20709753036499023,
    "mean": 0.0323104963847436
  },
  "layer2.1.conv3.weight": {
    "max": 0.16099904477596283,
    "mean": 0.027623951110456672
  },
  "layer2.2.bn1.bias": {
    "max": 0.029086055234074593,
    "mean": 0.0052011834229259485
  },
  "layer2.2.bn1.weight": {
    "max": 0.04128849133849144,
    "mean": 0.007674597903055006
  },
  "layer2.2.bn2.bias": {
    "max": 0.028162457048892975,
    "mean": 0.0038067137785297487
  },
  "layer2.2.bn2.weight": {
    "max": 0.047913361340761185,
    "mean": 0.006538610099232756
  },
  "layer2.2.bn3.bias": {
    "max": 0.026446225121617317,
    "mean": 0.0038895145079836115
  },
  "layer2.2.bn3.weight": {
    "max": 0.03856441751122475,
    "mean": 0.006523217106171484
  },
  "layer2.2.conv1.weight": {
    "max": 0.11070861667394638,
    "mean": 0.018424941949945477
  },
  "layer2.2.conv2.weight": {
    "max": 0.2058652639389038,
    "mean": 0.02667082610739661
  },
  "layer2.2.conv3.weight": {
    "max": 0.19300538301467896,
    "mean": 0.02914361927076243
  },
  "layer2.3.bn1.bias": {
    "max": 0.031858399510383606,
    "mean": 0.0038307854424264017
  },
  "layer2.3.bn1.weight": {
    "max": 0.04426007345318794,
    "mean": 0.006264526348136964
  },
  "layer2.3.bn2.bias": {
    "max": 0.021654073148965836,
    "mean": 0.003892323498688971
  },
  "layer2.3.bn2.weight": {
    "max": 0.04278234764933586,
    "mean": 0.006603674037240645
  },
  "layer2.3.bn3.bias": {
    "max": 0.021241717040538788,
    "mean": 0.003356069427973125
  },
  "layer2.3.bn3.weight": {
    "max": 0.029607495293021202,
    "mean": 0.0050760957349224815
  },
  "layer2.3.conv1.weight": {
    "max": 0.13604386150836945,
    "mean": 0.01989039302105084
  },
  "layer2.3.conv2.weight": {
    "max": 0.12974680960178375,
    "mean": 0.0216329722658598
  },
  "layer2.3.conv3.weight": {
    "max": 0.12808603048324585,
    "mean": 0.022850047867811685
  },
  "layer3.0.bn1.bias": {
    "max": 0.04154860973358154,
    "mean": 0.006692129930514576
  },
  "layer3.0.bn1.weight": {
    "max": 0.061472903937101364,
    "mean": 0.01070030063440624
  },
  "layer3.0.bn2.bias": {
    "max": 0.02071569673717022,
    "mean": 0.0030156376420096163
  },
  "layer3.0.bn2.weight": {
    "max": 0.03243153169751167,
    "mean": 0.005752613352586715
  },
  "layer3.0.bn3.bias": {
    "max": 0.025654705241322517,
    "mean": 0.004996612081636808
  },
  "layer3.0.bn3.weight": {
    "max": 0.04034331440925598,
    "mean": 0.008107073271863295
  },
  "layer3.0.conv1.weight": {
    "max": 0.1967291235923767,
    "mean": 0.03823191891856758
  },
  "layer3.0.conv2.weight": {
    "max": 0.1588975340127945,
    "mean": 0.023848273912112094
  },