{
  "bn1.bias": {
    "max": 0.09786319732666016,
    "mean": 0.008431243806387231
  },
  "bn1.weight": {
    "max": 0.2931305766105652,
    "mean": 0.029723266513485995
  },
  "conv1.weight": {
    "max": 1.5272854566574097,
    "mean": 0.14262603105444993
  },
  "fc.bias": {
    "max": 0.05585922673344612,
    "mean": 0.014082989458610038
  },
  "fc.weight": {
    "max": 0.8243728876113892,
    "mean": 0.18412887145099896
  },
  "layer1.0.bn1.bias": {
    "max": 0.06928208470344543,
    "mean": 0.007013903919827758
  },
  "layer1.0.bn1.weight": {
    "max": 0.09368988126516342,
    "mean": 0.009222431431740655
  },
  "layer1.0.bn2.bias": {
    "max": 0.11565103381872177,
    "mean": 0.008676261299219083
  },
  "layer1.0.bn2.weight": {
    "max": 0.10882093757390976,
    "mean": 0.013272778473827723
  },
  "layer1.0.bn3.bias": {
    "max": 0.14716479182243347,
    "mean": 0.015896980766805686
  },
  "layer1.0.bn3.weight": {
    "max": 0.7299878001213074,
    "mean": 0.03962934074374581
  },
  "layer1.0.conv1.weight": {
    "max": 0.48575103282928467,
    "mean": 0.041793682216334026
  },
  "layer1.0.conv2.weight": {
    "max": 1.0687609910964966,
    "mean": 0.06826010280255494
  },
  "layer1.0.conv3.weight": {
    "max": 0.8901268839836121,
    "mean": 0.052496333966763425
  },
  "layer1.0.downsample.0.weight": {
    "max": 0.9948886632919312,
    "mean": 0.10831731620976436
  },
  "layer1.0.downsample.1.bias": {
    "max": 0.14716479182243347,
    "mean": 0.015896980766805686
  },
  "layer1.0.downsample.1.weight": {
    "max": 0.6757112145423889,
    "mean": 0.03742459689250349
  },
  "layer1.1.bn1.bias": {
    "max": 0.10358718782663345,
    "mean": 0.00947446364822099
  },
  "layer1.1.bn1.weight": {
    "max": 0.13188377022743225,
    "mean": 0.0127306007765167
  },
  "layer1.1.bn2.bias": {
    "max": 0.03640388697385788,
    "mean": 0.00433371593416918
  },
  "layer1.1.bn2.weight": {
    "max": 0.06763540208339691,
    "mean": 0.008028698309249844
  },
  "layer1.1.bn3.bias": {
    "max": 0.09906619787216187,
    "mean": 0.010912724790229861
  },
  "layer1.1.bn3.weight": {
    "max": 0.24991901218891144,
    "mean": 0.026988537149736657
  },
  "layer1.1.conv1.weight": {
    "max": 0.2289131134748459,
    "mean": 0.02186160945142287
  },
  "layer1.1.conv2.weight": {
    "max": 0.21048294007778168,
    "mean": 0.027880643654082504
  },
  "layer1.1.conv3.weight": {
    "max": 0.25034546852111816,
    "mean": 0.03104106654030537
  },
  "layer1.2.bn1.bias": {
    "max": 0.03307186812162399,
    "mean": 0.003329464353259287
  },
  "layer1.2.bn1.weight": {
    "max": 0.03335434943437576,
    "mean": 0.004796058987724661
  },
  "layer1.2.bn2.bias": {
    "max": 0.017925700172781944,
    "mean": 0.0026879601366402183
  },
  "layer1.2.bn2.weight": {
    "max": 0.028107890859246254,
    "mean": 0.004814361736477752
  },
  "layer1.2.bn3.bias": {
    "max": 0.04940434545278549,
    "mean": 0.007208467252743763
  },
  "layer1.2.bn3.weight": {
    "max": 0.09470668435096741,
    "mean": 0.012774125007812732
  },
  "layer1.2.conv1.weight": {
    "max": 0.16476114094257355,
    "mean": 0.02236230009684472
  },
  "layer1.2.conv2.weight": {
    "max": 0.1379377394914627,
    "mean": 0.023584560710670693
  },
  "layer1.2.conv3.weight": {
    "max": 0.13423247635364532,
    "mean": 0.02343160320572289
  },
  "layer2.0.bn1.bias": {
    "max": 0.06199035421013832,
    "mean": 0.0057806100428362175
  },
  "layer2.0.bn1.weight": {
    "max": 0.057717662304639816,
    "mean": 0.007740580462268554
  },
  "layer2.0.bn2.bias": {
    "max": 0.02213001251220703,
    "mean": 0.003073131175416555
  },
  "layer2.0.bn2.weight": {
    "max": 0.04260138422250748,
    "mean": 0.0066338770248694345
  },
  "layer2.0.bn3.bias": {
    "max": 0.04211397469043732,
    "mean": 0.005361883989410542
  },
  "layer2.0.bn3.weight": {
    "max": 0.04991608485579491,
    "mean": 0.007958234413319068
  },
  "layer2.0.conv1.weight": {
    "max": 0.3229036033153534,
    "mean": 0.03903335004579276
  },
  "layer2.0.conv2.weight": {
    "max": 0.1481969952583313,
    "mean": 0.026174249565395127
  },
  "layer2.0.conv3.weight": {
    "max": 0.24105927348136902,
    "mean": 0.037654099761441885
  },
  "layer2.0.downsample.0.weight": {
    "max": 0.23214440047740936,
    "mean": 0.03525146705131712
  },
  "layer2.0.downsample.1.bias": {
    "max": 0.04211397469043732,
    "mean": 0.005361883989410542
  },
  "layer2.0.downsample.1.weight": {
    "max": 0.05001547187566757,
    "mean": 0.007810572123479298
  },
  "layer2.1.bn1.bias": {
    "max": 0.04304011911153793,
    "mean": 0.005128416903296186
  },
  "layer2.1.bn1.weight": {
    "max": 0.06664147973060608,
    "mean": 0.007928893824365723
  },
  "layer2.1.bn2.bias": {
    "max": 0.03776990994811058,
    "mean": 0.005106979511536857
  },
  "layer2.1.bn2.weight": {
    "max": 0.0414072684943676,
    "mean": 0.006820145627342364
  },
  "layer2.1.bn3.bias": {
    "max": 0.040697306394577026,
    "mean": 0.004777288609475363
  },
  "layer2.1.bn3.weight": {
    "max": 0.040833115577697754,
    "mean": 0.006516929165352069
  },
  "layer2.1.conv1.weight": {
    "max": 0.13916419446468353,
    "mean": 0.02061605378370067
  },
  "layer2.1.conv2.weight": {
    "max": 0.28454381227493286,
    "mean": 0.037288122377358374
  },
  "layer2.1.conv3.weight": {
    "max": 0.20470623672008514,
    "mean": 0.030797080272376272
  },
  "layer2.2.bn1.bias": {
    "max": 0.03910379111766815,
    "mean": 0.0056784354317226515
  },
  "layer2.2.bn1.weight": {
    "max": 0.04499572888016701,
    "mean": 0.008267747636751404
  },
  "layer2.2.bn2.bias": {
    "max": 0.024924444034695625,
    "mean": 0.004055526594643847
  },
  "layer2.2.bn2.weight": {
    "max": 0.04842082038521767,
    "mean": 0.00679751431891678
  },
  "layer2.2.bn3.bias": {
    "max": 0.035315170884132385,
    "mean": 0.004336335036371436
  },
  "layer2.2.bn3.weight": {
    "max": 0.03724273294210434,
    "mean": 0.006996444829648161
  },
  "layer2.2.conv1.weight": {
    "max": 0.12259309738874435,
    "mean": 0.019967879716672802
  },
  "layer2.2.conv2.weight": {
    "max": 0.17531871795654297,
    "mean": 0.028194067506951147
  },
  "layer2.2.conv3.weight": {
    "max": 0.15922991931438446,
    "mean": 0.030618975837049738
  },
  "layer2.3.bn1.bias": {
    "max": 0.02979385294020176,
    "mean": 0.004091985330742318
  },
  "layer2.3.bn1.weight": {
    "max": 0.03684142231941223,
    "mean": 0.006287791446790964
  },
  "layer2.3.bn2.bias": {
    "max": 0.037129003554582596,
    "mean": 0.004126227960493582
  },
  "layer2.3.bn2.weight": {
    "max": 0.043142013251781464,
    "mean": 0.006700888482321586
  },
  "layer2.3.bn3.bias": {
    "max": 0.02747258171439171,
    "mean": 0.0037329835817841482
  },
  "layer2.3.bn3.weight": {
    "max": 0.03268161043524742,
    "mean": 0.005342431196601995
  },
  "layer2.3.conv1.weight": {
    "max": 0.13403335213661194,
    "mean": 0.021558413230730884
  },
  "layer2.3.conv2.weight": {
    "max": 0.10518233478069305,
    "mean": 0.021787854801098416
  },
  "layer2.3.conv3.weight": {
    "max": 0.11576302349567413,
    "mean": 0.022623113467790452
  },
  "layer3.0.bn1.bias": {
    "max": 0.04798264801502228,
    "mean": 0.007358829761506059
  },
  "layer3.0.bn1.weight": {
    "max": 0.06231056898832321,
    "mean": 0.011056088878540322
  },
  "layer3.0.bn2.bias": {
    "max": 0.014430971816182137,
    "mean": 0.003061702683189651
  },
  "layer3.0.bn2.weight": {
    "max": 0.02950187399983406,
    "mean": 0.005712648929620628
  },
  "layer3.0.bn3.bias": {
    "max": 0.02708127722144127,
    "mean": 0.005214378379543113
  },
  "layer3.0.bn3.weight": {
    "max": 0.038116227835416794,
    "mean": 0.007948540187000098
  },
  "layer3.0.conv1.weight": {
    "max": 0.21088117361068726,
    "mean": 0.04062188340550554
  },
  "layer3.0.conv2.weight": {
    "max": 0.11287197470664978,
    "mean": 0.0241272162925452
  },
  "layer3.0.conv3.weight": {
    "max": 0.145182803273201,