{
  "bn1.bias": {
    "max": 0.08262678980827332,
    "mean": 0.022422129302285612
  },
  "bn1.weight": {
    "max": 0.26155292987823486,
    "mean": 0.0881219384553177
  },
  "conv1.weight": {
    "max": 1.0503722429275513,
    "mean": 0.4539967055831637
  },
  "fc.bias": {
    "max": 0.1336621195077896,
    "mean": 0.05109666839241982
  },
  "fc.weight": {
    "max": 1.8754254579544067,
    "mean": 0.7798354129280363
  },
  "layer1.0.bn1.bias": {
    "max": 0.06645477563142776,
    "mean": 0.019522389428956167
  },
  "layer1.0.bn1.weight": {
    "max": 0.08763755112886429,
    "mean": 0.025887226260134153
  },
  "layer1.0.bn2.bias": {
    "max": 0.05342338606715202,
    "mean": 0.017898037561348508
  },
  "layer1.0.bn2.weight": {
    "max": 0.12703587114810944,
    "mean": 0.035551889432328086
  },
  "layer1.0.bn3.bias": {
    "max": 0.12048379331827164,
    "mean": 0.041893381572195465
  },
  "layer1.0.bn3.weight": {
    "max": 0.2719824016094208,
    "mean": 0.09965083315968513
  },
  "layer1.0.conv1.weight": {
    "max": 0.3263976573944092,
    "mean": 0.12574583852929727
  },
  "layer1.0.conv2.weight": {
    "max": 0.5462547540664673,
    "mean": 0.17616997273904936
  },
  "layer1.0.conv3.weight": {
    "max": 0.3793404698371887,
    "mean": 0.14161174279238498
  },
  "layer1.0.downsample.0.weight": {
    "max": 0.8328820466995239,
    "mean": 0.31762561502201214
  },
  "layer1.0.downsample.1.bias": {
    "max": 0.12048379331827164,
    "mean": 0.041893381572195465
  },
  "layer1.0.downsample.1.weight": {
    "max": 0.2600443959236145,
    "mean": 0.09454243356628077
  },
  "layer1.1.bn1.bias": {
    "max": 0.11365727335214615,
    "mean": 0.02675106649420091
  },
  "layer1.1.bn1.weight": {
    "max": 0.11028408259153366,
    "mean": 0.03583265503336276
  },
  "layer1.1.bn2.bias": {
    "max": 0.04054248332977295,
    "mean": 0.012209782421455852
  },
  "layer1.1.bn2.weight": {
    "max": 0.05803133547306061,
    "mean": 0.02258126995260162
  },
  "layer1.1.bn3.bias": {
    "max": 0.08641349524259567,
    "mean": 0.030481882374733687
  },
  "layer1.1.bn3.weight": {
    "max": 0.1796828955411911,
    "mean": 0.06998171487024853
  },
  "layer1.1.conv1.weight": {
    "max": 0.2009762078523636,
    "mean": 0.06910438749939203
  },
  "layer1.1.conv2.weight": {
    "max": 0.21595482528209686,
    "mean": 0.08247421090624162
  },
  "layer1.1.conv3.weight": {
    "max": 0.2870735228061676,
    "mean": 0.09127876463745321
  },
  "layer1.2.bn1.bias": {
    "max": 0.022720826789736748,
    "mean": 0.008598430332993822
  },
  "layer1.2.bn1.weight": {
    "max": 0.04519069567322731,
    "mean": 0.014000860967540316
  },
  "layer1.2.bn2.bias": {
    "max": 0.018161501735448837,
    "mean": 0.007512253149678664
  },
  "layer1.2.bn2.weight": {
    "max": 0.03593749180436134,
    "mean": 0.013668502488040498
  },
  "layer1.2.bn3.bias": {
    "max": 0.05859727784991264,
    "mean": 0.020334580523361054
  },
  "layer1.2.bn3.weight": {
    "max": 0.09905917197465897,
    "mean": 0.039246803961162056
  },
  "layer1.2.conv1.weight": {
    "max": 0.1769573837518692,
    "mean": 0.06531379865748542
  },
  "layer1.2.conv2.weight": {
    "max": 0.1846127212047577,
    "mean": 0.07201122715537037
  },
  "layer1.2.conv3.weight": {
    "max": 0.19360588490962982,
    "mean": 0.07102850483996527
  },
  "layer2.0.bn1.bias": {
    "max": 0.039738643914461136,
    "mean": 0.015094095936843327
  },
  "layer2.0.bn1.weight": {
    "max": 0.05960657447576523,
    "mean": 0.021453285285138658
  },
  "layer2.0.bn2.bias": {
    "max": 0.023617535829544067,
    "mean": 0.007862992607323187
  },
  "layer2.0.bn2.weight": {
    "max": 0.06364835798740387,
    "mean": 0.01762582749926618
  },
  "layer2.0.bn3.bias": {
    "max": 0.04227649047970772,
    "mean": 0.014022626767733267
  },
  "layer2.0.bn3.weight": {
    "max": 0.06422874331474304,
    "mean": 0.021561656193807722
  },
  "layer2.0.conv1.weight": {
    "max": 0.3228064775466919,
    "mean": 0.1164946479669639
  },
  "layer2.0.conv2.weight": {
    "max": 0.2257765680551529,
    "mean": 0.07531455375254154
  },
  "layer2.0.conv3.weight": {
    "max": 0.34224599599838257,
    "mean": 0.10460951622043337
  },
  "layer2.0.downsample.0.weight": {
    "max": 0.26068180799484253,
    "mean": 0.09922442610774722
  },
  "layer2.0.downsample.1.bias": {
    "max": 0.04227649047970772,
    "mean": 0.014022626767733267
  },
  "layer2.0.downsample.1.weight": {
    "max": 0.0628279373049736,
    "mean": 0.021263397061931234
  },
  "layer2.1.bn1.bias": {
    "max": 0.04708397015929222,
    "mean": 0.01406669743625181
  },
  "layer2.1.bn1.weight": {
    "max": 0.06459033489227295,
    "mean": 0.02198025718331337
  },
  "layer2.1.bn2.bias": {
    "max": 0.047153573483228683,
    "mean": 0.013840662481795465
  },
  "layer2.1.bn2.weight": {
    "max": 0.048615437000989914,
    "mean": 0.01882320288568735
  },
  "layer2.1.bn3.bias": {
    "max": 0.0371415838599205,
    "mean": 0.012510857872132745
  },
  "layer2.1.bn3.weight": {
    "max": 0.050186559557914734,
    "mean": 0.01871413384431175
  },
  "layer2.1.conv1.weight": {
    "max": 0.18171489238739014,
    "mean": 0.0635692287342889
  },
  "layer2.1.conv2.weight": {
    "max": 0.322559118270874,
    "mean": 0.10670373124735696
  },
  "layer2.1.conv3.weight": {
    "max": 0.2556406855583191,
    "mean": 0.09139089532728706
  },
  "layer2.2.bn1.bias": {
    "max": 0.056515172123909,
    "mean": 0.01584959110777293
  },
  "layer2.2.bn1.weight": {
    "max": 0.07686298340559006,
    "mean": 0.023283023489639162
  },
  "layer2.2.bn2.bias": {
    "max": 0.06867501884698868,
    "mean": 0.011724490374991936
  },
  "layer2.2.bn2.weight": {
    "max": 0.13403521478176117,
    "mean": 0.020433328872812646
  },
  "layer2.2.bn3.bias": {
    "max": 0.03280412778258324,
    "mean": 0.011487094165890345
  },
  "layer2.2.bn3.weight": {
    "max": 0.051861897110939026,
    "mean": 0.019177724049825755
  },
  "layer2.2.conv1.weight": {
    "max": 0.2043163925409317,
    "mean": 0.05949425168867622
  },
  "layer2.2.conv2.weight": {
    "max": 0.6103705763816833,
    "mean": 0.08914012124495847
  },
  "layer2.2.conv3.weight": {
    "max": 0.46788910031318665,
    "mean": 0.09352293244962182
  },
  "layer2.3.bn1.bias": {
    "max": 0.04312904179096222,
    "mean": 0.011981171811265606
  },
  "layer2.3.bn1.weight": {
    "max": 0.08534650504589081,
    "mean": 0.01913806243799627
  },
  "layer2.3.bn2.bias": {
    "max": 0.04723173379898071,
    "mean": 0.011863142508747322
  },
  "layer2.3.bn2.weight": {
    "max": 0.09395047277212143,
    "mean": 0.01978806870324271
  },
  "layer2.3.bn3.bias": {
    "max": 0.02800864540040493,
    "mean": 0.009858647936156819
  },
  "layer2.3.bn3.weight": {
    "max": 0.04378806799650192,
    "mean": 0.01728268262131938
  },
  "layer2.3.conv1.weight": {
    "max": 0.2956596612930298,
    "mean": 0.06889475214694228
  },
  "layer2.3.conv2.weight": {
    "max": 0.3604584336280823,
    "mean": 0.06993983911616461
  },
  "layer2.3.conv3.weight": {
    "max": 0.26831385493278503,
    "mean": 0.07507915361651353
  },
  "layer3.0.bn1.bias": {
    "max": 0.047739602625370026,
    "mean": 0.01944126638716885
  },
  "layer3.0.bn1.weight": {
    "max": 0.07259280979633331,
    "mean": 0.028892540875822305
  },
  "layer3.0.bn2.bias": {
    "max": 0.02082023397088051,
    "mean": 0.00816714824443417
  },
  "layer3.0.bn2.weight": {
    "max": 0.04137677699327469,
    "mean": 0.01523613337959562
  },
  "layer3.0.bn3.bias": {
    "max": 0.03951006010174751,
    "mean": 0.014488919808396271
  },
  "layer3.0.bn3.weight": {
    "max": 0.05854707956314087,
    "mean": 0.02173943457725857
  },
  "layer3.0.conv1.weight": {
    "max": 0.3253413140773773,
    "mean": 0.11823927656880447
  },
  "layer3.0.conv2.weight": {
    "max": 0.1884070783853531,
    "mean": 0.06802686324076992
  },
  "layer3.0.conv3.weight": {
    "max": 0.23886382579803467,
    "mean": 0.09037291051021644
  },