{
  "bn1.bias": {
    "max": 0.133414626121521,
    "mean": 0.0320785742732031
  },
  "bn1.weight": {
    "max": 0.35804039239883423,
    "mean": 0.12173669197729656
  },
  "conv1.weight": {
    "max": 1.7509222030639648,
    "mean": 0.7560469896452767
  },
  "fc.bias": {
    "max": 0.2136778086423874,
    "mean": 0.12006077004330498
  },
  "fc.weight": {
    "max": 2.7673232555389404,
    "mean": 1.5159553255353655
  },
  "layer1.0.bn1.bias": {
    "max": 0.10219782590866089,
    "mean": 0.026360228455492428
  },
  "layer1.0.bn1.weight": {
    "max": 0.07937400788068771,
    "mean": 0.034087983603988375
  },
  "layer1.0.bn2.bias": {
    "max": 0.08967095613479614,
    "mean": 0.023661509087043148
  },
  "layer1.0.bn2.weight": {
    "max": 0.11423607170581818,
    "mean": 0.051809663442628724
  },
  "layer1.0.bn3.bias": {
    "max": 0.1568182408809662,
    "mean": 0.055066989394170894
  },
  "layer1.0.bn3.weight": {
    "max": 0.4507995545864105,
    "mean": 0.13464480836476597
  },
  "layer1.0.conv1.weight": {
    "max": 0.5800090432167053,
    "mean": 0.18750818201473782
  },
  "layer1.0.conv2.weight": {
    "max": 0.6201004981994629,
    "mean": 0.2197975959948131
  },
  "layer1.0.conv3.weight": {
    "max": 0.48113465309143066,
    "mean": 0.18299471742340498
  },
  "layer1.0.downsample.0.weight": {
    "max": 1.1904284954071045,
    "mean": 0.45032025149890353
  },
  "layer1.0.downsample.1.bias": {
    "max": 0.1568182408809662,
    "mean": 0.055066989394170894
  },
  "layer1.0.downsample.1.weight": {
    "max": 0.42843350768089294,
    "mean": 0.12755955872791155
  },
  "layer1.1.bn1.bias": {
    "max": 0.10826829820871353,
    "mean": 0.04112138936562198
  },
  "layer1.1.bn1.weight": {
    "max": 0.19257748126983643,
    "mean": 0.05647018651877131
  },
  "layer1.1.bn2.bias": {
    "max": 0.038775525987148285,
    "mean": 0.016680517907121353
  },
  "layer1.1.bn2.weight": {
    "max": 0.1074829027056694,
    "mean": 0.031632067034287115
  },
  "layer1.1.bn3.bias": {
    "max": 0.11588063836097717,
    "mean": 0.03920621095491307
  },
  "layer1.1.bn3.weight": {
    "max": 0.2467947006225586,
    "mean": 0.09134340832276004
  },
  "layer1.1.conv1.weight": {
    "max": 0.5465658903121948,
    "mean": 0.10900496304035187
  },
  "layer1.1.conv2.weight": {
    "max": 0.37031659483909607,
    "mean": 0.12006613414202418
  },
  "layer1.1.conv3.weight": {
    "max": 0.7333917021751404,
    "mean": 0.13083330556750297
  },
  "layer1.2.bn1.bias": {
    "max": 0.032603610306978226,
    "mean": 0.011731490973117096
  },
  "layer1.2.bn1.weight": {
    "max": 0.0647144615650177,
    "mean": 0.020464682595006056
  },
  "layer1.2.bn2.bias": {
    "max": 0.02737860567867756,
    "mean": 0.01032939543149301
  },
  "layer1.2.bn2.weight": {
    "max": 0.043887630105018616,
    "mean": 0.019097762389906816
  },
  "layer1.2.bn3.bias": {
    "max": 0.07149170339107513,
    "mean": 0.026735630775136607
  },
  "layer1.2.bn3.weight": {
    "max": 0.45455119013786316,
    "mean": 0.06641477326197284
  },
  "layer1.2.conv1.weight": {
    "max": 0.5625627636909485,
    "mean": 0.09391575431185109
  },
  "layer1.2.conv2.weight": {
    "max": 0.24022136628627777,
    "mean": 0.0997929176901068
  },
  "layer1.2.conv3.weight": {
    "max": 0.3290810286998749,
    "mean": 0.10370508734669004
  },
  "layer2.0.bn1.bias": {
    "max": 0.05435561388731003,
    "mean": 0.020552876394774232
  },
  "layer2.0.bn1.weight": {
    "max": 0.06755024939775467,
    "mean": 0.028361123220196793
  },
  "layer2.0.bn2.bias": {
    "max": 0.03319186344742775,
    "mean": 0.010757694747298955
  },
  "layer2.0.bn2.weight": {
    "max": 0.05464174598455429,
    "mean": 0.022724221343440668
  },
  "layer2.0.bn3.bias": {
    "max": 0.050681304186582565,
    "mean": 0.01847030228802136
  },
  "layer2.0.bn3.weight": {
    "max": 0.06208924949169159,
    "mean": 0.027226834605847086
  },
  "layer2.0.conv1.weight": {
    "max": 0.3983200788497925,
    "mean": 0.15982452345745904
  },
  "layer2.0.conv2.weight": {
    "max": 0.2278556376695633,
    "mean": 0.10054401770234107
  },
  "layer2.0.conv3.weight": {
    "max": 0.292447030544281,
    "mean": 0.13569427764841488
  },
  "layer2.0.downsample.0.weight": {
    "max": 0.3044281303882599,
    "mean": 0.1323968388565949
  },
  "layer2.0.downsample.1.bias": {
    "max": 0.050681304186582565,
    "mean": 0.01847030228802136
  },
  "layer2.0.downsample.1.weight": {
    "max": 0.07958614081144333,
    "mean": 0.027588119336536952
  },
  "layer2.1.bn1.bias": {
    "max": 0.056853365153074265,
    "mean": 0.020193077057067837
  },
  "layer2.1.bn1.weight": {
    "max": 0.08080877363681793,
    "mean": 0.0312977333260434
  },
  "layer2.1.bn2.bias": {
    "max": 0.04660314321517944,
    "mean": 0.01879567521757313
  },
  "layer2.1.bn2.weight": {
    "max": 0.052083224058151245,
    "mean": 0.025799661198897022
  },
  "layer2.1.bn3.bias": {
    "max": 0.045721717178821564,
    "mean": 0.01629505377528923
  },
  "layer2.1.bn3.weight": {
    "max": 0.06299731880426407,
    "mean": 0.02449862011309181
  },
  "layer2.1.conv1.weight": {
    "max": 0.23492194712162018,
    "mean": 0.09296268305608205
  },
  "layer2.1.conv2.weight": {
    "max": 0.4244708716869354,
    "mean": 0.14541680721299988
  },
  "layer2.1.conv3.weight": {
    "max": 0.30305010080337524,
    "mean": 0.12885269494993346
  },
  "layer2.2.bn1.bias": {
    "max": 0.08597128838300705,
    "mean": 0.02164557217221175
  },
  "layer2.2.bn1.weight": {
    "max": 0.1271032989025116,
    "mean": 0.032245791692818916
  },
  "layer2.2.bn2.bias": {
    "max": 0.059455983340740204,
    "mean": 0.015856807056282247
  },
  "layer2.2.bn2.weight": {
    "max": 0.0950496569275856,
    "mean": 0.027143965464617524
  },
  "layer2.2.bn3.bias": {
    "max": 0.03917977958917618,
    "mean": 0.014815299888806683
  },
  "layer2.2.bn3.weight": {
    "max": 0.059299953281879425,
    "mean": 0.024771754632570912
  },
  "layer2.2.conv1.weight": {
    "max": 0.2511843144893646,
    "mean": 0.0857796988849129
  },
  "layer2.2.conv2.weight": {
    "max": 0.4051043391227722,
    "mean": 0.12040456867643765
  },
  "layer2.2.conv3.weight": {
    "max": 0.3552325963973999,
    "mean": 0.12486792802810669
  },
  "layer2.3.bn1.bias": {
    "max": 0.042955078184604645,
    "mean": 0.017309726000364338
  },
  "layer2.3.bn1.weight": {
    "max": 0.05298466980457306,
    "mean": 0.026774292699992656
  },
  "layer2.3.bn2.bias": {
    "max": 0.03922858461737633,
    "mean": 0.01640821663396699
  },
  "layer2.3.bn2.weight": {
    "max": 0.05265236645936966,
    "mean": 0.026668255648442676
  },
  "layer2.3.bn3.bias": {
    "max": 0.03500419110059738,
    "mean": 0.012304771594437105
  },
  "layer2.3.bn3.weight": {
    "max": 0.06575100868940353,
    "mean": 0.023820148136998925
  },
  "layer2.3.conv1.weight": {
    "max": 0.21615701913833618,
    "mean": 0.1051780734530517
  },
  "layer2.3.conv2.weight": {
    "max": 0.19964149594306946,
    "mean": 0.09819833319102014
  },
  "layer2.3.conv3.weight": {
    "max": 0.22112619876861572,
    "mean": 0.10509083947965077
  },
  "layer3.0.bn1.bias": {
    "max": 0.08572500199079514,
    "mean": 0.024208273057426725
  },
  "layer3.0.bn1.weight": {
    "max": 0.09288732707500458,
    "mean": 0.03502389484750373
  },
  "layer3.0.bn2.bias": {
    "max": 0.024527864530682564,
    "mean": 0.009756346843870623
  },
  "layer3.0.bn2.weight": {
    "max": 0.03859344869852066,
    "mean": 0.018061657547950746
  },
  "layer3.0.bn3.bias": {
    "max": 0.04114817455410957,
    "mean": 0.017059080028640372
  },
  "layer3.0.bn3.weight": {
    "max": 0.05177877098321915,
    "mean": 0.025072534840021813
  },
  "layer3.0.conv1.weight": {
    "max": 0.362129271030426,
    "mean": 0.14822543429476875
  },
  "layer3.0.conv2.weight": {
    "max": 0.16253140568733215,
    "mean": 0.08333383219582693
  },
  "layer3.0.conv3.weight": {
    "max": 0.22126977145671844,
    "mean": 0.10862339322056089
  },