{
  "bn1.bias": {
    "max": 0.042052045464515686,
    "mean": 0.008985995903286883
  },
  "bn1.weight": {
    "max": 0.27844786643981934,
    "mean": 0.03397371110090587
  },
  "conv1.weight": {
    "max": 0.8581019043922424,
    "mean": 0.17376980851071755
  },
  "fc.bias": {
    "max": 0.08425978571176529,
    "mean": 0.01893098920184587
  },
  "fc.weight": {
    "max": 1.071471929550171,
    "mean": 0.25981441294508323
  },
  "layer1.0.bn1.bias": {
    "max": 0.04671529680490494,
    "mean": 0.007872017518467537
  },
  "layer1.0.bn1.weight": {
    "max": 0.06441482901573181,
    "mean": 0.010953841498953157
  },
  "layer1.0.bn2.bias": {
    "max": 0.05644603818655014,
    "mean": 0.008624937198848263
  },
  "layer1.0.bn2.weight": {
    "max": 0.09052062779664993,
    "mean": 0.016447270498860495
  },
  "layer1.0.bn3.bias": {
    "max": 0.07717818766832352,
    "mean": 0.017540700808749535
  },
  "layer1.0.bn3.weight": {
    "max": 0.3007504940032959,
    "mean": 0.04630994186171197
  },
  "layer1.0.conv1.weight": {
    "max": 0.3712811768054962,
    "mean": 0.04922078990893039
  },
  "layer1.0.conv2.weight": {
    "max": 0.38657674193382263,
    "mean": 0.07515983642311767
  },
  "layer1.0.conv3.weight": {
    "max": 0.34601640701293945,
    "mean": 0.06383679503508444
  },
  "layer1.0.downsample.0.weight": {
    "max": 0.6616936326026917,
    "mean": 0.12762846780674797
  },
  "layer1.0.downsample.1.bias": {
    "max": 0.07717818766832352,
    "mean": 0.017540700808749535
  },
  "layer1.0.downsample.1.weight": {
    "max": 0.26329368352890015,
    "mean": 0.04360101556837825
  },
  "layer1.1.bn1.bias": {
    "max": 0.04954349994659424,
    "mean": 0.010496955152900358
  },
  "layer1.1.bn1.weight": {
    "max": 0.08843672275543213,
    "mean": 0.014388055316438633
  },
  "layer1.1.bn2.bias": {
    "max": 0.02480199933052063,
    "mean": 0.004900389916022375
  },
  "layer1.1.bn2.weight": {
    "max": 0.05055360496044159,
    "mean": 0.009422789025328322
  },
  "layer1.1.bn3.bias": {
    "max": 0.057601913809776306,
    "mean": 0.012425400633697532
  },
  "layer1.1.bn3.weight": {
    "max": 0.1949111670255661,
    "mean": 0.032267250982445796
  },
  "layer1.1.conv1.weight": {
    "max": 0.19903221726417542,
    "mean": 0.027656739568420952
  },
  "layer1.1.conv2.weight": {
    "max": 0.1677057445049286,
    "mean": 0.0329618811873453
  },
  "layer1.1.conv3.weight": {
    "max": 0.1867212951183319,
    "mean": 0.03748918155091815
  },
  "layer1.2.bn1.bias": {
    "max": 0.02012008987367153,
    "mean": 0.0038173974355491477
  },
  "layer1.2.bn1.weight": {
    "max": 0.06595270335674286,
    "mean": 0.006545282035658601
  },
  "layer1.2.bn2.bias": {
    "max": 0.016756417229771614,
    "mean": 0.003324238011118723
  },
  "layer1.2.bn2.weight": {
    "max": 0.04324285313487053,
    "mean": 0.0062417082141369715
  },
  "layer1.2.bn3.bias": {
    "max": 0.03941907733678818,
    "mean": 0.008326981825396484
  },
  "layer1.2.bn3.weight": {
    "max": 0.07888858765363693,
    "mean": 0.016628280243852975
  },
  "layer1.2.conv1.weight": {
    "max": 0.13749738037586212,
    "mean": 0.027221682702989452
  },
  "layer1.2.conv2.weight": {
    "max": 0.166783407330513,
    "mean": 0.030807891492399254
  },
  "layer1.2.conv3.weight": {
    "max": 0.16759368777275085,
    "mean": 0.030477548121707512
  },
  "layer2.0.bn1.bias": {
    "max": 0.029539141803979874,
    "mean": 0.006514773443632294
  },
  "layer2.0.bn1.weight": {
    "max": 0.04565337672829628,
    "mean": 0.009426365263477367
  },
  "layer2.0.bn2.bias": {
    "max": 0.018722927197813988,
    "mean": 0.003730509705991218
  },
  "layer2.0.bn2.weight": {
    "max": 0.05225744470953941,
    "mean": 0.008077592435500784
  },
  "layer2.0.bn3.bias": {
    "max": 0.028587399050593376,
    "mean": 0.00628970060811428
  },
  "layer2.0.bn3.weight": {
    "max": 0.05258573964238167,
    "mean": 0.009774682034912986
  },
  "layer2.0.conv1.weight": {
    "max": 0.265657901763916,
    "mean": 0.04767899704980664
  },
  "layer2.0.conv2.weight": {
    "max": 0.1835094839334488,
    "mean": 0.03395007770724728
  },
  "layer2.0.conv3.weight": {
    "max": 0.2875584363937378,
    "mean": 0.04750771676522813
  },
  "layer2.0.downsample.0.weight": {
    "max": 0.220433309674263,
    "mean": 0.04431743938409324
  },
  "layer2.0.downsample.1.bias": {
    "max": 0.028587399050593376,
    "mean": 0.00628970060811428
  },
  "layer2.0.downsample.1.weight": {
    "max": 0.05121193453669548,
    "mean": 0.009862292893480376
  },
  "layer2.1.bn1.bias": {
    "max": 0.024894224479794502,
    "mean": 0.005478354129050526
  },
  "layer2.1.bn1.weight": {
    "max": 0.04343702271580696,
    "mean": 0.008691746163863822
  },
  "layer2.1.bn2.bias": {
    "max": 0.0286110732704401,
    "mean": 0.006195556841599423
  },
  "layer2.1.bn2.weight": {
    "max": 0.04082850366830826,
    "mean": 0.008397697342900625
  },
  "layer2.1.bn3.bias": {
    "max": 0.02633986808359623,
    "mean": 0.005692427575850161
  },
  "layer2.1.bn3.weight": {
    "max": 0.03537910431623459,
    "mean": 0.0077666023811408585
  },
  "layer2.1.conv1.weight": {
    "max": 0.11100573092699051,
    "mean": 0.024414340555501568
  },
  "layer2.1.conv2.weight": {
    "max": 0.22040793299674988,
    "mean": 0.043392049487613674
  },
  "layer2.1.conv3.weight": {
    "max": 0.18785405158996582,
    "mean": 0.038287180506990155
  },
  "layer2.2.bn1.bias": {
    "max": 0.03696555271744728,
    "mean": 0.006954325199809058
  },
  "layer2.2.bn1.weight": {
    "max": 0.05923837795853615,
    "mean": 0.010579676760743105
  },
  "layer2.2.bn2.bias": {
    "max": 0.025491906329989433,
    "mean": 0.004934288894229602
  },
  "layer2.2.bn2.weight": {
    "max": 0.04761055111885071,
    "mean": 0.008602815413988928
  },
  "layer2.2.bn3.bias": {
    "max": 0.02579932101070881,
    "mean": 0.0052318909629580695
  },
  "layer2.2.bn3.weight": {
    "max": 0.04638982564210892,
    "mean": 0.008958201212226412
  },
  "layer2.2.conv1.weight": {
    "max": 0.13058042526245117,
    "mean": 0.0261043818579388
  },
  "layer2.2.conv2.weight": {
    "max": 0.20206576585769653,
    "mean": 0.03645653140032664
  },
  "layer2.2.conv3.weight": {
    "max": 0.21321211755275726,
    "mean": 0.040201718007613504
  },
  "layer2.3.bn1.bias": {
    "max": 0.022102704271674156,
    "mean": 0.005025571105569335
  },
  "layer2.3.bn1.weight": {
    "max": 0.03857894614338875,
    "mean": 0.008253330136108811
  },
  "layer2.3.bn2.bias": {
    "max": 0.02492734231054783,
    "mean": 0.005248577691444162
  },
  "layer2.3.bn2.weight": {
    "max": 0.04787737876176834,
    "mean": 0.008983449217297936
  },
  "layer2.3.bn3.bias": {
    "max": 0.020625952631235123,
    "mean": 0.004482949746951428
  },
  "layer2.3.bn3.weight": {
    "max": 0.0322299487888813,
    "mean": 0.007129105605750478
  },
  "layer2.3.conv1.weight": {
    "max": 0.1379345804452896,
    "mean": 0.02843156883193712
  },
  "layer2.3.conv2.weight": {
    "max": 0.13740523159503937,
    "mean": 0.0298834737679655
  },
  "layer2.3.conv3.weight": {
    "max": 0.14951129257678986,
    "mean": 0.031536848815490626
  },
  "layer3.0.bn1.bias": {
    "max": 0.03859681636095047,
    "mean": 0.00872015390836168
  },
  "layer3.0.bn1.weight": {
    "max": 0.06811293214559555,
    "mean": 0.013951628262459832
  },
  "layer3.0.bn2.bias": {
    "max": 0.01793614774942398,
    "mean": 0.003929873916994049
  },
  "layer3.0.bn2.weight": {
    "max": 0.04531697556376457,
    "mean": 0.007528222508221266
  },
  "layer3.0.bn3.bias": {
    "max": 0.02926044352352619,
    "mean": 0.0065287978696038146
  },
  "layer3.0.bn3.weight": {
    "max": 0.05318262800574303,
    "mean": 0.01047088449055861
  },
  "layer3.0.conv1.weight": {
    "max": 0.2859029471874237,
    "mean": 0.053313821434442486
  },
  "layer3.0.conv2.weight": {
    "max": 0.16133420169353485,
    "mean": 0.03221242688280264
  },
  "layer3.0.conv3.weight": {
    "max": 0.2336314618587494,