{
  "bn1.bias": {
    "max": 0.09032745659351349,
    "mean": 0.010185814917723681
  },
  "bn1.weight": {
    "max": 0.31585147976875305,
    "mean": 0.03812421251487519
  },
  "conv1.weight": {
    "max": 1.2485084533691406,
    "mean": 0.18395617433158415
  },
  "fc.bias": {
    "max": 0.088693767786026,
    "mean": 0.018737189513049087
  },
  "fc.weight": {
    "max": 1.0850050449371338,
    "mean": 0.2450866954873449
  },
  "layer1.0.bn1.bias": {
    "max": 0.07323397696018219,
    "mean": 0.008925155458107058
  },
  "layer1.0.bn1.weight": {
    "max": 0.07233311235904694,
    "mean": 0.012255064123393302
  },
  "layer1.0.bn2.bias": {
    "max": 0.060935184359550476,
    "mean": 0.009550765602304766
  },
  "layer1.0.bn2.weight": {
    "max": 0.11572161316871643,
    "mean": 0.016820736993811026
  },
  "layer1.0.bn3.bias": {
    "max": 0.15626880526542664,
    "mean": 0.019807103282572437
  },
  "layer1.0.bn3.weight": {
    "max": 0.23391203582286835,
    "mean": 0.04467425257449836
  },
  "layer1.0.conv1.weight": {
    "max": 0.3103555142879486,
    "mean": 0.056503610457459996
  },
  "layer1.0.conv2.weight": {
    "max": 0.6085278391838074,
    "mean": 0.07887809823300423
  },
  "layer1.0.conv3.weight": {
    "max": 0.28940629959106445,
    "mean": 0.06435062858774993
  },
  "layer1.0.downsample.0.weight": {
    "max": 1.0289437770843506,
    "mean": 0.13878924178325439
  },
  "layer1.0.downsample.1.bias": {
    "max": 0.15626880526542664,
    "mean": 0.019807103282572437
  },
  "layer1.0.downsample.1.weight": {
    "max": 0.22525519132614136,
    "mean": 0.042398494301762964
  },
  "layer1.1.bn1.bias": {
    "max": 0.09068743884563446,
    "mean": 0.011401375613079705
  },
  "layer1.1.bn1.weight": {
    "max": 0.10921210795640945,
    "mean": 0.015403725577302144
  },
  "layer1.1.bn2.bias": {
    "max": 0.042683444917201996,
    "mean": 0.0051019345330964175
  },
  "layer1.1.bn2.weight": {
    "max": 0.079726941883564,
    "mean": 0.00964757913923157
  },
  "layer1.1.bn3.bias": {
    "max": 0.10737145692110062,
    "mean": 0.013661021072642013
  },
  "layer1.1.bn3.weight": {
    "max": 0.2043871134519577,
    "mean": 0.03216221863645062
  },
  "layer1.1.conv1.weight": {
    "max": 0.1667751967906952,
    "mean": 0.02670036796064648
  },
  "layer1.1.conv2.weight": {
    "max": 0.16774503886699677,
    "mean": 0.033803286503784225
  },
  "layer1.1.conv3.weight": {
    "max": 0.19213426113128662,
    "mean": 0.038153026991141294
  },
  "layer1.2.bn1.bias": {
    "max": 0.018760845065116882,
    "mean": 0.00383283839267928
  },
  "layer1.2.bn1.weight": {
    "max": 0.035037510097026825,
    "mean": 0.00602632548175669
  },
  "layer1.2.bn2.bias": {
    "max": 0.017353026196360588,
    "mean": 0.0033095644377837225
  },
  "layer1.2.bn2.weight": {
    "max": 0.03477528691291809,
    "mean": 0.0060820515196038675
  },
  "layer1.2.bn3.bias": {
    "max": 0.08830345422029495,
    "mean": 0.00956485310710767
  },
  "layer1.2.bn3.weight": {
    "max": 0.08213391900062561,
    "mean": 0.016459322906323775
  },
  "layer1.2.conv1.weight": {
    "max": 0.14821664988994598,
    "mean": 0.027270713773240068
  },
  "layer1.2.conv2.weight": {
    "max": 0.168410986661911,
    "mean": 0.029820085484368195
  },
  "layer1.2.conv3.weight": {
    "max": 0.15404599905014038,
    "mean": 0.029311836112589973
  },
  "layer2.0.bn1.bias": {
    "max": 0.03774772211909294,
    "mean": 0.007018155066304774
  },
  "layer2.0.bn1.weight": {
    "max": 0.06047602370381355,
    "mean": 0.009833615948737133
  },
  "layer2.0.bn2.bias": {
    "max": 0.016948409378528595,
    "mean": 0.0037130195149386834
  },
  "layer2.0.bn2.weight": {
    "max": 0.049655016511678696,
    "mean": 0.008211266821017488
  },
  "layer2.0.bn3.bias": {
    "max": 0.04005090519785881,
    "mean": 0.006860933733093719
  },
  "layer2.0.bn3.weight": {
    "max": 0.05190680921077728,
    "mean": 0.01031058876937355
  },
  "layer2.0.conv1.weight": {
    "max": 0.2708805799484253,
    "mean": 0.04817208652717194
  },
  "layer2.0.conv2.weight": {
    "max": 0.18597958981990814,
    "mean": 0.03328841679679629
  },
  "layer2.0.conv3.weight": {
    "max": 0.26071301102638245,
    "mean": 0.04738996646649737
  },
  "layer2.0.downsample.0.weight": {
    "max": 0.27153539657592773,
    "mean": 0.04642850739898027
  },
  "layer2.0.downsample.1.bias": {
    "max": 0.04005090519785881,
    "mean": 0.006860933733093719
  },
  "layer2.0.downsample.1.weight": {
    "max": 0.05362039431929588,
    "mean": 0.010295521835214459
  },
  "layer2.1.bn1.bias": {
    "max": 0.04542141035199165,
    "mean": 0.0061805837066328554
  },
  "layer2.1.bn1.weight": {
    "max": 0.061642300337553024,
    "mean": 0.00945301754670384
  },
  "layer2.1.bn2.bias": {
    "max": 0.04628796875476837,
    "mean": 0.006922646009188611
  },
  "layer2.1.bn2.weight": {
    "max": 0.046531978994607925,
    "mean": 0.009224793838969033
  },
  "layer2.1.bn3.bias": {
    "max": 0.03995394706726074,
    "mean": 0.006196218146526787
  },
  "layer2.1.bn3.weight": {
    "max": 0.051903367042541504,
    "mean": 0.008455940373844766
  },
  "layer2.1.conv1.weight": {
    "max": 0.12330348044633865,
    "mean": 0.025271270645399843
  },
  "layer2.1.conv2.weight": {
    "max": 0.28402888774871826,
    "mean": 0.04533588381999704
  },
  "layer2.1.conv3.weight": {
    "max": 0.20438984036445618,
    "mean": 0.039602523064906046
  },
  "layer2.2.bn1.bias": {
    "max": 0.03595977649092674,
    "mean": 0.007201772247894301
  },
  "layer2.2.bn1.weight": {
    "max": 0.050345249474048615,
    "mean": 0.010477494347599401
  },
  "layer2.2.bn2.bias": {
    "max": 0.0274136271327734,
    "mean": 0.005056044784869301
  },
  "layer2.2.bn2.weight": {
    "max": 0.04841725528240204,
    "mean": 0.00858243646066902
  },
  "layer2.2.bn3.bias": {
    "max": 0.038080066442489624,
    "mean": 0.005695662656882113
  },
  "layer2.2.bn3.weight": {
    "max": 0.061659544706344604,
    "mean": 0.009226127907625467
  },
  "layer2.2.conv1.weight": {
    "max": 0.12024559825658798,
    "mean": 0.0250554099389618
  },
  "layer2.2.conv2.weight": {
    "max": 0.2155393809080124,
    "mean": 0.03669125811296648
  },
  "layer2.2.conv3.weight": {
    "max": 0.2365940660238266,
    "mean": 0.03952294372604229
  },
  "layer2.3.bn1.bias": {
    "max": 0.02050793170928955,
    "mean": 0.004931214586457437
  },
  "layer2.3.bn1.weight": {
    "max": 0.03736347705125809,
    "mean": 0.007860355282942431
  },
  "layer2.3.bn2.bias": {
    "max": 0.024044936522841454,
    "mean": 0.005004504449732069
  },
  "layer2.3.bn2.weight": {
    "max": 0.047998230904340744,
    "mean": 0.008624484133199856
  },
  "layer2.3.bn3.bias": {
    "max": 0.035732731223106384,
    "mean": 0.004987938546806358
  },
  "layer2.3.bn3.weight": {
    "max": 0.03507756069302559,
    "mean": 0.0070771769473919575
  },
  "layer2.3.conv1.weight": {
    "max": 0.12018705904483795,
    "mean": 0.026607318694171097
  },
  "layer2.3.conv2.weight": {
    "max": 0.14169687032699585,
    "mean": 0.027942260121261435
  },
  "layer2.3.conv3.weight": {
    "max": 0.14814263582229614,
    "mean": 0.02984211079094426
  },
  "layer3.0.bn1.bias": {
    "max": 0.04739011451601982,
    "mean": 0.009638210393272208
  },
  "layer3.0.bn1.weight": {
    "max": 0.08001457154750824,
    "mean": 0.01513845069105238
  },
  "layer3.0.bn2.bias": {
    "max": 0.020877115428447723,
    "mean": 0.004110975199104619
  },
  "layer3.0.bn2.weight": {
    "max": 0.039672210812568665,
    "mean": 0.007733615297370956
  },
  "layer3.0.bn3.bias": {
    "max": 0.03395075723528862,
    "mean": 0.006902418070676503
  },
  "layer3.0.bn3.weight": {
    "max": 0.05522165820002556,
    "mean": 0.010825256294712225
  },
  "layer3.0.conv1.weight": {
    "max": 0.28427034616470337,
    "mean": 0.05402447868304859
  },
  "layer3.0.conv2.weight": {
    "max": 0.168712317943573,
    "mean": 0.03266509396988632
  },
  "layer3.0.conv3.weight": {
    "max": 0.2056247442960739,