{
  "bn1.bias": {
    "max": 0.07401974499225616,
    "mean": 0.008934961484036259
  },
  "bn1.weight": {
    "max": 0.23053307831287384,
    "mean": 0.03585936663339713
  },
  "conv1.weight": {
    "max": 1.431314468383789,
    "mean": 0.18345545247729336
  },
  "fc.bias": {
    "max": 0.07813999056816101,
    "mean": 0.017959874393751046
  },
  "fc.weight": {
    "max": 1.02034330368042,
    "mean": 0.2362274032591709
  },
  "layer1.0.bn1.bias": {
    "max": 0.056416187435388565,
    "mean": 0.008112114970156523
  },
  "layer1.0.bn1.weight": {
    "max": 0.08305943012237549,
    "mean": 0.010737715535319044
  },
  "layer1.0.bn2.bias": {
    "max": 0.05509727820754051,
    "mean": 0.008625936968019231
  },
  "layer1.0.bn2.weight": {
    "max": 0.07684582471847534,
    "mean": 0.015600549237569794
  },
  "layer1.0.bn3.bias": {
    "max": 0.11449212580919266,
    "mean": 0.018992823291253964
  },
  "layer1.0.bn3.weight": {
    "max": 0.3251725733280182,
    "mean": 0.04357569617801346
  },
  "layer1.0.conv1.weight": {
    "max": 0.44535019993782043,
    "mean": 0.0494489626275442
  },
  "layer1.0.conv2.weight": {
    "max": 0.7884000539779663,
    "mean": 0.07468932381348818
  },
  "layer1.0.conv3.weight": {
    "max": 0.3253440856933594,
    "mean": 0.060082884865280774
  },
  "layer1.0.downsample.0.weight": {
    "max": 0.7853993773460388,
    "mean": 0.1342965825590571
  },
  "layer1.0.downsample.1.bias": {
    "max": 0.11449212580919266,
    "mean": 0.018992823291253964
  },
  "layer1.0.downsample.1.weight": {
    "max": 0.2908836305141449,
    "mean": 0.0409581099172023
  },
  "layer1.1.bn1.bias": {
    "max": 0.07490012794733047,
    "mean": 0.011155510824672612
  },
  "layer1.1.bn1.weight": {
    "max": 0.09448171406984329,
    "mean": 0.015378083996807358
  },
  "layer1.1.bn2.bias": {
    "max": 0.030415141955018044,
    "mean": 0.005229913546593577
  },
  "layer1.1.bn2.weight": {
    "max": 0.052988797426223755,
    "mean": 0.009562682621763088
  },
  "layer1.1.bn3.bias": {
    "max": 0.08278362452983856,
    "mean": 0.013178705047051023
  },
  "layer1.1.bn3.weight": {
    "max": 0.20284758508205414,
    "mean": 0.03187391344383026
  },
  "layer1.1.conv1.weight": {
    "max": 0.1818840354681015,
    "mean": 0.026060008746322378
  },
  "layer1.1.conv2.weight": {
    "max": 0.19001513719558716,
    "mean": 0.03441292780559577
  },
  "layer1.1.conv3.weight": {
    "max": 0.1940843164920807,
    "mean": 0.03709312679595314
  },
  "layer1.2.bn1.bias": {
    "max": 0.024073941633105278,
    "mean": 0.0037137975407780946
  },
  "layer1.2.bn1.weight": {
    "max": 0.028651315718889236,
    "mean": 0.005654449523416198
  },
  "layer1.2.bn2.bias": {
    "max": 0.015433844178915024,
    "mean": 0.0032291745401224555
  },
  "layer1.2.bn2.weight": {
    "max": 0.04110780358314514,
    "mean": 0.00601107509260016
  },
  "layer1.2.bn3.bias": {
    "max": 0.05108170583844185,
    "mean": 0.009100834014409753
  },
  "layer1.2.bn3.weight": {
    "max": 0.08324912190437317,
    "mean": 0.016309415298913207
  },
  "layer1.2.conv1.weight": {
    "max": 0.13303719460964203,
    "mean": 0.026962929020020447
  },
  "layer1.2.conv2.weight": {
    "max": 0.16604553163051605,
    "mean": 0.029822747947598274
  },
  "layer1.2.conv3.weight": {
    "max": 0.15893733501434326,
    "mean": 0.02957166340002524
  },
  "layer2.0.bn1.bias": {
    "max": 0.03459866717457771,
    "mean": 0.006800103881146892
  },
  "layer2.0.bn1.weight": {
    "max": 0.05381957069039345,
    "mean": 0.009887370548884583
  },
  "layer2.0.bn2.bias": {
    "max": 0.022724218666553497,
    "mean": 0.0036263697561454526
  },
  "layer2.0.bn2.weight": {
    "max": 0.044930052012205124,
    "mean": 0.008183546256727172
  },
  "layer2.0.bn3.bias": {
    "max": 0.0342288501560688,
    "mean": 0.00651114772141487
  },
  "layer2.0.bn3.weight": {
    "max": 0.049930717796087265,
    "mean": 0.01007370478845717
  },
  "layer2.0.conv1.weight": {
    "max": 0.33152270317077637,
    "mean": 0.04971040601775582
  },
  "layer2.0.conv2.weight": {
    "max": 0.15157613158226013,
    "mean": 0.03361777700084661
  },
  "layer2.0.conv3.weight": {
    "max": 0.2450074851512909,
    "mean": 0.047606894035457765
  },
  "layer2.0.downsample.0.weight": {
    "max": 0.23561903834342957,
    "mean": 0.0454817526997067
  },
  "layer2.0.downsample.1.bias": {
    "max": 0.0342288501560688,
    "mean": 0.00651114772141487
  },
  "layer2.0.downsample.1.weight": {
    "max": 0.06340392678976059,
    "mean": 0.010273190708893319
  },
  "layer2.1.bn1.bias": {
    "max": 0.028533414006233215,
    "mean": 0.005822112527738292
  },
  "layer2.1.bn1.weight": {
    "max": 0.04732285067439079,
    "mean": 0.00929832765368961
  },
  "layer2.1.bn2.bias": {
    "max": 0.036049049347639084,
    "mean": 0.006422335856581672
  },
  "layer2.1.bn2.weight": {
    "max": 0.05259176716208458,
    "mean": 0.008916501774531623
  },
  "layer2.1.bn3.bias": {
    "max": 0.027939949184656143,
    "mean": 0.005831942682988094
  },
  "layer2.1.bn3.weight": {
    "max": 0.04807151108980179,
    "mean": 0.008269005107223556
  },
  "layer2.1.conv1.weight": {
    "max": 0.11707757413387299,
    "mean": 0.025228952087844456
  },
  "layer2.1.conv2.weight": {
    "max": 0.21015231311321259,
    "mean": 0.04522768666909542
  },
  "layer2.1.conv3.weight": {
    "max": 0.22712409496307373,
    "mean": 0.03963899444056941
  },
  "layer2.2.bn1.bias": {
    "max": 0.04109683260321617,
    "mean": 0.0071342378059801245
  },
  "layer2.2.bn1.weight": {
    "max": 0.05216990038752556,
    "mean": 0.01086421189979384
  },
  "layer2.2.bn2.bias": {
    "max": 0.036544956266880035,
    "mean": 0.0051538045934804745
  },
  "layer2.2.bn2.weight": {
    "max": 0.05541810765862465,
    "mean": 0.00880272710949482
  },
  "layer2.2.bn3.bias": {
    "max": 0.02596209943294525,
    "mean": 0.005352894683435027
  },
  "layer2.2.bn3.weight": {
    "max": 0.044784463942050934,
    "mean": 0.009198443387743152
  },
  "layer2.2.conv1.weight": {
    "max": 0.14664168655872345,
    "mean": 0.02588235231440714
  },
  "layer2.2.conv2.weight": {
    "max": 0.20853036642074585,
    "mean": 0.03682752456881904
  },
  "layer2.2.conv3.weight": {
    "max": 0.20539945363998413,
    "mean": 0.04024988317388176
  },
  "layer2.3.bn1.bias": {
    "max": 0.02594590373337269,
    "mean": 0.004952758251227871
  },
  "layer2.3.bn1.weight": {
    "max": 0.038725346326828,
    "mean": 0.00797039874116308
  },
  "layer2.3.bn2.bias": {
    "max": 0.02834802307188511,
    "mean": 0.005040788512466991
  },
  "layer2.3.bn2.weight": {
    "max": 0.037641819566488266,
    "mean": 0.008382574040692167
  },
  "layer2.3.bn3.bias": {
    "max": 0.02369549497961998,
    "mean": 0.0046145132716212955
  },
  "layer2.3.bn3.weight": {
    "max": 0.03458985313773155,
    "mean": 0.007012777331380805
  },
  "layer2.3.conv1.weight": {
    "max": 0.13534273207187653,
    "mean": 0.027503833805510244
  },
  "layer2.3.conv2.weight": {
    "max": 0.12663717567920685,
    "mean": 0.028347155010311067
  },
  "layer2.3.conv3.weight": {
    "max": 0.14188233017921448,
    "mean": 0.02979800676627617
  },
  "layer3.0.bn1.bias": {
    "max": 0.0416841059923172,
    "mean": 0.009054417561627425
  },
  "layer3.0.bn1.weight": {
    "max": 0.06763108819723129,
    "mean": 0.014312108446860553
  },
  "layer3.0.bn2.bias": {
    "max": 0.020469240844249725,
    "mean": 0.004011645279575272
  },
  "layer3.0.bn2.weight": {
    "max": 0.03792538866400719,
    "mean": 0.007609338008915074
  },
  "layer3.0.bn3.bias": {
    "max": 0.031756073236465454,
    "mean": 0.006728722383954196
  },
  "layer3.0.bn3.weight": {
    "max": 0.047626081854104996,
    "mean": 0.010637607785424084
  },
  "layer3.0.conv1.weight": {
    "max": 0.2658103108406067,
    "mean": 0.053298897534675364
  },
  "layer3.0.conv2.weight": {
    "max": 0.14768458902835846,
    "mean": 0.031994648465105066
  },
  "layer3.0.conv3.weight": {
    "max": 0.21664690971374512,