{
  "bn1.bias": {
    "max": 0.08197211474180222,
    "mean": 0.010574641584867744
  },
  "bn1.weight": {
    "max": 0.2450626939535141,
    "mean": 0.03517778805224225
  },
  "conv1.weight": {
    "max": 1.1764631271362305,
    "mean": 0.19020095360664918
  },
  "fc.bias": {
    "max": 0.08678705990314484,
    "mean": 0.01769759994906573
  },
  "fc.weight": {
    "max": 1.03513765335083,
    "mean": 0.23633888835752648
  },
  "layer1.0.bn1.bias": {
    "max": 0.042869683355093,
    "mean": 0.008327968668018002
  },
  "layer1.0.bn1.weight": {
    "max": 0.06068245321512222,
    "mean": 0.011309317056937808
  },
  "layer1.0.bn2.bias": {
    "max": 0.05167517811059952,
    "mean": 0.008435221644467673
  },
  "layer1.0.bn2.weight": {
    "max": 0.11746668815612793,
    "mean": 0.016434028310551574
  },
  "layer1.0.bn3.bias": {
    "max": 0.15630823373794556,
    "mean": 0.018648447272134945
  },
  "layer1.0.bn3.weight": {
    "max": 0.4137052297592163,
    "mean": 0.043525462799506
  },
  "layer1.0.conv1.weight": {
    "max": 0.2811904549598694,
    "mean": 0.049302061099525805
  },
  "layer1.0.conv2.weight": {
    "max": 0.5798715949058533,
    "mean": 0.07475465419336355
  },
  "layer1.0.conv3.weight": {
    "max": 0.434847354888916,
    "mean": 0.06118937790127737
  },
  "layer1.0.downsample.0.weight": {
    "max": 0.7348980903625488,
    "mean": 0.130893396705256
  },
  "layer1.0.downsample.1.bias": {
    "max": 0.15630823373794556,
    "mean": 0.018648447272134945
  },
  "layer1.0.downsample.1.weight": {
    "max": 0.3806356191635132,
    "mean": 0.04157508366391994
  },
  "layer1.1.bn1.bias": {
    "max": 0.06850600987672806,
    "mean": 0.010645017832160063
  },
  "layer1.1.bn1.weight": {
    "max": 0.10506630688905716,
    "mean": 0.014187061305773178
  },
  "layer1.1.bn2.bias": {
    "max": 0.02549474686384201,
    "mean": 0.004858049056471957
  },
  "layer1.1.bn2.weight": {
    "max": 0.043548956513404846,
    "mean": 0.009029583316046877
  },
  "layer1.1.bn3.bias": {
    "max": 0.09969870746135712,
    "mean": 0.01298055620323534
  },
  "layer1.1.bn3.weight": {
    "max": 0.2428550273180008,
    "mean": 0.03052956032167588
  },
  "layer1.1.conv1.weight": {
    "max": 0.14635711908340454,
    "mean": 0.02624197638028168
  },
  "layer1.1.conv2.weight": {
    "max": 0.14088647067546844,
    "mean": 0.032475053687313835
  },
  "layer1.1.conv3.weight": {
    "max": 0.19667300581932068,
    "mean": 0.034998146370053294
  },
  "layer1.2.bn1.bias": {
    "max": 0.017436131834983826,
    "mean": 0.0038025821404049304
  },
  "layer1.2.bn1.weight": {
    "max": 0.037173494696617126,
    "mean": 0.00598556985500701
  },
  "layer1.2.bn2.bias": {
    "max": 0.013734030537307262,
    "mean": 0.003139853888694363
  },
  "layer1.2.bn2.weight": {
    "max": 0.02171444334089756,
    "mean": 0.005766662296997051
  },
  "layer1.2.bn3.bias": {
    "max": 0.032820262014865875,
    "mean": 0.008158966992050409
  },
  "layer1.2.bn3.weight": {
    "max": 0.0808199867606163,
    "mean": 0.015971049522881264
  },
  "layer1.2.conv1.weight": {
    "max": 0.10835171490907669,
    "mean": 0.025289561989733818
  },
  "layer1.2.conv2.weight": {
    "max": 0.11179295927286148,
    "mean": 0.029352978641400115
  },
  "layer1.2.conv3.weight": {
    "max": 0.11005565524101257,
    "mean": 0.02908029945143166
  },
  "layer2.0.bn1.bias": {
    "max": 0.029989197850227356,
    "mean": 0.006765171444151617
  },
  "layer2.0.bn1.weight": {
    "max": 0.04014827311038971,
    "mean": 0.009601969802668983
  },
  "layer2.0.bn2.bias": {
    "max": 0.016582196578383446,
    "mean": 0.003652879817964276
  },
  "layer2.0.bn2.weight": {
    "max": 0.03691699728369713,
    "mean": 0.007913897585032309
  },
  "layer2.0.bn3.bias": {
    "max": 0.03838222846388817,
    "mean": 0.0066049125632603786
  },
  "layer2.0.bn3.weight": {
    "max": 0.040440402925014496,
    "mean": 0.009823712327467676
  },
  "layer2.0.conv1.weight": {
    "max": 0.23980464041233063,
    "mean": 0.048511228251404
  },
  "layer2.0.conv2.weight": {
    "max": 0.13901491463184357,
    "mean": 0.03338036358406368
  },
  "layer2.0.conv3.weight": {
    "max": 0.20367363095283508,
    "mean": 0.04630767118950774
  },
  "layer2.0.downsample.0.weight": {
    "max": 0.20984144508838654,
    "mean": 0.044419370513143284
  },
  "layer2.0.downsample.1.bias": {
    "max": 0.03838222846388817,
    "mean": 0.0066049125632603786
  },
  "layer2.0.downsample.1.weight": {
    "max": 0.04815330356359482,
    "mean": 0.009969573607460397
  },
  "layer2.1.bn1.bias": {
    "max": 0.03780240938067436,
    "mean": 0.006008347108997571
  },
  "layer2.1.bn1.weight": {
    "max": 0.050204917788505554,
    "mean": 0.009352273774732436
  },
  "layer2.1.bn2.bias": {
    "max": 0.04120373725891113,
    "mean": 0.006687857222090575
  },
  "layer2.1.bn2.weight": {
    "max": 0.038114506751298904,
    "mean": 0.008585858787118922
  },
  "layer2.1.bn3.bias": {
    "max": 0.028445996344089508,
    "mean": 0.005821276335232791
  },
  "layer2.1.bn3.weight": {
    "max": 0.04364404082298279,
    "mean": 0.007680818192311562
  },
  "layer2.1.conv1.weight": {
    "max": 0.10678266733884811,
    "mean": 0.025177326359303802
  },
  "layer2.1.conv2.weight": {
    "max": 0.307957261800766,
    "mean": 0.04824592926938619
  },
  "layer2.1.conv3.weight": {
    "max": 0.18168871104717255,
    "mean": 0.03942840104989175
  },
  "layer2.2.bn1.bias": {
    "max": 0.02980566769838333,
    "mean": 0.0068893916435523095
  },
  "layer2.2.bn1.weight": {
    "max": 0.04587571695446968,
    "mean": 0.010254470309716582
  },
  "layer2.2.bn2.bias": {
    "max": 0.025726163759827614,
    "mean": 0.004760037893865956
  },
  "layer2.2.bn2.weight": {
    "max": 0.03451354429125786,
    "mean": 0.007982601796102244
  },
  "layer2.2.bn3.bias": {
    "max": 0.026507452130317688,
    "mean": 0.005361164694061569
  },
  "layer2.2.bn3.weight": {
    "max": 0.03388426452875137,
    "mean": 0.008700612534511102
  },
  "layer2.2.conv1.weight": {
    "max": 0.09451998025178909,
    "mean": 0.0247315002396603
  },
  "layer2.2.conv2.weight": {
    "max": 0.12863251566886902,
    "mean": 0.034670099877985194
  },
  "layer2.2.conv3.weight": {
    "max": 0.1454779952764511,
    "mean": 0.03827594844325046
  },
  "layer2.3.bn1.bias": {
    "max": 0.022247910499572754,
    "mean": 0.005101267721308562
  },
  "layer2.3.bn1.weight": {
    "max": 0.03955710679292679,
    "mean": 0.008018545853265096
  },
  "layer2.3.bn2.bias": {
    "max": 0.021385181695222855,
    "mean": 0.0052133973212455335
  },
  "layer2.3.bn2.weight": {
    "max": 0.03404387831687927,
    "mean": 0.008620949707401451
  },
  "layer2.3.bn3.bias": {
    "max": 0.02376570552587509,
    "mean": 0.0046675978528635045
  },
  "layer2.3.bn3.weight": {
    "max": 0.03234453126788139,
    "mean": 0.0071342056881777745
  },
  "layer2.3.conv1.weight": {
    "max": 0.10936381667852402,
    "mean": 0.02825310977874324
  },
  "layer2.3.conv2.weight": {
    "max": 0.10206156969070435,
    "mean": 0.027865757324865886
  },
  "layer2.3.conv3.weight": {
    "max": 0.11351560801267624,
    "mean": 0.030018154200432558
  },
  "layer3.0.bn1.bias": {
    "max": 0.039673518389463425,
    "mean": 0.008799566543145504
  },
  "layer3.0.bn1.weight": {
    "max": 0.05930280685424805,
    "mean": 0.013727347604705885
  },
  "layer3.0.bn2.bias": {
    "max": 0.017264097929000854,
    "mean": 0.0039455292891943826
  },
  "layer3.0.bn2.weight": {
    "max": 0.03310485556721687,
    "mean": 0.007269931317672932
  },
  "layer3.0.bn3.bias": {
    "max": 0.026286981999874115,
    "mean": 0.006606939435836726
  },
  "layer3.0.bn3.weight": {
    "max": 0.03992951288819313,
    "mean": 0.010083327013001377
  },
  "layer3.0.conv1.weight": {
    "max": 0.24333493411540985,
    "mean": 0.0524415827446085
  },
  "layer3.0.conv2.weight": {
    "max": 0.11367151886224747,
    "mean": 0.030741561093766776
  },
  "layer3.0.conv3.weight": {
    "max": 0.15527626872062683,