{
  "bn1.bias": {
    "max": 0.10338863730430603,
    "mean": 0.012983814290658171
  },
  "bn1.weight": {
    "max": 0.32067620754241943,
    "mean": 0.04881090409721115
  },
  "conv1.weight": {
    "max": 1.0463980436325073,
    "mean": 0.2505505406510617
  },
  "fc.bias": {
    "max": 0.08329123258590698,
    "mean": 0.023785774949938058
  },
  "fc.weight": {
    "max": 1.3155553340911865,
    "mean": 0.35190473824739454
  },
  "layer1.0.bn1.bias": {
    "max": 0.0702303871512413,
    "mean": 0.012029060876063471
  },
  "layer1.0.bn1.weight": {
    "max": 0.07061996310949326,
    "mean": 0.016696129665111324
  },
  "layer1.0.bn2.bias": {
    "max": 0.08508863300085068,
    "mean": 0.012695168105253417
  },
  "layer1.0.bn2.weight": {
    "max": 0.12883344292640686,
    "mean": 0.02385334296817226
  },
  "layer1.0.bn3.bias": {
    "max": 0.12125171720981598,
    "mean": 0.024371417194405304
  },
  "layer1.0.bn3.weight": {
    "max": 0.38752609491348267,
    "mean": 0.05921359854218151
  },
  "layer1.0.conv1.weight": {
    "max": 0.4010099470615387,
    "mean": 0.077533449174038
  },
  "layer1.0.conv2.weight": {
    "max": 0.8571988344192505,
    "mean": 0.11555114225617477
  },
  "layer1.0.conv3.weight": {
    "max": 0.38146013021469116,
    "mean": 0.09284891166591218
  },
  "layer1.0.downsample.0.weight": {
    "max": 0.8553365468978882,
    "mean": 0.18485046721462692
  },
  "layer1.0.downsample.1.bias": {
    "max": 0.12125171720981598,
    "mean": 0.024371417194405304
  },
  "layer1.0.downsample.1.weight": {
    "max": 0.35459303855895996,
    "mean": 0.05649601636188371
  },
  "layer1.1.bn1.bias": {
    "max": 0.07920494675636292,
    "mean": 0.015039983298962138
  },
  "layer1.1.bn1.weight": {
    "max": 0.09072983264923096,
    "mean": 0.020227509681800645
  },
  "layer1.1.bn2.bias": {
    "max": 0.034123923629522324,
    "mean": 0.006822127212154945
  },
  "layer1.1.bn2.weight": {
    "max": 0.07673389464616776,
    "mean": 0.012916220976372383
  },
  "layer1.1.bn3.bias": {
    "max": 0.07548333704471588,
    "mean": 0.017105164923372544
  },
  "layer1.1.bn3.weight": {
    "max": 0.30563631653785706,
    "mean": 0.042272581786050326
  },
  "layer1.1.conv1.weight": {
    "max": 0.19581001996994019,
    "mean": 0.038260558798377
  },
  "layer1.1.conv2.weight": {
    "max": 0.1802283078432083,
    "mean": 0.04589499412769718
  },
  "layer1.1.conv3.weight": {
    "max": 0.4257263243198395,
    "mean": 0.05179043614638171
  },
  "layer1.2.bn1.bias": {
    "max": 0.02381362020969391,
    "mean": 0.005093861041823402
  },
  "layer1.2.bn1.weight": {
    "max": 0.03351657837629318,
    "mean": 0.007950786468656068
  },
  "layer1.2.bn2.bias": {
    "max": 0.01616109535098076,
    "mean": 0.004376286806156194
  },
  "layer1.2.bn2.weight": {
    "max": 0.02809010073542595,
    "mean": 0.008113611615013464
  },
  "layer1.2.bn3.bias": {
    "max": 0.04675079137086868,
    "mean": 0.011295162553100714
  },
  "layer1.2.bn3.weight": {
    "max": 0.09575004130601883,
    "mean": 0.023553373296079892
  },
  "layer1.2.conv1.weight": {
    "max": 0.16454006731510162,
    "mean": 0.0379632241305496
  },
  "layer1.2.conv2.weight": {
    "max": 0.13349847495555878,
    "mean": 0.04125942785359387
  },
  "layer1.2.conv3.weight": {
    "max": 0.13518165051937103,
    "mean": 0.04072803150263748
  },
  "layer2.0.bn1.bias": {
    "max": 0.03949509188532829,
    "mean": 0.00903551821214413
  },
  "layer2.0.bn1.weight": {
    "max": 0.049953363835811615,
    "mean": 0.012763831279007718
  },
  "layer2.0.bn2.bias": {
    "max": 0.01772395707666874,
    "mean": 0.004756225181627088
  },
  "layer2.0.bn2.weight": {
    "max": 0.04149187356233597,
    "mean": 0.010403856423883034
  },
  "layer2.0.bn3.bias": {
    "max": 0.03850872814655304,
    "mean": 0.008297687215131841
  },
  "layer2.0.bn3.weight": {
    "max": 0.04709399864077568,
    "mean": 0.013012149757871936
  },
  "layer2.0.conv1.weight": {
    "max": 0.28231266140937805,
    "mean": 0.06749351568253976
  },
  "layer2.0.conv2.weight": {
    "max": 0.1637279987335205,
    "mean": 0.04512704064470849
  },
  "layer2.0.conv3.weight": {
    "max": 0.22313371300697327,
    "mean": 0.06256392307379949
  },
  "layer2.0.downsample.0.weight": {
    "max": 0.2980213761329651,
    "mean": 0.05976574066095054
  },
  "layer2.0.downsample.1.bias": {
    "max": 0.03850872814655304,
    "mean": 0.008297687215131841
  },
  "layer2.0.downsample.1.weight": {
    "max": 0.05321606248617172,
    "mean": 0.012742290347648252
  },
  "layer2.1.bn1.bias": {
    "max": 0.05239614099264145,
    "mean": 0.008195812448559861
  },
  "layer2.1.bn1.weight": {
    "max": 0.08231928199529648,
    "mean": 0.013388449431097666
  },
  "layer2.1.bn2.bias": {
    "max": 0.04994069039821625,
    "mean": 0.008615714288482975
  },
  "layer2.1.bn2.weight": {
    "max": 0.0667208731174469,
    "mean": 0.011920972777796643
  },
  "layer2.1.bn3.bias": {
    "max": 0.031987302005290985,
    "mean": 0.00739608914591372
  },
  "layer2.1.bn3.weight": {
    "max": 0.046176835894584656,
    "mean": 0.011215020171200324
  },
  "layer2.1.conv1.weight": {
    "max": 0.1863260120153427,
    "mean": 0.03681115830516709
  },
  "layer2.1.conv2.weight": {
    "max": 0.35324445366859436,
    "mean": 0.062175508764173305
  },
  "layer2.1.conv3.weight": {
    "max": 0.23989030718803406,
    "mean": 0.05482678247349603
  },
  "layer2.2.bn1.bias": {
    "max": 0.03218476474285126,
    "mean": 0.008980265563586727
  },
  "layer2.2.bn1.weight": {
    "max": 0.04870957136154175,
    "mean": 0.013341201729407268
  },
  "layer2.2.bn2.bias": {
    "max": 0.02511940523982048,
    "mean": 0.006208488508626552
  },
  "layer2.2.bn2.weight": {
    "max": 0.037225641310214996,
    "mean": 0.010385672895936296
  },
  "layer2.2.bn3.bias": {
    "max": 0.028446966782212257,
    "mean": 0.006771833010716364
  },
  "layer2.2.bn3.weight": {
    "max": 0.043897196650505066,
    "mean": 0.011490221603973104
  },
  "layer2.2.conv1.weight": {
    "max": 0.11549758166074753,
    "mean": 0.033661506542869445
  },
  "layer2.2.conv2.weight": {
    "max": 0.16720490157604218,
    "mean": 0.04630279778768974
  },
  "layer2.2.conv3.weight": {
    "max": 0.17819978296756744,
    "mean": 0.05099831643713904
  },
  "layer2.3.bn1.bias": {
    "max": 0.02611447311937809,
    "mean": 0.006690524979328204
  },
  "layer2.3.bn1.weight": {
    "max": 0.03593546524643898,
    "mean": 0.010466393414618714
  },
  "layer2.3.bn2.bias": {
    "max": 0.028259551152586937,
    "mean": 0.006427919325152678
  },
  "layer2.3.bn2.weight": {
    "max": 0.04106180742383003,
    "mean": 0.01076377646648325
  },
  "layer2.3.bn3.bias": {
    "max": 0.0241530891507864,
    "mean": 0.005826697215587566
  },
  "layer2.3.bn3.weight": {
    "max": 0.04159911721944809,
    "mean": 0.00968111333287587
  },
  "layer2.3.conv1.weight": {
    "max": 0.13831375539302826,
    "mean": 0.03793340758952711
  },
  "layer2.3.conv2.weight": {
    "max": 0.1255279779434204,
    "mean": 0.037252225655663225
  },
  "layer2.3.conv3.weight": {
    "max": 0.1377202570438385,
    "mean": 0.039856851899198124
  },
  "layer3.0.bn1.bias": {
    "max": 0.04446064308285713,
    "mean": 0.011504321319017826
  },
  "layer3.0.bn1.weight": {
    "max": 0.0718122199177742,
    "mean": 0.01763222582970879
  },
  "layer3.0.bn2.bias": {
    "max": 0.017104124650359154,
    "mean": 0.004986745298208137
  },
  "layer3.0.bn2.weight": {
    "max": 0.043025922030210495,
    "mean": 0.009544527449345749
  },
  "layer3.0.bn3.bias": {
    "max": 0.0330611914396286,
    "mean": 0.008506616170052439
  },
  "layer3.0.bn3.weight": {
    "max": 0.059002213180065155,
    "mean": 0.013153190370150177
  },
  "layer3.0.conv1.weight": {
    "max": 0.2934056222438812,
    "mean": 0.0696195790690503
  },
  "layer3.0.conv2.weight": {
    "max": 0.16815273463726044,
    "mean": 0.04106438482180238
  },
  "layer3.0.conv3.weight": {
    "max": 0.22530238330364227,