{
  "bn1.bias": {
    "max": 0.06170151010155678,
    "mean": 0.011440588367570724
  },
  "bn1.weight": {
    "max": 0.34339916706085205,
    "mean": 0.04422278688555317
  },
  "conv1.weight": {
    "max": 1.3087328672409058,
    "mean": 0.24395412447463188
  },
  "fc.bias": {
    "max": 0.08183717727661133,
    "mean": 0.022430696748696
  },
  "fc.weight": {
    "max": 1.3728841543197632,
    "mean": 0.3398909849088107
  },
  "layer1.0.bn1.bias": {
    "max": 0.055298060178756714,
    "mean": 0.010565169593735066
  },
  "layer1.0.bn1.weight": {
    "max": 0.06818079203367233,
    "mean": 0.013571295577733379
  },
  "layer1.0.bn2.bias": {
    "max": 0.054643664509058,
    "mean": 0.010715659164915061
  },
  "layer1.0.bn2.weight": {
    "max": 0.09247729182243347,
    "mean": 0.01977976374910213
  },
  "layer1.0.bn3.bias": {
    "max": 0.11500637978315353,
    "mean": 0.02322012203196729
  },
  "layer1.0.bn3.weight": {
    "max": 0.3475109040737152,
    "mean": 0.05656495168206415
  },
  "layer1.0.conv1.weight": {
    "max": 0.45083582401275635,
    "mean": 0.06570991508463131
  },
  "layer1.0.conv2.weight": {
    "max": 0.5981305241584778,
    "mean": 0.09189290277460324
  },
  "layer1.0.conv3.weight": {
    "max": 0.44883042573928833,
    "mean": 0.07765909193915183
  },
  "layer1.0.downsample.0.weight": {
    "max": 1.0347367525100708,
    "mean": 0.16594605730846523
  },
  "layer1.0.downsample.1.bias": {
    "max": 0.11500637978315353,
    "mean": 0.02322012203196729
  },
  "layer1.0.downsample.1.weight": {
    "max": 0.3375960886478424,
    "mean": 0.05327165620933686
  },
  "layer1.1.bn1.bias": {
    "max": 0.08417095988988876,
    "mean": 0.013832606255143348
  },
  "layer1.1.bn1.weight": {
    "max": 0.10846832394599915,
    "mean": 0.018767541889267575
  },
  "layer1.1.bn2.bias": {
    "max": 0.025929851457476616,
    "mean": 0.006426789237510612
  },
  "layer1.1.bn2.weight": {
    "max": 0.04963082820177078,
    "mean": 0.012038089960198185
  },
  "layer1.1.bn3.bias": {
    "max": 0.08088468015193939,
    "mean": 0.016505584281070955
  },
  "layer1.1.bn3.weight": {
    "max": 0.23641030490398407,
    "mean": 0.039444127080496404
  },
  "layer1.1.conv1.weight": {
    "max": 0.1946854293346405,
    "mean": 0.034077648012898865
  },
  "layer1.1.conv2.weight": {
    "max": 0.20633633434772491,
    "mean": 0.04333081495449213
  },
  "layer1.1.conv3.weight": {
    "max": 0.2795528769493103,
    "mean": 0.048944575843800395
  },
  "layer1.2.bn1.bias": {
    "max": 0.024858396500349045,
    "mean": 0.004906923484980195
  },
  "layer1.2.bn1.weight": {
    "max": 0.03277125209569931,
    "mean": 0.007606319796718058
  },
  "layer1.2.bn2.bias": {
    "max": 0.020035549998283386,
    "mean": 0.004265090835043728
  },
  "layer1.2.bn2.weight": {
    "max": 0.041044507175683975,
    "mean": 0.007990381099932295
  },
  "layer1.2.bn3.bias": {
    "max": 0.05999661609530449,
    "mean": 0.011107254939020744
  },
  "layer1.2.bn3.weight": {
    "max": 0.08539595454931259,
    "mean": 0.02085454229714482
  },
  "layer1.2.conv1.weight": {
    "max": 0.1789453625679016,
    "mean": 0.034967766548839534
  },
  "layer1.2.conv2.weight": {
    "max": 0.1698906421661377,
    "mean": 0.039494328666478395
  },
  "layer1.2.conv3.weight": {
    "max": 0.17455406486988068,
    "mean": 0.03902252167862441
  },
  "layer2.0.bn1.bias": {
    "max": 0.043226223438978195,
    "mean": 0.008662108585787271
  },
  "layer2.0.bn1.weight": {
    "max": 0.05478578805923462,
    "mean": 0.012248565984690296
  },
  "layer2.0.bn2.bias": {
    "max": 0.018018178641796112,
    "mean": 0.004500485242710316
  },
  "layer2.0.bn2.weight": {
    "max": 0.03654617443680763,
    "mean": 0.009878185744081358
  },
  "layer2.0.bn3.bias": {
    "max": 0.036222245544195175,
    "mean": 0.007894171639595047
  },
  "layer2.0.bn3.weight": {
    "max": 0.04984696954488754,
    "mean": 0.012086205925360055
  },
  "layer2.0.conv1.weight": {
    "max": 0.43376976251602173,
    "mean": 0.06353160168443407
  },
  "layer2.0.conv2.weight": {
    "max": 0.1594799906015396,
    "mean": 0.042142064576037225
  },
  "layer2.0.conv3.weight": {
    "max": 0.23802892863750458,
    "mean": 0.05833723483141512
  },
  "layer2.0.downsample.0.weight": {
    "max": 0.25933870673179626,
    "mean": 0.05402149023854041
  },
  "layer2.0.downsample.1.bias": {
    "max": 0.036222245544195175,
    "mean": 0.007894171639595047
  },
  "layer2.0.downsample.1.weight": {
    "max": 0.05342942103743553,
    "mean": 0.011763483269938401
  },
  "layer2.1.bn1.bias": {
    "max": 0.033338844776153564,
    "mean": 0.007572982886132585
  },
  "layer2.1.bn1.weight": {
    "max": 0.048331331461668015,
    "mean": 0.011434456230823084
  },
  "layer2.1.bn2.bias": {
    "max": 0.03150617703795433,
    "mean": 0.007950685205578338
  },
  "layer2.1.bn2.weight": {
    "max": 0.04993358999490738,
    "mean": 0.010808700255999741
  },
  "layer2.1.bn3.bias": {
    "max": 0.032242223620414734,
    "mean": 0.007045341393469633
  },
  "layer2.1.bn3.weight": {
    "max": 0.048662517219781876,
    "mean": 0.009996823404549753
  },
  "layer2.1.conv1.weight": {
    "max": 0.13475754857063293,
    "mean": 0.0324409540419999
  },
  "layer2.1.conv2.weight": {
    "max": 0.2935405969619751,
    "mean": 0.05713476042828656
  },
  "layer2.1.conv3.weight": {
    "max": 0.2212698608636856,
    "mean": 0.05001948669087142
  },
  "layer2.2.bn1.bias": {
    "max": 0.047288428992033005,
    "mean": 0.008812383359181695
  },
  "layer2.2.bn1.weight": {
    "max": 0.06959329545497894,
    "mean": 0.012637951362412423
  },
  "layer2.2.bn2.bias": {
    "max": 0.03458860516548157,
    "mean": 0.006056963056325912
  },
  "layer2.2.bn2.weight": {
    "max": 0.05447530373930931,
    "mean": 0.010271411611216277
  },
  "layer2.2.bn3.bias": {
    "max": 0.02888082154095173,
    "mean": 0.0064174469703409285
  },
  "layer2.2.bn3.weight": {
    "max": 0.046215493232011795,
    "mean": 0.010651218189990947
  },
  "layer2.2.conv1.weight": {
    "max": 0.16505751013755798,
    "mean": 0.03221058969385922
  },
  "layer2.2.conv2.weight": {
    "max": 0.23150503635406494,
    "mean": 0.044601681757984415
  },
  "layer2.2.conv3.weight": {
    "max": 0.23723700642585754,
    "mean": 0.04854981478436717
  },
  "layer2.3.bn1.bias": {
    "max": 0.03120526671409607,
    "mean": 0.006421797889925074
  },
  "layer2.3.bn1.weight": {
    "max": 0.04287458956241608,
    "mean": 0.009959385722592872
  },
  "layer2.3.bn2.bias": {
    "max": 0.029512561857700348,
    "mean": 0.006250501488518369
  },
  "layer2.3.bn2.weight": {
    "max": 0.04818297177553177,
    "mean": 0.010456886804479707
  },
  "layer2.3.bn3.bias": {
    "max": 0.023602068424224854,
    "mean": 0.005488181779842957
  },
  "layer2.3.bn3.weight": {
    "max": 0.03323335200548172,
    "mean": 0.009083182120313203
  },
  "layer2.3.conv1.weight": {
    "max": 0.17296554148197174,
    "mean": 0.03611198152481977
  },
  "layer2.3.conv2.weight": {
    "max": 0.15467068552970886,
    "mean": 0.035952219223337516
  },
  "layer2.3.conv3.weight": {
    "max": 0.16704975068569183,
    "mean": 0.03855691060656682
  },
  "layer3.0.bn1.bias": {
    "max": 0.0545731782913208,
    "mean": 0.010803700623717825
  },
  "layer3.0.bn1.weight": {
    "max": 0.07688675820827484,
    "mean": 0.016549534287769348
  },
  "layer3.0.bn2.bias": {
    "max": 0.022047344595193863,
    "mean": 0.004736459427471605
  },
  "layer3.0.bn2.weight": {
    "max": 0.03777759522199631,
    "mean": 0.008940068052033893
  },
  "layer3.0.bn3.bias": {
    "max": 0.03600890934467316,
    "mean": 0.008172598204442433
  },
  "layer3.0.bn3.weight": {
    "max": 0.0536322295665741,
    "mean": 0.012466297039479416
  },
  "layer3.0.conv1.weight": {
    "max": 0.28513452410697937,
    "mean": 0.06464142233532454
  },
  "layer3.0.conv2.weight": {
    "max": 0.1589258462190628,
    "mean": 0.039001099143642935
  },
  "layer3.0.conv3.weight": {
    "max": 0.2156577855348587,