{
  "bn1.bias": {
    "max": 0.11775272339582443,
    "mean": 0.014582296342622222
  },
  "bn1.weight": {
    "max": 0.33222678303718567,
    "mean": 0.05315973834799869
  },
  "conv1.weight": {
    "max": 2.0678226947784424,
    "mean": 0.28035149342779603
  },
  "fc.bias": {
    "max": 0.08857908099889755,
    "mean": 0.02307226280881358
  },
  "fc.weight": {
    "max": 1.2171567678451538,
    "mean": 0.3392294020046081
  },
  "layer1.0.bn1.bias": {
    "max": 0.08457966893911362,
    "mean": 0.012673817955655977
  },
  "layer1.0.bn1.weight": {
    "max": 0.12346426397562027,
    "mean": 0.01807022103091835
  },
  "layer1.0.bn2.bias": {
    "max": 0.07463828474283218,
    "mean": 0.013139337353308552
  },
  "layer1.0.bn2.weight": {
    "max": 0.24051295220851898,
    "mean": 0.026802403702666715
  },
  "layer1.0.bn3.bias": {
    "max": 0.17788532376289368,
    "mean": 0.026871542307781056
  },
  "layer1.0.bn3.weight": {
    "max": 0.4103638231754303,
    "mean": 0.06461536410597286
  },
  "layer1.0.conv1.weight": {
    "max": 0.5104110836982727,
    "mean": 0.08261612079106272
  },
  "layer1.0.conv2.weight": {
    "max": 0.6887772083282471,
    "mean": 0.11630842146596738
  },
  "layer1.0.conv3.weight": {
    "max": 0.4574323296546936,
    "mean": 0.09734785904908287
  },
  "layer1.0.downsample.0.weight": {
    "max": 1.315491795539856,
    "mean": 0.20078165400507195
  },
  "layer1.0.downsample.1.bias": {
    "max": 0.17788532376289368,
    "mean": 0.026871542307781056
  },
  "layer1.0.downsample.1.weight": {
    "max": 0.4029626250267029,
    "mean": 0.0612014520048563
  },
  "layer1.1.bn1.bias": {
    "max": 0.16336968541145325,
    "mean": 0.01738143392905061
  },
  "layer1.1.bn1.weight": {
    "max": 0.399393767118454,
    "mean": 0.024324875156993844
  },
  "layer1.1.bn2.bias": {
    "max": 0.05815692991018295,
    "mean": 0.007779141941074548
  },
  "layer1.1.bn2.weight": {
    "max": 0.23672737181186676,
    "mean": 0.016361547741440257
  },
  "layer1.1.bn3.bias": {
    "max": 0.12105276435613632,
    "mean": 0.018917535606306046
  },
  "layer1.1.bn3.weight": {
    "max": 0.40781933069229126,
    "mean": 0.04879537338823346
  },
  "layer1.1.conv1.weight": {
    "max": 0.772228479385376,
    "mean": 0.04970657207437658
  },
  "layer1.1.conv2.weight": {
    "max": 0.5202065110206604,
    "mean": 0.05562795644093837
  },
  "layer1.1.conv3.weight": {
    "max": 1.0981091260910034,
    "mean": 0.06872340454121253
  },
  "layer1.2.bn1.bias": {
    "max": 0.04456792026758194,
    "mean": 0.005786278521284527
  },
  "layer1.2.bn1.weight": {
    "max": 0.16700471937656403,
    "mean": 0.01109607839549426
  },
  "layer1.2.bn2.bias": {
    "max": 0.02518712729215622,
    "mean": 0.004849505802641423
  },
  "layer1.2.bn2.weight": {
    "max": 0.04594367370009422,
    "mean": 0.009117877996426873
  },
  "layer1.2.bn3.bias": {
    "max": 0.07347504794597626,
    "mean": 0.012248166592575476
  },
  "layer1.2.bn3.weight": {
    "max": 0.21295471489429474,
    "mean": 0.026304490541806443
  },
  "layer1.2.conv1.weight": {
    "max": 1.052518606185913,
    "mean": 0.048505503318738194
  },
  "layer1.2.conv2.weight": {
    "max": 0.24640899896621704,
    "mean": 0.0477389850304462
  },
  "layer1.2.conv3.weight": {
    "max": 0.2018778920173645,
    "mean": 0.046254309131098646
  },
  "layer2.0.bn1.bias": {
    "max": 0.055656321346759796,
    "mean": 0.009626745322769109
  },
  "layer2.0.bn1.weight": {
    "max": 0.06546737998723984,
    "mean": 0.013421115456398444
  },
  "layer2.0.bn2.bias": {
    "max": 0.022891879081726074,
    "mean": 0.005159527669935155
  },
  "layer2.0.bn2.weight": {
    "max": 0.044450707733631134,
    "mean": 0.011084480200411886
  },
  "layer2.0.bn3.bias": {
    "max": 0.05056402459740639,
    "mean": 0.008718157911124373
  },
  "layer2.0.bn3.weight": {
    "max": 0.05516772344708443,
    "mean": 0.01326121005886567
  },
  "layer2.0.conv1.weight": {
    "max": 0.3367651402950287,
    "mean": 0.07028411894304944
  },
  "layer2.0.conv2.weight": {
    "max": 0.1936078667640686,
    "mean": 0.048027589736905484
  },
  "layer2.0.conv3.weight": {
    "max": 0.2632545232772827,
    "mean": 0.06554936506918499
  },
  "layer2.0.downsample.0.weight": {
    "max": 0.3032008111476898,
    "mean": 0.06449187025960003
  },
  "layer2.0.downsample.1.bias": {
    "max": 0.05056402459740639,
    "mean": 0.008718157911124373
  },
  "layer2.0.downsample.1.weight": {
    "max": 0.060130391269922256,
    "mean": 0.013449771337660163
  },
  "layer2.1.bn1.bias": {
    "max": 0.05423593893647194,
    "mean": 0.007767602742366892
  },
  "layer2.1.bn1.weight": {
    "max": 0.08290474116802216,
    "mean": 0.012727029318422345
  },
  "layer2.1.bn2.bias": {
    "max": 0.051052387803792953,
    "mean": 0.00873504712038474
  },
  "layer2.1.bn2.weight": {
    "max": 0.05378652364015579,
    "mean": 0.01195906710869167
  },
  "layer2.1.bn3.bias": {
    "max": 0.043160270899534225,
    "mean": 0.007839278751302378
  },
  "layer2.1.bn3.weight": {
    "max": 0.05112764984369278,
    "mean": 0.01138396429405215
  },
  "layer2.1.conv1.weight": {
    "max": 0.19194969534873962,
    "mean": 0.03635359759109893
  },
  "layer2.1.conv2.weight": {
    "max": 0.305694043636322,
    "mean": 0.062002586145619196
  },
  "layer2.1.conv3.weight": {
    "max": 0.28413140773773193,
    "mean": 0.05669358890503645
  },
  "layer2.2.bn1.bias": {
    "max": 0.04741881415247917,
    "mean": 0.010039164545596578
  },
  "layer2.2.bn1.weight": {
    "max": 0.062123674899339676,
    "mean": 0.014894278552216877
  },
  "layer2.2.bn2.bias": {
    "max": 0.031454265117645264,
    "mean": 0.006921691719658806
  },
  "layer2.2.bn2.weight": {
    "max": 0.06397555023431778,
    "mean": 0.011872235937542948
  },
  "layer2.2.bn3.bias": {
    "max": 0.03855503723025322,
    "mean": 0.007212871446640097
  },
  "layer2.2.bn3.weight": {
    "max": 0.053421106189489365,
    "mean": 0.012264287411734196
  },
  "layer2.2.conv1.weight": {
    "max": 0.15934589505195618,
    "mean": 0.03778325340677319
  },
  "layer2.2.conv2.weight": {
    "max": 0.22098958492279053,
    "mean": 0.05253061754396185
  },
  "layer2.2.conv3.weight": {
    "max": 0.24563473463058472,
    "mean": 0.05765422470036096
  },
  "layer2.3.bn1.bias": {
    "max": 0.039678968489170074,
    "mean": 0.007277197599801833
  },
  "layer2.3.bn1.weight": {
    "max": 0.06585679948329926,
    "mean": 0.011811125673786073
  },
  "layer2.3.bn2.bias": {
    "max": 0.04185786098241806,
    "mean": 0.0072750590100102795
  },
  "layer2.3.bn2.weight": {
    "max": 0.05864334478974342,
    "mean": 0.012331633533301231
  },
  "layer2.3.bn3.bias": {
    "max": 0.0336986742913723,
    "mean": 0.006227915451496042
  },
  "layer2.3.bn3.weight": {
    "max": 0.04740982875227928,
    "mean": 0.01064750132392094
  },
  "layer2.3.conv1.weight": {
    "max": 0.1989908367395401,
    "mean": 0.04278455775563738
  },
  "layer2.3.conv2.weight": {
    "max": 0.18584631383419037,
    "mean": 0.043565102904103696
  },
  "layer2.3.conv3.weight": {
    "max": 0.21550600230693817,
    "mean": 0.046937414285992934
  },
  "layer3.0.bn1.bias": {
    "max": 0.05580810084939003,
    "mean": 0.011909486879095701
  },
  "layer3.0.bn1.weight": {
    "max": 0.0831419825553894,
    "mean": 0.01892583405598998
  },
  "layer3.0.bn2.bias": {
    "max": 0.021592307835817337,
    "mean": 0.005391263718650277
  },
  "layer3.0.bn2.weight": {
    "max": 0.05147288739681244,
    "mean": 0.010272088474510903
  },
  "layer3.0.bn3.bias": {
    "max": 0.0352112352848053,
    "mean": 0.009080386948356006
  },
  "layer3.0.bn3.weight": {
    "max": 0.08741790056228638,
    "mean": 0.014565792020460192
  },
  "layer3.0.conv1.weight": {
    "max": 0.2972510755062103,
    "mean": 0.07513863323322896
  },
  "layer3.0.conv2.weight": {
    "max": 0.19105379283428192,
    "mean": 0.04500995523429343
  },
  "layer3.0.conv3.weight": {
    "max": 0.26240915060043335,
    "mean": 0.0588444439468107
  },