{
  "bn1.bias": {
    "max": 0.04213372617959976,
    "mean": 0.003919839384429256
  },
  "bn1.weight": {
    "max": 0.15797285735607147,
    "mean": 0.01637559999038266
  },
  "conv1.weight": {
    "max": 0.7564886212348938,
    "mean": 0.07772191205960033
  },
  "fc.bias": {
    "max": 0.04388972744345665,
    "mean": 0.008855511477470697
  },
  "fc.weight": {
    "max": 0.620913565158844,
    "mean": 0.10379274208597573
  },
  "layer1.0.bn1.bias": {
    "max": 0.028402941301465034,
    "mean": 0.0036309818386715573
  },
  "layer1.0.bn1.weight": {
    "max": 0.052135106176137924,
    "mean": 0.005202744778362103
  },
  "layer1.0.bn2.bias": {
    "max": 0.044971153140068054,
    "mean": 0.0038520940614606455
  },
  "layer1.0.bn2.weight": {
    "max": 0.0804174542427063,
    "mean": 0.007455678196503349
  },
  "layer1.0.bn3.bias": {
    "max": 0.07629504799842834,
    "mean": 0.008788692639541944
  },
  "layer1.0.bn3.weight": {
    "max": 0.2080988734960556,
    "mean": 0.018848428523550474
  },
  "layer1.0.conv1.weight": {
    "max": 0.1965177357196808,
    "mean": 0.02130497128877323
  },
  "layer1.0.conv2.weight": {
    "max": 0.27100974321365356,
    "mean": 0.030804156829170617
  },
  "layer1.0.conv3.weight": {
    "max": 0.26753175258636475,
    "mean": 0.026164144826470875
  },
  "layer1.0.downsample.0.weight": {
    "max": 0.5563724637031555,
    "mean": 0.05791047713419955
  },
  "layer1.0.downsample.1.bias": {
    "max": 0.07629504799842834,
    "mean": 0.008788692639541944
  },
  "layer1.0.downsample.1.weight": {
    "max": 0.18819038569927216,
    "mean": 0.017715592932488238
  },
  "layer1.1.bn1.bias": {
    "max": 0.04140543192625046,
    "mean": 0.005142006068012311
  },
  "layer1.1.bn1.weight": {
    "max": 0.04813762381672859,
    "mean": 0.006732619103110795
  },
  "layer1.1.bn2.bias": {
    "max": 0.016880135983228683,
    "mean": 0.002361728270537112
  },
  "layer1.1.bn2.weight": {
    "max": 0.040738750249147415,
    "mean": 0.004364561059264816
  },
  "layer1.1.bn3.bias": {
    "max": 0.04823455959558487,
    "mean": 0.0060962810066536935
  },
  "layer1.1.bn3.weight": {
    "max": 0.11260680854320526,
    "mean": 0.013990142763151588
  },
  "layer1.1.conv1.weight": {
    "max": 0.09831684827804565,
    "mean": 0.011692801354635907
  },
  "layer1.1.conv2.weight": {
    "max": 0.14258401095867157,
    "mean": 0.016196252592573207
  },
  "layer1.1.conv3.weight": {
    "max": 0.12932617962360382,
    "mean": 0.016027228013637276
  },
  "layer1.2.bn1.bias": {
    "max": 0.014527290128171444,
    "mean": 0.0018561576649985259
  },
  "layer1.2.bn1.weight": {
    "max": 0.023126788437366486,
    "mean": 0.0028096795068215993
  },
  "layer1.2.bn2.bias": {
    "max": 0.012647286057472229,
    "mean": 0.0016520373387954482
  },
  "layer1.2.bn2.weight": {
    "max": 0.02430654689669609,
    "mean": 0.00310047708379508
  },
  "layer1.2.bn3.bias": {
    "max": 0.039028700441122055,
    "mean": 0.004318318872517141
  },
  "layer1.2.bn3.weight": {
    "max": 0.06860176473855972,
    "mean": 0.007704837155781985
  },
  "layer1.2.conv1.weight": {
    "max": 0.10096543282270432,
    "mean": 0.011687889883552478
  },
  "layer1.2.conv2.weight": {
    "max": 0.1277717500925064,
    "mean": 0.01474946962399242
  },
  "layer1.2.conv3.weight": {
    "max": 0.1238689199090004,
    "mean": 0.014490765901989238
  },
  "layer2.0.bn1.bias": {
    "max": 0.026565978303551674,
    "mean": 0.0031180814413320538
  },
  "layer2.0.bn1.weight": {
    "max": 0.03683885931968689,
    "mean": 0.0044636932437424545
  },
  "layer2.0.bn2.bias": {
    "max": 0.013727905228734016,
    "mean": 0.001835971726697088
  },
  "layer2.0.bn2.weight": {
    "max": 0.031966738402843475,
    "mean": 0.004033395990793776
  },
  "layer2.0.bn3.bias": {
    "max": 0.026479190215468407,
    "mean": 0.003225693780311433
  },
  "layer2.0.bn3.weight": {
    "max": 0.03510209918022156,
    "mean": 0.004934908469897761
  },
  "layer2.0.conv1.weight": {
    "max": 0.18864083290100098,
    "mean": 0.021242126341302146
  },
  "layer2.0.conv2.weight": {
    "max": 0.13911528885364532,
    "mean": 0.016209606136170417
  },
  "layer2.0.conv3.weight": {
    "max": 0.2107899934053421,
    "mean": 0.02280314942410249
  },
  "layer2.0.downsample.0.weight": {
    "max": 0.1732337474822998,
    "mean": 0.02187520331170942
  },
  "layer2.0.downsample.1.bias": {
    "max": 0.026479190215468407,
    "mean": 0.003225693780311433
  },
  "layer2.0.downsample.1.weight": {
    "max": 0.04493653401732445,
    "mean": 0.004847880850065849
  },
  "layer2.1.bn1.bias": {
    "max": 0.021557576954364777,
    "mean": 0.002674707635440947
  },
  "layer2.1.bn1.weight": {
    "max": 0.037774622440338135,
    "mean": 0.004331468351852631
  },
  "layer2.1.bn2.bias": {
    "max": 0.023885656148195267,
    "mean": 0.0030588390783564787
  },
  "layer2.1.bn2.weight": {
    "max": 0.03424886614084244,
    "mean": 0.004187320404422021
  },
  "layer2.1.bn3.bias": {
    "max": 0.02396319806575775,
    "mean": 0.0028966922570751712
  },
  "layer2.1.bn3.weight": {
    "max": 0.026434162631630898,
    "mean": 0.0037321379572988786
  },
  "layer2.1.conv1.weight": {
    "max": 0.09182841330766678,
    "mean": 0.011407917730185934
  },
  "layer2.1.conv2.weight": {
    "max": 0.14021959900856018,
    "mean": 0.019921572500981193
  },
  "layer2.1.conv3.weight": {
    "max": 0.12990236282348633,
    "mean": 0.017423604649666233
  },
  "layer2.2.bn1.bias": {
    "max": 0.028467480093240738,
    "mean": 0.003349273868672234
  },
  "layer2.2.bn1.weight": {
    "max": 0.043551210314035416,
    "mean": 0.00512478965397999
  },
  "layer2.2.bn2.bias": {
    "max": 0.019906211644411087,
    "mean": 0.002493206964146728
  },
  "layer2.2.bn2.weight": {
    "max": 0.028406953439116478,
    "mean": 0.004165623888911796
  },
  "layer2.2.bn3.bias": {
    "max": 0.021826287731528282,
    "mean": 0.0026865027769859546
  },
  "layer2.2.bn3.weight": {
    "max": 0.03251846879720688,
    "mean": 0.004500374057409187
  },
  "layer2.2.conv1.weight": {
    "max": 0.09966619312763214,
    "mean": 0.011783190580317751
  },
  "layer2.2.conv2.weight": {
    "max": 0.14553554356098175,
    "mean": 0.017152113228055117
  },
  "layer2.2.conv3.weight": {
    "max": 0.1669870913028717,
    "mean": 0.019377190096544965
  },
  "layer2.3.bn1.bias": {
    "max": 0.017207106575369835,
    "mean": 0.0022707729962400795
  },
  "layer2.3.bn1.weight": {
    "max": 0.03258141502737999,
    "mean": 0.003731731231091544
  },
  "layer2.3.bn2.bias": {
    "max": 0.02079758420586586,
    "mean": 0.0024414655323302475
  },
  "layer2.3.bn2.weight": {
    "max": 0.031944192945957184,
    "mean": 0.003967918092540848
  },
  "layer2.3.bn3.bias": {
    "max": 0.01931043528020382,
    "mean": 0.0023863194618596547
  },
  "layer2.3.bn3.weight": {
    "max": 0.022907523438334465,
    "mean": 0.0030826906713731918
  },
  "layer2.3.conv1.weight": {
    "max": 0.09446954727172852,
    "mean": 0.011589854394301905
  },
  "layer2.3.conv2.weight": {
    "max": 0.10186730325222015,
    "mean": 0.012915996481606271
  },
  "layer2.3.conv3.weight": {
    "max": 0.107561394572258,
    "mean": 0.013522820332686284
  },
  "layer3.0.bn1.bias": {
    "max": 0.03433959186077118,
    "mean": 0.004477867725800024
  },
  "layer3.0.bn1.weight": {
    "max": 0.05751433223485947,
    "mean": 0.007317196286270961
  },
  "layer3.0.bn2.bias": {
    "max": 0.014083847403526306,
    "mean": 0.002026064206646489
  },
  "layer3.0.bn2.weight": {
    "max": 0.027029039338231087,
    "mean": 0.003915355758768523
  },
  "layer3.0.bn3.bias": {
    "max": 0.02563977800309658,
    "mean": 0.0033646477368997046
  },
  "layer3.0.bn3.weight": {
    "max": 0.03804199397563934,
    "mean": 0.005507204698473548
  },
  "layer3.0.conv1.weight": {
    "max": 0.21743637323379517,
    "mean": 0.025773542154347524
  },
  "layer3.0.conv2.weight": {
    "max": 0.1259782910346985,
    "mean": 0.016346938445349225
  },