{
  "bn1.bias": {
    "max": 0.07154510915279388,
    "mean": 0.0072097914557421715
  },
  "bn1.weight": {
    "max": 0.3256348669528961,
    "mean": 0.026862051273804224
  },
  "conv1.weight": {
    "max": 0.9998751878738403,
    "mean": 0.1333699784639092
  },
  "fc.bias": {
    "max": 0.07679738849401474,
    "mean": 0.011553512922047439
  },
  "fc.weight": {
    "max": 0.9454829096794128,
    "mean": 0.1628379591394748
  },
  "layer1.0.bn1.bias": {
    "max": 0.05697939544916153,
    "mean": 0.006515984750408928
  },
  "layer1.0.bn1.weight": {
    "max": 0.07611951977014542,
    "mean": 0.00840653493422516
  },
  "layer1.0.bn2.bias": {
    "max": 0.09961975365877151,
    "mean": 0.007743567089762239
  },
  "layer1.0.bn2.weight": {
    "max": 0.11956102401018143,
    "mean": 0.01342967589942938
  },
  "layer1.0.bn3.bias": {
    "max": 0.1196238249540329,
    "mean": 0.014231971013380513
  },
  "layer1.0.bn3.weight": {
    "max": 0.4286614656448364,
    "mean": 0.03382833517119122
  },
  "layer1.0.conv1.weight": {
    "max": 0.4136209785938263,
    "mean": 0.03835840330712797
  },
  "layer1.0.conv2.weight": {
    "max": 0.49283337593078613,
    "mean": 0.05906004153848958
  },
  "layer1.0.conv3.weight": {
    "max": 0.3458639979362488,
    "mean": 0.04944882896271468
  },
  "layer1.0.downsample.0.weight": {
    "max": 0.9136384129524231,
    "mean": 0.10071584889715138
  },
  "layer1.0.downsample.1.bias": {
    "max": 0.1196238249540329,
    "mean": 0.014231971013380513
  },
  "layer1.0.downsample.1.weight": {
    "max": 0.38568517565727234,
    "mean": 0.03232951944170054
  },
  "layer1.1.bn1.bias": {
    "max": 0.07230986654758453,
    "mean": 0.008282575556887812
  },
  "layer1.1.bn1.weight": {
    "max": 0.08440294861793518,
    "mean": 0.010850715970362737
  },
  "layer1.1.bn2.bias": {
    "max": 0.028350666165351868,
    "mean": 0.003664447635590997
  },
  "layer1.1.bn2.weight": {
    "max": 0.04984744265675545,
    "mean": 0.006836197469237959
  },
  "layer1.1.bn3.bias": {
    "max": 0.08411157876253128,
    "mean": 0.009583076529524987
  },
  "layer1.1.bn3.weight": {
    "max": 0.18231621384620667,
    "mean": 0.02253820716935609
  },
  "layer1.1.conv1.weight": {
    "max": 0.15979911386966705,
    "mean": 0.020787325293391144
  },
  "layer1.1.conv2.weight": {
    "max": 0.18507105112075806,
    "mean": 0.024130128557236667
  },
  "layer1.1.conv3.weight": {
    "max": 0.19024457037448883,
    "mean": 0.026796228789982186
  },
  "layer1.2.bn1.bias": {
    "max": 0.022315941751003265,
    "mean": 0.002904276047125417
  },
  "layer1.2.bn1.weight": {
    "max": 0.037574127316474915,
    "mean": 0.0046001655331825275
  },
  "layer1.2.bn2.bias": {
    "max": 0.023061392828822136,
    "mean": 0.0024408884400691023
  },
  "layer1.2.bn2.weight": {
    "max": 0.0363873653113842,
    "mean": 0.0044967943617978436
  },
  "layer1.2.bn3.bias": {
    "max": 0.05964148789644241,
    "mean": 0.006708808983312338
  },
  "layer1.2.bn3.weight": {
    "max": 0.10262573510408401,
    "mean": 0.01265756190502933
  },
  "layer1.2.conv1.weight": {
    "max": 0.17855799198150635,
    "mean": 0.020296856825131857
  },
  "layer1.2.conv2.weight": {
    "max": 0.21692033112049103,
    "mean": 0.022394600131540626
  },
  "layer1.2.conv3.weight": {
    "max": 0.18949270248413086,
    "mean": 0.02268606817948499
  },
  "layer2.0.bn1.bias": {
    "max": 0.04605904221534729,
    "mean": 0.00504320152800314
  },
  "layer2.0.bn1.weight": {
    "max": 0.060797110199928284,
    "mean": 0.007119960321132177
  },
  "layer2.0.bn2.bias": {
    "max": 0.020564110949635506,
    "mean": 0.00273037358046817
  },
  "layer2.0.bn2.weight": {
    "max": 0.050084684044122696,
    "mean": 0.006055067785564461
  },
  "layer2.0.bn3.bias": {
    "max": 0.04524736851453781,
    "mean": 0.004908725195969704
  },
  "layer2.0.bn3.weight": {
    "max": 0.06168770045042038,
    "mean": 0.007516209743272546
  },
  "layer2.0.conv1.weight": {
    "max": 0.3290417194366455,
    "mean": 0.03708774400558988
  },
  "layer2.0.conv2.weight": {
    "max": 0.18770544230937958,
    "mean": 0.02482684818699324
  },
  "layer2.0.conv3.weight": {
    "max": 0.27260103821754456,
    "mean": 0.03484728342387825
  },
  "layer2.0.downsample.0.weight": {
    "max": 0.25756633281707764,
    "mean": 0.03399030813814274
  },
  "layer2.0.downsample.1.bias": {
    "max": 0.04524736851453781,
    "mean": 0.004908725195969704
  },
  "layer2.0.downsample.1.weight": {
    "max": 0.05522582679986954,
    "mean": 0.007555852358314691
  },
  "layer2.1.bn1.bias": {
    "max": 0.03771556541323662,
    "mean": 0.004516729057535745
  },
  "layer2.1.bn1.weight": {
    "max": 0.05690761283040047,
    "mean": 0.00735565368362586
  },
  "layer2.1.bn2.bias": {
    "max": 0.03998780995607376,
    "mean": 0.005011204651548594
  },
  "layer2.1.bn2.weight": {
    "max": 0.06031865254044533,
    "mean": 0.006868965521986996
  },
  "layer2.1.bn3.bias": {
    "max": 0.041699666529893875,
    "mean": 0.004392604976539068
  },
  "layer2.1.bn3.weight": {
    "max": 0.055522508919239044,
    "mean": 0.006533182150441072
  },
  "layer2.1.conv1.weight": {
    "max": 0.13771401345729828,
    "mean": 0.019455004609938313
  },
  "layer2.1.conv2.weight": {
    "max": 0.26666805148124695,
    "mean": 0.035175437521580276
  },
  "layer2.1.conv3.weight": {
    "max": 0.23420196771621704,
    "mean": 0.03177234396309359
  },
  "layer2.2.bn1.bias": {
    "max": 0.04714289307594299,
    "mean": 0.005258452130157301
  },
  "layer2.2.bn1.weight": {
    "max": 0.055653106421232224,
    "mean": 0.007658809876905122
  },
  "layer2.2.bn2.bias": {
    "max": 0.0237105879932642,
    "mean": 0.003523539001616882
  },
  "layer2.2.bn2.weight": {
    "max": 0.041774701327085495,
    "mean": 0.005957607040867775
  },
  "layer2.2.bn3.bias": {
    "max": 0.036746323108673096,
    "mean": 0.004015995484203034
  },
  "layer2.2.bn3.weight": {
    "max": 0.04674280434846878,
    "mean": 0.006505399059512586
  },
  "layer2.2.conv1.weight": {
    "max": 0.12875312566757202,
    "mean": 0.018727636378399828
  },
  "layer2.2.conv2.weight": {
    "max": 0.18112586438655853,
    "mean": 0.02542013522399689
  },
  "layer2.2.conv3.weight": {
    "max": 0.18055737018585205,
    "mean": 0.027779197382457953
  },
  "layer2.3.bn1.bias": {
    "max": 0.031993381679058075,
    "mean": 0.003721943128683571
  },
  "layer2.3.bn1.weight": {
    "max": 0.045893650501966476,
    "mean": 0.006043645072817786
  },
  "layer2.3.bn2.bias": {
    "max": 0.02783089503645897,
    "mean": 0.0036701119284199583
  },
  "layer2.3.bn2.weight": {
    "max": 0.04139706492424011,
    "mean": 0.0060604630223263355
  },
  "layer2.3.bn3.bias": {
    "max": 0.03003479726612568,
    "mean": 0.0034581825531859066
  },
  "layer2.3.bn3.weight": {
    "max": 0.038069047033786774,
    "mean": 0.005197464364422818
  },
  "layer2.3.conv1.weight": {
    "max": 0.14425404369831085,
    "mean": 0.02043065827215157
  },
  "layer2.3.conv2.weight": {
    "max": 0.14237460494041443,
    "mean": 0.020556921449606306
  },
  "layer2.3.conv3.weight": {
    "max": 0.15393607318401337,
    "mean": 0.02197242992111049
  },
  "layer3.0.bn1.bias": {
    "max": 0.050659868866205215,
    "mean": 0.006578119651551658
  },
  "layer3.0.bn1.weight": {
    "max": 0.07158132642507553,
    "mean": 0.010110092781812585
  },
  "layer3.0.bn2.bias": {
    "max": 0.02022421918809414,
    "mean": 0.0029456626960641837
  },
  "layer3.0.bn2.weight": {
    "max": 0.041202906519174576,
    "mean": 0.005472633025066378
  },
  "layer3.0.bn3.bias": {
    "max": 0.03472258523106575,
    "mean": 0.004831169028891184
  },
  "layer3.0.bn3.weight": {
    "max": 0.055892713367938995,
    "mean": 0.0074601458473002175
  },
  "layer3.0.conv1.weight": {
    "max": 0.2598305642604828,
    "mean": 0.038958811048651114
  },
  "layer3.0.conv2.weight": {
    "max": 0.17382393777370453,
    "mean": 0.023131965353760667
  },