{
  "bn1.bias": {
    "max": 0.06784384697675705,
    "mean": 0.006001864288139457
  },
  "bn1.weight": {
    "max": 0.13638150691986084,
    "mean": 0.02297003521467559
  },
  "conv1.weight": {
    "max": 0.6873638033866882,
    "mean": 0.11281838813031625
  },
  "fc.bias": {
    "max": 0.05180148035287857,
    "mean": 0.010507015343506022
  },
  "fc.weight": {
    "max": 0.816002368927002,
    "mean": 0.14291453303902277
  },
  "layer1.0.bn1.bias": {
    "max": 0.03627094626426697,
    "mean": 0.0049127669518929905
  },
  "layer1.0.bn1.weight": {
    "max": 0.044118911027908325,
    "mean": 0.006669674966646458
  },
  "layer1.0.bn2.bias": {
    "max": 0.03727144002914429,
    "mean": 0.005285723559396242
  },
  "layer1.0.bn2.weight": {
    "max": 0.05788442865014076,
    "mean": 0.009488350687731456
  },
  "layer1.0.bn3.bias": {
    "max": 0.09853367507457733,
    "mean": 0.012169330719376117
  },
  "layer1.0.bn3.weight": {
    "max": 0.2231423407793045,
    "mean": 0.02686942958547401
  },
  "layer1.0.conv1.weight": {
    "max": 0.19252780079841614,
    "mean": 0.029948275336480167
  },
  "layer1.0.conv2.weight": {
    "max": 0.3289555311203003,
    "mean": 0.0436846590429611
  },
  "layer1.0.conv3.weight": {
    "max": 0.2726249396800995,
    "mean": 0.03618020514857822
  },
  "layer1.0.downsample.0.weight": {
    "max": 0.5847057104110718,
    "mean": 0.0829268843108522
  },
  "layer1.0.downsample.1.bias": {
    "max": 0.09853367507457733,
    "mean": 0.012169330719376117
  },
  "layer1.0.downsample.1.weight": {
    "max": 0.19748537242412567,
    "mean": 0.02539253809364579
  },
  "layer1.1.bn1.bias": {
    "max": 0.056984759867191315,
    "mean": 0.006650728521490237
  },
  "layer1.1.bn1.weight": {
    "max": 0.07205963134765625,
    "mean": 0.009277602606556943
  },
  "layer1.1.bn2.bias": {
    "max": 0.02779751643538475,
    "mean": 0.0032164663685502353
  },
  "layer1.1.bn2.weight": {
    "max": 0.039519526064395905,
    "mean": 0.005905712340047883
  },
  "layer1.1.bn3.bias": {
    "max": 0.06585176289081573,
    "mean": 0.00827121475561788
  },
  "layer1.1.bn3.weight": {
    "max": 0.12473420053720474,
    "mean": 0.019631280447065365
  },
  "layer1.1.conv1.weight": {
    "max": 0.11501561105251312,
    "mean": 0.015578078397499797
  },
  "layer1.1.conv2.weight": {
    "max": 0.1596587896347046,
    "mean": 0.021621022892567062
  },
  "layer1.1.conv3.weight": {
    "max": 0.16157285869121552,
    "mean": 0.023169044558391243
  },
  "layer1.2.bn1.bias": {
    "max": 0.01802944205701351,
    "mean": 0.0024921129900290647
  },
  "layer1.2.bn1.weight": {
    "max": 0.02550124190747738,
    "mean": 0.003739727532759259
  },
  "layer1.2.bn2.bias": {
    "max": 0.013600746169686317,
    "mean": 0.002109140365843944
  },
  "layer1.2.bn2.weight": {
    "max": 0.030500514432787895,
    "mean": 0.004019343791005667
  },
  "layer1.2.bn3.bias": {
    "max": 0.04355493187904358,
    "mean": 0.005669553706767537
  },
  "layer1.2.bn3.weight": {
    "max": 0.0801040306687355,
    "mean": 0.01046068106549293
  },
  "layer1.2.conv1.weight": {
    "max": 0.10515476018190384,
    "mean": 0.01636186643291564
  },
  "layer1.2.conv2.weight": {
    "max": 0.13699738681316376,
    "mean": 0.01964331798704474
  },
  "layer1.2.conv3.weight": {
    "max": 0.14792762696743011,
    "mean": 0.019659993865560475
  },
  "layer2.0.bn1.bias": {
    "max": 0.04186723008751869,
    "mean": 0.004633695464622828
  },
  "layer2.0.bn1.weight": {
    "max": 0.05227096006274223,
    "mean": 0.006681424969782321
  },
  "layer2.0.bn2.bias": {
    "max": 0.015184271149337292,
    "mean": 0.002542726109906133
  },
  "layer2.0.bn2.weight": {
    "max": 0.04251040890812874,
    "mean": 0.005599418774155701
  },
  "layer2.0.bn3.bias": {
    "max": 0.034930892288684845,
    "mean": 0.004421828369190085
  },
  "layer2.0.bn3.weight": {
    "max": 0.05624214559793472,
    "mean": 0.00693352675832492
  },
  "layer2.0.conv1.weight": {
    "max": 0.2408607304096222,
    "mean": 0.03187985460448545
  },
  "layer2.0.conv2.weight": {
    "max": 0.17128793895244598,
    "mean": 0.022678575753774827
  },
  "layer2.0.conv3.weight": {
    "max": 0.26132890582084656,
    "mean": 0.032063678610221746
  },
  "layer2.0.downsample.0.weight": {
    "max": 0.1854315549135208,
    "mean": 0.02913166827971249
  },
  "layer2.0.downsample.1.bias": {
    "max": 0.034930892288684845,
    "mean": 0.004421828369190085
  },
  "layer2.0.downsample.1.weight": {
    "max": 0.053899720311164856,
    "mean": 0.006676900126497328
  },
  "layer2.1.bn1.bias": {
    "max": 0.039676789194345474,
    "mean": 0.0038422718594457754
  },
  "layer2.1.bn1.weight": {
    "max": 0.06675323098897934,
    "mean": 0.006008417714786316
  },
  "layer2.1.bn2.bias": {
    "max": 0.034733403474092484,
    "mean": 0.004228329962102829
  },
  "layer2.1.bn2.weight": {
    "max": 0.04639381170272827,
    "mean": 0.005743859863391013
  },
  "layer2.1.bn3.bias": {
    "max": 0.032139625400304794,
    "mean": 0.0039618945713196544
  },
  "layer2.1.bn3.weight": {
    "max": 0.05247999355196953,
    "mean": 0.005377736299415119
  },
  "layer2.1.conv1.weight": {
    "max": 0.11828557401895523,
    "mean": 0.016255906678603164
  },
  "layer2.1.conv2.weight": {
    "max": 0.2581935226917267,
    "mean": 0.029949565077549777
  },
  "layer2.1.conv3.weight": {
    "max": 0.23099103569984436,
    "mean": 0.025365905358921737
  },
  "layer2.2.bn1.bias": {
    "max": 0.03746935725212097,
    "mean": 0.004876841963559855
  },
  "layer2.2.bn1.weight": {
    "max": 0.06098643317818642,
    "mean": 0.007259922359912058
  },
  "layer2.2.bn2.bias": {
    "max": 0.025787409394979477,
    "mean": 0.003527592196717576
  },
  "layer2.2.bn2.weight": {
    "max": 0.039665985852479935,
    "mean": 0.0058883434290224355
  },
  "layer2.2.bn3.bias": {
    "max": 0.02919143997132778,
    "mean": 0.0036539364524339492
  },
  "layer2.2.bn3.weight": {
    "max": 0.04870758578181267,
    "mean": 0.0061130689653717644
  },
  "layer2.2.conv1.weight": {
    "max": 0.11981074512004852,
    "mean": 0.017142591475983085
  },
  "layer2.2.conv2.weight": {
    "max": 0.16903246939182281,
    "mean": 0.024358439776281427
  },
  "layer2.2.conv3.weight": {
    "max": 0.19404928386211395,
    "mean": 0.026853211628372915
  },
  "layer2.3.bn1.bias": {
    "max": 0.0417591817677021,
    "mean": 0.003535323041807195
  },
  "layer2.3.bn1.weight": {
    "max": 0.06812401860952377,
    "mean": 0.005712556772611736
  },
  "layer2.3.bn2.bias": {
    "max": 0.03121589496731758,
    "mean": 0.003470800882600348
  },
  "layer2.3.bn2.weight": {
    "max": 0.06065140292048454,
    "mean": 0.005983384277871145
  },
  "layer2.3.bn3.bias": {
    "max": 0.026713041588664055,
    "mean": 0.0031712369379653994
  },
  "layer2.3.bn3.weight": {
    "max": 0.04623505845665932,
    "mean": 0.004886006008767123
  },
  "layer2.3.conv1.weight": {
    "max": 0.15361550450325012,
    "mean": 0.01865466928558557
  },
  "layer2.3.conv2.weight": {
    "max": 0.18545690178871155,
    "mean": 0.01962684002347357
  },
  "layer2.3.conv3.weight": {
    "max": 0.2199535071849823,
    "mean": 0.020938465180141586
  },
  "layer3.0.bn1.bias": {
    "max": 0.0687548816204071,
    "mean": 0.0063462005070011535
  },
  "layer3.0.bn1.weight": {
    "max": 0.08316352963447571,
    "mean": 0.009970947641995735
  },
  "layer3.0.bn2.bias": {
    "max": 0.02499060519039631,
    "mean": 0.002762407179231689
  },
  "layer3.0.bn2.weight": {
    "max": 0.04964958876371384,
    "mean": 0.005128739634362448
  },
  "layer3.0.bn3.bias": {
    "max": 0.03441211208701134,
    "mean": 0.004486108646451612
  },
  "layer3.0.bn3.weight": {
    "max": 0.08345891535282135,
    "mean": 0.007273338121283035
  },
  "layer3.0.conv1.weight": {
    "max": 0.31932204961776733,
    "mean": 0.036316640471923164
  },
  "layer3.0.conv2.weight": {
    "max": 0.2212943434715271,
    "mean": 0.022461712439960268
  },