{
  "bn1.bias": {
    "max": 0.04762205109000206,
    "mean": 0.0072023333185851305
  },
  "bn1.weight": {
    "max": 0.210544154047966,
    "mean": 0.03154553846298118
  },
  "conv1.weight": {
    "max": 1.5565966367721558,
    "mean": 0.16049109975674322
  },
  "fc.bias": {
    "max": 0.07915117591619492,
    "mean": 0.016709167913400703
  },
  "fc.weight": {
    "max": 0.9080576300621033,
    "mean": 0.20743817673064768
  },
  "layer1.0.bn1.bias": {
    "max": 0.06167237088084221,
    "mean": 0.007091706731901338
  },
  "layer1.0.bn1.weight": {
    "max": 0.08704734593629837,
    "mean": 0.00983109901131164
  },
  "layer1.0.bn2.bias": {
    "max": 0.08810722827911377,
    "mean": 0.008127677610651257
  },
  "layer1.0.bn2.weight": {
    "max": 0.10449492931365967,
    "mean": 0.014818886699337912
  },
  "layer1.0.bn3.bias": {
    "max": 0.09358564764261246,
    "mean": 0.016383569406254017
  },
  "layer1.0.bn3.weight": {
    "max": 0.2709399461746216,
    "mean": 0.03452234688115173
  },
  "layer1.0.conv1.weight": {
    "max": 0.3133699595928192,
    "mean": 0.041919944681659604
  },
  "layer1.0.conv2.weight": {
    "max": 0.7335653305053711,
    "mean": 0.06435030328808353
  },
  "layer1.0.conv3.weight": {
    "max": 0.2833758294582367,
    "mean": 0.05229342375549355
  },
  "layer1.0.downsample.0.weight": {
    "max": 0.8496688604354858,
    "mean": 0.11706207538954913
  },
  "layer1.0.downsample.1.bias": {
    "max": 0.09358564764261246,
    "mean": 0.016383569406254017
  },
  "layer1.0.downsample.1.weight": {
    "max": 0.25020769238471985,
    "mean": 0.03321883255266585
  },
  "layer1.1.bn1.bias": {
    "max": 0.06234973296523094,
    "mean": 0.010131219392808687
  },
  "layer1.1.bn1.weight": {
    "max": 0.10744724422693253,
    "mean": 0.01351818279778984
  },
  "layer1.1.bn2.bias": {
    "max": 0.026094332337379456,
    "mean": 0.004275720929373555
  },
  "layer1.1.bn2.weight": {
    "max": 0.06053061783313751,
    "mean": 0.008258759104646742
  },
  "layer1.1.bn3.bias": {
    "max": 0.0656728520989418,
    "mean": 0.01110879110721206
  },
  "layer1.1.bn3.weight": {
    "max": 0.14647293090820312,
    "mean": 0.026051241881629852
  },
  "layer1.1.conv1.weight": {
    "max": 0.2722776234149933,
    "mean": 0.02384082268923521
  },
  "layer1.1.conv2.weight": {
    "max": 0.14643490314483643,
    "mean": 0.02929781205303568
  },
  "layer1.1.conv3.weight": {
    "max": 0.20472915470600128,
    "mean": 0.03140683431128439
  },
  "layer1.2.bn1.bias": {
    "max": 0.02216976508498192,
    "mean": 0.0035155843518649425
  },
  "layer1.2.bn1.weight": {
    "max": 0.0470605231821537,
    "mean": 0.005291750364787211
  },
  "layer1.2.bn2.bias": {
    "max": 0.013435103930532932,
    "mean": 0.0028724599326960744
  },
  "layer1.2.bn2.weight": {
    "max": 0.0328008271753788,
    "mean": 0.005411938574522667
  },
  "layer1.2.bn3.bias": {
    "max": 0.046149253845214844,
    "mean": 0.007743351347370273
  },
  "layer1.2.bn3.weight": {
    "max": 0.0839926078915596,
    "mean": 0.013902055786540067
  },
  "layer1.2.conv1.weight": {
    "max": 0.18055035173892975,
    "mean": 0.02309502502620619
  },
  "layer1.2.conv2.weight": {
    "max": 0.14548158645629883,
    "mean": 0.026237364254027073
  },
  "layer1.2.conv3.weight": {
    "max": 0.13036246597766876,
    "mean": 0.025890913163478087
  },
  "layer2.0.bn1.bias": {
    "max": 0.036154747009277344,
    "mean": 0.006038065125862236
  },
  "layer2.0.bn1.weight": {
    "max": 0.04738482087850571,
    "mean": 0.008667414892739284
  },
  "layer2.0.bn2.bias": {
    "max": 0.01619199849665165,
    "mean": 0.003338295958632703
  },
  "layer2.0.bn2.weight": {
    "max": 0.03655879944562912,
    "mean": 0.007286469068078856
  },
  "layer2.0.bn3.bias": {
    "max": 0.03192749246954918,
    "mean": 0.005698013156111951
  },
  "layer2.0.bn3.weight": {
    "max": 0.04817526414990425,
    "mean": 0.00910351453527775
  },
  "layer2.0.conv1.weight": {
    "max": 0.27736133337020874,
    "mean": 0.04104936561447435
  },
  "layer2.0.conv2.weight": {
    "max": 0.1445603221654892,
    "mean": 0.029509550794859285
  },
  "layer2.0.conv3.weight": {
    "max": 0.22688037157058716,
    "mean": 0.04168372844911313
  },
  "layer2.0.downsample.0.weight": {
    "max": 0.23136179149150848,
    "mean": 0.03962184630982977
  },
  "layer2.0.downsample.1.bias": {
    "max": 0.03192749246954918,
    "mean": 0.005698013156111951
  },
  "layer2.0.downsample.1.weight": {
    "max": 0.051021795719861984,
    "mean": 0.008987132030971614
  },
  "layer2.1.bn1.bias": {
    "max": 0.03383725509047508,
    "mean": 0.005023752855319929
  },
  "layer2.1.bn1.weight": {
    "max": 0.04566548019647598,
    "mean": 0.008342112432458505
  },
  "layer2.1.bn2.bias": {
    "max": 0.033227913081645966,
    "mean": 0.005780170421432039
  },
  "layer2.1.bn2.weight": {
    "max": 0.0371844656765461,
    "mean": 0.007997660826700406
  },
  "layer2.1.bn3.bias": {
    "max": 0.027427582070231438,
    "mean": 0.005111655425093236
  },
  "layer2.1.bn3.weight": {
    "max": 0.042145561426877975,
    "mean": 0.007158839681069367
  },
  "layer2.1.conv1.weight": {
    "max": 0.10460058599710464,
    "mean": 0.021489442141610197
  },
  "layer2.1.conv2.weight": {
    "max": 0.35096481442451477,
    "mean": 0.040577444957868594
  },
  "layer2.1.conv3.weight": {
    "max": 0.16057546436786652,
    "mean": 0.03404382363061554
  },
  "layer2.2.bn1.bias": {
    "max": 0.03323693200945854,
    "mean": 0.005936664547251504
  },
  "layer2.2.bn1.weight": {
    "max": 0.04640697315335274,
    "mean": 0.008822230649529956
  },
  "layer2.2.bn2.bias": {
    "max": 0.024908382445573807,
    "mean": 0.004171295488610797
  },
  "layer2.2.bn2.weight": {
    "max": 0.04275093972682953,
    "mean": 0.007196151090112316
  },
  "layer2.2.bn3.bias": {
    "max": 0.0243056770414114,
    "mean": 0.004698161236072858
  },
  "layer2.2.bn3.weight": {
    "max": 0.037049923092126846,
    "mean": 0.00805647511704592
  },
  "layer2.2.conv1.weight": {
    "max": 0.1169649213552475,
    "mean": 0.021613818332885525
  },
  "layer2.2.conv2.weight": {
    "max": 0.15563632547855377,
    "mean": 0.030260112446433465
  },
  "layer2.2.conv3.weight": {
    "max": 0.17462988197803497,
    "mean": 0.03374445008296919
  },
  "layer2.3.bn1.bias": {
    "max": 0.02210884727537632,
    "mean": 0.004247160627668823
  },
  "layer2.3.bn1.weight": {
    "max": 0.03381456434726715,
    "mean": 0.006903851249371655
  },
  "layer2.3.bn2.bias": {
    "max": 0.021776434034109116,
    "mean": 0.004289007164957833
  },
  "layer2.3.bn2.weight": {
    "max": 0.034998953342437744,
    "mean": 0.007369008747461651
  },
  "layer2.3.bn3.bias": {
    "max": 0.022455433383584023,
    "mean": 0.004132116704027534
  },
  "layer2.3.bn3.weight": {
    "max": 0.032001793384552,
    "mean": 0.006118246695716932
  },
  "layer2.3.conv1.weight": {
    "max": 0.10376627743244171,
    "mean": 0.022627347374800592
  },
  "layer2.3.conv2.weight": {
    "max": 0.11862020939588547,
    "mean": 0.024264331394141275
  },
  "layer2.3.conv3.weight": {
    "max": 0.12812180817127228,
    "mean": 0.026337141268387702
  },
  "layer3.0.bn1.bias": {
    "max": 0.05282619595527649,
    "mean": 0.00835495258199184
  },
  "layer3.0.bn1.weight": {
    "max": 0.0818355530500412,
    "mean": 0.013552389088519183
  },
  "layer3.0.bn2.bias": {
    "max": 0.018909867852926254,
    "mean": 0.0037033775615106738
  },
  "layer3.0.bn2.weight": {
    "max": 0.04368286207318306,
    "mean": 0.007215141296203781
  },
  "layer3.0.bn3.bias": {
    "max": 0.028309758752584457,
    "mean": 0.006095713933173101
  },
  "layer3.0.bn3.weight": {
    "max": 0.05731290578842163,
    "mean": 0.010004803710866586
  },
  "layer3.0.conv1.weight": {
    "max": 0.27910569310188293,
    "mean": 0.04776906737392502
  },
  "layer3.0.conv2.weight": {
    "max": 0.17559638619422913,
    "mean": 0.030006512621018503
  },
  "layer3.0.conv3.weight": {
    "max": 0.21345317363739014,