{
  "bn1.bias": {
    "max": 0.08115171641111374,
    "mean": 0.012801444244105368
  },
  "bn1.weight": {
    "max": 0.22950486838817596,
    "mean": 0.04278515373855563
  },
  "conv1.weight": {
    "max": 1.0980854034423828,
    "mean": 0.20731450170810733
  },
  "fc.bias": {
    "max": 0.12132003158330917,
    "mean": 0.02121331193683935
  },
  "fc.weight": {
    "max": 1.2361727952957153,
    "mean": 0.25612481571600904
  },
  "layer1.0.bn1.bias": {
    "max": 0.05589711666107178,
    "mean": 0.009874889131751843
  },
  "layer1.0.bn1.weight": {
    "max": 0.07494793832302094,
    "mean": 0.013907131813799165
  },
  "layer1.0.bn2.bias": {
    "max": 0.06005917862057686,
    "mean": 0.011224385736194173
  },
  "layer1.0.bn2.weight": {
    "max": 0.11039849370718002,
    "mean": 0.02068795087930214
  },
  "layer1.0.bn3.bias": {
    "max": 0.12200403958559036,
    "mean": 0.022906574172832605
  },
  "layer1.0.bn3.weight": {
    "max": 0.5166651010513306,
    "mean": 0.05718319846915879
  },
  "layer1.0.conv1.weight": {
    "max": 0.33186182379722595,
    "mean": 0.05992724478078474
  },
  "layer1.0.conv2.weight": {
    "max": 0.5470981001853943,
    "mean": 0.09487033843129342
  },
  "layer1.0.conv3.weight": {
    "max": 0.46404168009757996,
    "mean": 0.07990868719294668
  },
  "layer1.0.downsample.0.weight": {
    "max": 0.7919014692306519,
    "mean": 0.15542045562794166
  },
  "layer1.0.downsample.1.bias": {
    "max": 0.12200403958559036,
    "mean": 0.022906574172832605
  },
  "layer1.0.downsample.1.weight": {
    "max": 0.47893017530441284,
    "mean": 0.054106692223410524
  },
  "layer1.1.bn1.bias": {
    "max": 0.10805242508649826,
    "mean": 0.015010580606841748
  },
  "layer1.1.bn1.weight": {
    "max": 0.14506037533283234,
    "mean": 0.020325333531945943
  },
  "layer1.1.bn2.bias": {
    "max": 0.03704849258065224,
    "mean": 0.006446123755595181
  },
  "layer1.1.bn2.weight": {
    "max": 0.06768038868904114,
    "mean": 0.011672380682347076
  },
  "layer1.1.bn3.bias": {
    "max": 0.09074726700782776,
    "mean": 0.015787070935226178
  },
  "layer1.1.bn3.weight": {
    "max": 0.23649346828460693,
    "mean": 0.039370433120389604
  },
  "layer1.1.conv1.weight": {
    "max": 0.20639821887016296,
    "mean": 0.033886392183734904
  },
  "layer1.1.conv2.weight": {
    "max": 0.20301564037799835,
    "mean": 0.04231857178566445
  },
  "layer1.1.conv3.weight": {
    "max": 0.2729068398475647,
    "mean": 0.046174323169647584
  },
  "layer1.2.bn1.bias": {
    "max": 0.026437999680638313,
    "mean": 0.004835983219465041
  },
  "layer1.2.bn1.weight": {
    "max": 0.04697553813457489,
    "mean": 0.00774703901398295
  },
  "layer1.2.bn2.bias": {
    "max": 0.02260633558034897,
    "mean": 0.004107237531134161
  },
  "layer1.2.bn2.weight": {
    "max": 0.03919290751218796,
    "mean": 0.007426667773563947
  },
  "layer1.2.bn3.bias": {
    "max": 0.059267643839120865,
    "mean": 0.010616294863534027
  },
  "layer1.2.bn3.weight": {
    "max": 0.10638368874788284,
    "mean": 0.019897234309132077
  },
  "layer1.2.conv1.weight": {
    "max": 0.18899011611938477,
    "mean": 0.03325288493851466
  },
  "layer1.2.conv2.weight": {
    "max": 0.18272775411605835,
    "mean": 0.03765473082944352
  },
  "layer1.2.conv3.weight": {
    "max": 0.18991781771183014,
    "mean": 0.03618674013331266
  },
  "layer2.0.bn1.bias": {
    "max": 0.047027237713336945,
    "mean": 0.008396730431205859
  },
  "layer2.0.bn1.weight": {
    "max": 0.08859147876501083,
    "mean": 0.011938905613330593
  },
  "layer2.0.bn2.bias": {
    "max": 0.022649018093943596,
    "mean": 0.004535246991727035
  },
  "layer2.0.bn2.weight": {
    "max": 0.04388168454170227,
    "mean": 0.009716019410448747
  },
  "layer2.0.bn3.bias": {
    "max": 0.03559120371937752,
    "mean": 0.007920840191155938
  },
  "layer2.0.bn3.weight": {
    "max": 0.058058690279722214,
    "mean": 0.012043519974852514
  },
  "layer2.0.conv1.weight": {
    "max": 0.32621729373931885,
    "mean": 0.05674668198584446
  },
  "layer2.0.conv2.weight": {
    "max": 0.20602919161319733,
    "mean": 0.04018497811829937
  },
  "layer2.0.conv3.weight": {
    "max": 0.3001585304737091,
    "mean": 0.05654341569137094
  },
  "layer2.0.downsample.0.weight": {
    "max": 0.29005399346351624,
    "mean": 0.052360128104420645
  },
  "layer2.0.downsample.1.bias": {
    "max": 0.03559120371937752,
    "mean": 0.007920840191155938
  },
  "layer2.0.downsample.1.weight": {
    "max": 0.06147362291812897,
    "mean": 0.011835830158171511
  },
  "layer2.1.bn1.bias": {
    "max": 0.0324208103120327,
    "mean": 0.006868642863950559
  },
  "layer2.1.bn1.weight": {
    "max": 0.051869530230760574,
    "mean": 0.010874904837941618
  },
  "layer2.1.bn2.bias": {
    "max": 0.03541893884539604,
    "mean": 0.007566328045878826
  },
  "layer2.1.bn2.weight": {
    "max": 0.05102265253663063,
    "mean": 0.010438610811418454
  },
  "layer2.1.bn3.bias": {
    "max": 0.03274412453174591,
    "mean": 0.007120975938409434
  },
  "layer2.1.bn3.weight": {
    "max": 0.044023819267749786,
    "mean": 0.009620834910560266
  },
  "layer2.1.conv1.weight": {
    "max": 0.14965905249118805,
    "mean": 0.029139134140153015
  },
  "layer2.1.conv2.weight": {
    "max": 0.242393359541893,
    "mean": 0.0516534991748631
  },
  "layer2.1.conv3.weight": {
    "max": 0.19618165493011475,
    "mean": 0.04511671527987346
  },
  "layer2.2.bn1.bias": {
    "max": 0.040375106036663055,
    "mean": 0.008376520759234804
  },
  "layer2.2.bn1.weight": {
    "max": 0.06330851465463638,
    "mean": 0.012287123079794193
  },
  "layer2.2.bn2.bias": {
    "max": 0.03949226438999176,
    "mean": 0.005930732126788436
  },
  "layer2.2.bn2.weight": {
    "max": 0.06821532547473907,
    "mean": 0.010130750445283151
  },
  "layer2.2.bn3.bias": {
    "max": 0.028888791799545288,
    "mean": 0.006501424409341001
  },
  "layer2.2.bn3.weight": {
    "max": 0.04979627951979637,
    "mean": 0.01066768107145825
  },
  "layer2.2.conv1.weight": {
    "max": 0.14498022198677063,
    "mean": 0.029869322592192996
  },
  "layer2.2.conv2.weight": {
    "max": 0.2997433543205261,
    "mean": 0.042405991073631286
  },
  "layer2.2.conv3.weight": {
    "max": 0.25457850098609924,
    "mean": 0.046313159936939234
  },
  "layer2.3.bn1.bias": {
    "max": 0.03627229854464531,
    "mean": 0.0061764574855416345
  },
  "layer2.3.bn1.weight": {
    "max": 0.06933930516242981,
    "mean": 0.010117510287756367
  },
  "layer2.3.bn2.bias": {
    "max": 0.033179230988025665,
    "mean": 0.006201588961329045
  },
  "layer2.3.bn2.weight": {
    "max": 0.061940036714076996,
    "mean": 0.010505395965841931
  },
  "layer2.3.bn3.bias": {
    "max": 0.025345906615257263,
    "mean": 0.005643977296131197
  },
  "layer2.3.bn3.weight": {
    "max": 0.040216464549303055,
    "mean": 0.008435989628404578
  },
  "layer2.3.conv1.weight": {
    "max": 0.185516819357872,
    "mean": 0.03292957987786005
  },
  "layer2.3.conv2.weight": {
    "max": 0.19117766618728638,
    "mean": 0.03440932186503363
  },
  "layer2.3.conv3.weight": {
    "max": 0.1831658035516739,
    "mean": 0.036103313988839675
  },
  "layer3.0.bn1.bias": {
    "max": 0.055782195180654526,
    "mean": 0.011272257410206033
  },
  "layer3.0.bn1.weight": {
    "max": 0.08928520977497101,
    "mean": 0.017775548174644686
  },
  "layer3.0.bn2.bias": {
    "max": 0.022454118356108665,
    "mean": 0.004842913365698353
  },
  "layer3.0.bn2.weight": {
    "max": 0.0451485849916935,
    "mean": 0.009143120006608245
  },
  "layer3.0.bn3.bias": {
    "max": 0.03597121313214302,
    "mean": 0.00785263905800613
  },
  "layer3.0.bn3.weight": {
    "max": 0.06887532770633698,
    "mean": 0.012782672431619306
  },
  "layer3.0.conv1.weight": {
    "max": 0.32049477100372314,
    "mean": 0.06408564216191215
  },
  "layer3.0.conv2.weight": {
    "max": 0.203574538230896,
    "mean": 0.038287804113933815
  },
  "layer3.0.conv3.weight": {
    "max": 0.2618412673473358,