{
  "bn1.bias": {
    "max": 0.06474863737821579,
    "mean": 0.004207588630290826
  },
  "bn1.weight": {
    "max": 0.14297203719615936,
    "mean": 0.016265721910832715
  },
  "conv1.weight": {
    "max": 0.6962000727653503,
    "mean": 0.08067451760339152
  },
  "fc.bias": {
    "max": 0.05558595433831215,
    "mean": 0.010168320118349844
  },
  "fc.weight": {
    "max": 0.6866493821144104,
    "mean": 0.12104558080168706
  },
  "layer1.0.bn1.bias": {
    "max": 0.029670801013708115,
    "mean": 0.0036941545888216102
  },
  "layer1.0.bn1.weight": {
    "max": 0.03709753230214119,
    "mean": 0.005105579671217129
  },
  "layer1.0.bn2.bias": {
    "max": 0.045666322112083435,
    "mean": 0.0046572730187160365
  },
  "layer1.0.bn2.weight": {
    "max": 0.06988205015659332,
    "mean": 0.007862556234446986
  },
  "layer1.0.bn3.bias": {
    "max": 0.0866599902510643,
    "mean": 0.009074998112254044
  },
  "layer1.0.bn3.weight": {
    "max": 0.1514236032962799,
    "mean": 0.01951259034091241
  },
  "layer1.0.conv1.weight": {
    "max": 0.15975865721702576,
    "mean": 0.020945585208495945
  },
  "layer1.0.conv2.weight": {
    "max": 0.2175406515598297,
    "mean": 0.03362183618276114
  },
  "layer1.0.conv3.weight": {
    "max": 0.21263235807418823,
    "mean": 0.028746172005526854
  },
  "layer1.0.downsample.0.weight": {
    "max": 0.43973973393440247,
    "mean": 0.058312533409168414
  },
  "layer1.0.downsample.1.bias": {
    "max": 0.0866599902510643,
    "mean": 0.009074998112254044
  },
  "layer1.0.downsample.1.weight": {
    "max": 0.13495349884033203,
    "mean": 0.018384462933421934
  },
  "layer1.1.bn1.bias": {
    "max": 0.04845039173960686,
    "mean": 0.005478484442657126
  },
  "layer1.1.bn1.weight": {
    "max": 0.06475396454334259,
    "mean": 0.006981487578741508
  },
  "layer1.1.bn2.bias": {
    "max": 0.02080778405070305,
    "mean": 0.0023366523633428318
  },
  "layer1.1.bn2.weight": {
    "max": 0.04672282934188843,
    "mean": 0.004288947469613049
  },
  "layer1.1.bn3.bias": {
    "max": 0.052367813885211945,
    "mean": 0.006061905952873141
  },
  "layer1.1.bn3.weight": {
    "max": 0.10985339432954788,
    "mean": 0.014302213635985807
  },
  "layer1.1.conv1.weight": {
    "max": 0.09369448572397232,
    "mean": 0.01162043881901939
  },
  "layer1.1.conv2.weight": {
    "max": 0.16263477504253387,
    "mean": 0.015632329968045398
  },
  "layer1.1.conv3.weight": {
    "max": 0.14506857097148895,
    "mean": 0.016219815979711713
  },
  "layer1.2.bn1.bias": {
    "max": 0.01873033121228218,
    "mean": 0.0019508907348842644
  },
  "layer1.2.bn1.weight": {
    "max": 0.03217563033103943,
    "mean": 0.0029266825054634995
  },
  "layer1.2.bn2.bias": {
    "max": 0.015793494880199432,
    "mean": 0.0016109644665526243
  },
  "layer1.2.bn2.weight": {
    "max": 0.029754064977169037,
    "mean": 0.003021115314664452
  },
  "layer1.2.bn3.bias": {
    "max": 0.0430346317589283,
    "mean": 0.004341310560225143
  },
  "layer1.2.bn3.weight": {
    "max": 0.059758853167295456,
    "mean": 0.00765439668397968
  },
  "layer1.2.conv1.weight": {
    "max": 0.1078987866640091,
    "mean": 0.01226512111024931
  },
  "layer1.2.conv2.weight": {
    "max": 0.13736151158809662,
    "mean": 0.01473243816260947
  },
  "layer1.2.conv3.weight": {
    "max": 0.128727987408638,
    "mean": 0.014156929164684178
  },
  "layer2.0.bn1.bias": {
    "max": 0.03037668950855732,
    "mean": 0.0032885534264642047
  },
  "layer2.0.bn1.weight": {
    "max": 0.044373735785484314,
    "mean": 0.004671455130321972
  },
  "layer2.0.bn2.bias": {
    "max": 0.016434838995337486,
    "mean": 0.00182637586932937
  },
  "layer2.0.bn2.weight": {
    "max": 0.038061365485191345,
    "mean": 0.0039457681139590155
  },
  "layer2.0.bn3.bias": {
    "max": 0.03666545823216438,
    "mean": 0.003277873506407819
  },
  "layer2.0.bn3.weight": {
    "max": 0.03911636769771576,
    "mean": 0.0049313518122029824
  },
  "layer2.0.conv1.weight": {
    "max": 0.20042811334133148,
    "mean": 0.021597092492905045
  },
  "layer2.0.conv2.weight": {
    "max": 0.15413804352283478,
    "mean": 0.016211521383582814
  },
  "layer2.0.conv3.weight": {
    "max": 0.20934587717056274,
    "mean": 0.022448478644613974
  },
  "layer2.0.downsample.0.weight": {
    "max": 0.21381956338882446,
    "mean": 0.021717346951066117
  },
  "layer2.0.downsample.1.bias": {
    "max": 0.03666545823216438,
    "mean": 0.003277873506407819
  },
  "layer2.0.downsample.1.weight": {
    "max": 0.04235813394188881,
    "mean": 0.004776577063624115
  },
  "layer2.1.bn1.bias": {
    "max": 0.035721905529499054,
    "mean": 0.0029156916794350505
  },
  "layer2.1.bn1.weight": {
    "max": 0.05317823216319084,
    "mean": 0.004504734962101793
  },
  "layer2.1.bn2.bias": {
    "max": 0.03777632117271423,
    "mean": 0.0032634754344118325
  },
  "layer2.1.bn2.weight": {
    "max": 0.036739010363817215,
    "mean": 0.004383403488463955
  },
  "layer2.1.bn3.bias": {
    "max": 0.032593607902526855,
    "mean": 0.002949540999657724
  },
  "layer2.1.bn3.weight": {
    "max": 0.03891336917877197,
    "mean": 0.003929291885547822
  },
  "layer2.1.conv1.weight": {
    "max": 0.11873231828212738,
    "mean": 0.011906507601670455
  },
  "layer2.1.conv2.weight": {
    "max": 0.302068293094635,
    "mean": 0.021941032052189776
  },
  "layer2.1.conv3.weight": {
    "max": 0.17113454639911652,
    "mean": 0.018639215010251585
  },
  "layer2.2.bn1.bias": {
    "max": 0.028422893956303596,
    "mean": 0.003267991760606362
  },
  "layer2.2.bn1.weight": {
    "max": 0.04259020462632179,
    "mean": 0.00492746225026037
  },
  "layer2.2.bn2.bias": {
    "max": 0.02513294480741024,
    "mean": 0.0024576928475913257
  },
  "layer2.2.bn2.weight": {
    "max": 0.04471001401543617,
    "mean": 0.004237645844405051
  },
  "layer2.2.bn3.bias": {
    "max": 0.03064715676009655,
    "mean": 0.002746205944391217
  },
  "layer2.2.bn3.weight": {
    "max": 0.03640696033835411,
    "mean": 0.004436610855627805
  },
  "layer2.2.conv1.weight": {
    "max": 0.09993725270032883,
    "mean": 0.01172321402122699
  },
  "layer2.2.conv2.weight": {
    "max": 0.17856600880622864,
    "mean": 0.017009254527261614
  },
  "layer2.2.conv3.weight": {
    "max": 0.19008773565292358,
    "mean": 0.01901585690169928
  },
  "layer2.3.bn1.bias": {
    "max": 0.016840530559420586,
    "mean": 0.002309306054698287
  },
  "layer2.3.bn1.weight": {
    "max": 0.033867038786411285,
    "mean": 0.003760672199745646
  },
  "layer2.3.bn2.bias": {
    "max": 0.022823644801974297,
    "mean": 0.002455800724305196
  },
  "layer2.3.bn2.weight": {
    "max": 0.03892100229859352,
    "mean": 0.004102538552771356
  },
  "layer2.3.bn3.bias": {
    "max": 0.028867201879620552,
    "mean": 0.002441593481209046
  },
  "layer2.3.bn3.weight": {
    "max": 0.027093948796391487,
    "mean": 0.0032350296709046235
  },
  "layer2.3.conv1.weight": {
    "max": 0.10592561960220337,
    "mean": 0.012216621724115351
  },
  "layer2.3.conv2.weight": {
    "max": 0.12383336573839188,
    "mean": 0.013495909924136608
  },
  "layer2.3.conv3.weight": {
    "max": 0.12526147067546844,
    "mean": 0.014168323830443634
  },
  "layer3.0.bn1.bias": {
    "max": 0.03924908488988876,
    "mean": 0.004436998625252662
  },
  "layer3.0.bn1.weight": {
    "max": 0.05257294327020645,
    "mean": 0.007065228711102723
  },
  "layer3.0.bn2.bias": {
    "max": 0.015500325709581375,
    "mean": 0.002004813090191289
  },
  "layer3.0.bn2.weight": {
    "max": 0.03002132661640644,
    "mean": 0.003820072238294025
  },
  "layer3.0.bn3.bias": {
    "max": 0.026389721781015396,
    "mean": 0.003349747511809775
  },
  "layer3.0.bn3.weight": {
    "max": 0.04052748903632164,
    "mean": 0.005311010813935094
  },
  "layer3.0.conv1.weight": {
    "max": 0.2048548460006714,
    "mean": 0.0249791151383293
  },
  "layer3.0.conv2.weight": {
    "max": 0.12264040857553482,
    "mean": 0.016184806196917114
  },