{
  "bn1.bias": {
    "max": 0.18648669123649597,
    "mean": 0.018725576460336534
  },
  "bn1.weight": {
    "max": 0.6127094626426697,
    "mean": 0.0645545298556265
  },
  "conv1.weight": {
    "max": 4.238428592681885,
    "mean": 0.3419921114082847
  },
  "fc.bias": {
    "max": 0.08001837879419327,
    "mean": 0.02833928530054566
  },
  "fc.weight": {
    "max": 1.3302772045135498,
    "mean": 0.41500990598063386
  },
  "layer1.0.bn1.bias": {
    "max": 0.08669669181108475,
    "mean": 0.014796177508708621
  },
  "layer1.0.bn1.weight": {
    "max": 0.15302011370658875,
    "mean": 0.020674993216359457
  },
  "layer1.0.bn2.bias": {
    "max": 0.07969393581151962,
    "mean": 0.014876976386918353
  },
  "layer1.0.bn2.weight": {
    "max": 0.2980971336364746,
    "mean": 0.02970129900129645
  },
  "layer1.0.bn3.bias": {
    "max": 0.20581750571727753,
    "mean": 0.03230562099729598
  },
  "layer1.0.bn3.weight": {
    "max": 0.922663152217865,
    "mean": 0.08236968945262821
  },
  "layer1.0.conv1.weight": {
    "max": 0.998127281665802,
    "mean": 0.09589905567467212
  },
  "layer1.0.conv2.weight": {
    "max": 1.068434476852417,
    "mean": 0.13855981420060354
  },
  "layer1.0.conv3.weight": {
    "max": 0.9236317873001099,
    "mean": 0.10927414308601459
  },
  "layer1.0.downsample.0.weight": {
    "max": 2.609234571456909,
    "mean": 0.2558660138990464
  },
  "layer1.0.downsample.1.bias": {
    "max": 0.20581750571727753,
    "mean": 0.03230562099729598
  },
  "layer1.0.downsample.1.weight": {
    "max": 0.8281224370002747,
    "mean": 0.07800376921276828
  },
  "layer1.1.bn1.bias": {
    "max": 0.1853354275226593,
    "mean": 0.021268826390899317
  },
  "layer1.1.bn1.weight": {
    "max": 0.5586498379707336,
    "mean": 0.029506844987959736
  },
  "layer1.1.bn2.bias": {
    "max": 0.07438255101442337,
    "mean": 0.009195345921907573
  },
  "layer1.1.bn2.weight": {
    "max": 0.20158469676971436,
    "mean": 0.018244938419125643
  },
  "layer1.1.bn3.bias": {
    "max": 0.09015735238790512,
    "mean": 0.02284876917488873
  },
  "layer1.1.bn3.weight": {
    "max": 0.3556119501590729,
    "mean": 0.056928337044415196
  },
  "layer1.1.conv1.weight": {
    "max": 1.0870461463928223,
    "mean": 0.05727629447322605
  },
  "layer1.1.conv2.weight": {
    "max": 0.6203818321228027,
    "mean": 0.0648696128809492
  },
  "layer1.1.conv3.weight": {
    "max": 1.0380381345748901,
    "mean": 0.07555202603240364
  },
  "layer1.2.bn1.bias": {
    "max": 0.034122154116630554,
    "mean": 0.007198026902541252
  },
  "layer1.2.bn1.weight": {
    "max": 0.11618466675281525,
    "mean": 0.013974970802456872
  },
  "layer1.2.bn2.bias": {
    "max": 0.022658025845885277,
    "mean": 0.005903102986776503
  },
  "layer1.2.bn2.weight": {
    "max": 0.050841014832258224,
    "mean": 0.011181979518732987
  },
  "layer1.2.bn3.bias": {
    "max": 0.059397559612989426,
    "mean": 0.01503923152810395
  },
  "layer1.2.bn3.weight": {
    "max": 0.16809821128845215,
    "mean": 0.0342031078065546
  },
  "layer1.2.conv1.weight": {
    "max": 0.9352021813392639,
    "mean": 0.05742356202232518
  },
  "layer1.2.conv2.weight": {
    "max": 0.3106359541416168,
    "mean": 0.059703525789913586
  },
  "layer1.2.conv3.weight": {
    "max": 0.24966098368167877,
    "mean": 0.05720041975229313
  },
  "layer2.0.bn1.bias": {
    "max": 0.05098286271095276,
    "mean": 0.011971204114005169
  },
  "layer2.0.bn1.weight": {
    "max": 0.08742554485797882,
    "mean": 0.01686175358764428
  },
  "layer2.0.bn2.bias": {
    "max": 0.02388654462993145,
    "mean": 0.006114010015049384
  },
  "layer2.0.bn2.weight": {
    "max": 0.05197923630475998,
    "mean": 0.013578373585228941
  },
  "layer2.0.bn3.bias": {
    "max": 0.0361059196293354,
    "mean": 0.01073672384056928
  },
  "layer2.0.bn3.weight": {
    "max": 0.058162324130535126,
    "mean": 0.016666678467008752
  },
  "layer2.0.conv1.weight": {
    "max": 0.39975956082344055,
    "mean": 0.08839759060148415
  },
  "layer2.0.conv2.weight": {
    "max": 0.2467152178287506,
    "mean": 0.058238916374809505
  },
  "layer2.0.conv3.weight": {
    "max": 0.30953580141067505,
    "mean": 0.08032649780922968
  },
  "layer2.0.downsample.0.weight": {
    "max": 0.2902657985687256,
    "mean": 0.07992427126138604
  },
  "layer2.0.downsample.1.bias": {
    "max": 0.0361059196293354,
    "mean": 0.01073672384056928
  },
  "layer2.0.downsample.1.weight": {
    "max": 0.06549492478370667,
    "mean": 0.016844300399700713
  },
  "layer2.1.bn1.bias": {
    "max": 0.038382213562726974,
    "mean": 0.009964933371395871
  },
  "layer2.1.bn1.weight": {
    "max": 0.057219259440898895,
    "mean": 0.01604137127624459
  },
  "layer2.1.bn2.bias": {
    "max": 0.04736613482236862,
    "mean": 0.010715460592847583
  },
  "layer2.1.bn2.weight": {
    "max": 0.059932559728622437,
    "mean": 0.015048053772271877
  },
  "layer2.1.bn3.bias": {
    "max": 0.03183851018548012,
    "mean": 0.009562286033386564
  },
  "layer2.1.bn3.weight": {
    "max": 0.1013016402721405,
    "mean": 0.015324676025692107
  },
  "layer2.1.conv1.weight": {
    "max": 0.16843761503696442,
    "mean": 0.04665732591096977
  },
  "layer2.1.conv2.weight": {
    "max": 0.26266711950302124,
    "mean": 0.07381076889411946
  },
  "layer2.1.conv3.weight": {
    "max": 0.34788748621940613,
    "mean": 0.07203692405418094
  },
  "layer2.2.bn1.bias": {
    "max": 0.04454879090189934,
    "mean": 0.011662230619154538
  },
  "layer2.2.bn1.weight": {
    "max": 0.07348532974720001,
    "mean": 0.017589287755212613
  },
  "layer2.2.bn2.bias": {
    "max": 0.03743521124124527,
    "mean": 0.00819435874249653
  },
  "layer2.2.bn2.weight": {
    "max": 0.07922634482383728,
    "mean": 0.014203879579269727
  },
  "layer2.2.bn3.bias": {
    "max": 0.028319943696260452,
    "mean": 0.008710026294367188
  },
  "layer2.2.bn3.weight": {
    "max": 0.05391182750463486,
    "mean": 0.014685247889387288
  },
  "layer2.2.conv1.weight": {
    "max": 0.2006104737520218,
    "mean": 0.04480016205193741
  },
  "layer2.2.conv2.weight": {
    "max": 0.28925031423568726,
    "mean": 0.06144796805539435
  },
  "layer2.2.conv3.weight": {
    "max": 0.3219377100467682,
    "mean": 0.0673261725915862
  },
  "layer2.3.bn1.bias": {
    "max": 0.03312638774514198,
    "mean": 0.00849369097817024
  },
  "layer2.3.bn1.weight": {
    "max": 0.054608531296253204,
    "mean": 0.013944309586908536
  },
  "layer2.3.bn2.bias": {
    "max": 0.03725422918796539,
    "mean": 0.008562060695257969
  },
  "layer2.3.bn2.weight": {
    "max": 0.0724085345864296,
    "mean": 0.014756429415595318
  },
  "layer2.3.bn3.bias": {
    "max": 0.02521606907248497,
    "mean": 0.007440687853481255
  },
  "layer2.3.bn3.weight": {
    "max": 0.06795985251665115,
    "mean": 0.012978917836860221
  },
  "layer2.3.conv1.weight": {
    "max": 0.19130980968475342,
    "mean": 0.05076428016780742
  },
  "layer2.3.conv2.weight": {
    "max": 0.26965850591659546,
    "mean": 0.05108622449217364
  },
  "layer2.3.conv3.weight": {
    "max": 0.3464457094669342,
    "mean": 0.05568232275512335
  },
  "layer3.0.bn1.bias": {
    "max": 0.052320025861263275,
    "mean": 0.014620019789103286
  },
  "layer3.0.bn1.weight": {
    "max": 0.0869353711605072,
    "mean": 0.023009704085915083
  },
  "layer3.0.bn2.bias": {
    "max": 0.024589039385318756,
    "mean": 0.006454837803882713
  },
  "layer3.0.bn2.weight": {
    "max": 0.0487288162112236,
    "mean": 0.01219942920770596
  },
  "layer3.0.bn3.bias": {
    "max": 0.04143212363123894,
    "mean": 0.01075527371568439
  },
  "layer3.0.bn3.weight": {
    "max": 0.06982749700546265,
    "mean": 0.01692625928512176
  },
  "layer3.0.conv1.weight": {
    "max": 0.3447553813457489,
    "mean": 0.09144074795701142
  },
  "layer3.0.conv2.weight": {
    "max": 0.20252855122089386,
    "mean": 0.05322916886386728
  },
  "layer3.0.conv3.weight": {
    "max": 0.28428754210472107,
    "mean": 0.06941617461187499
  },