{
  "bn1.bias": {
    "max": 0.05651867762207985,
    "mean": 0.0061395201203205425
  },
  "bn1.weight": {
    "max": 0.19668571650981903,
    "mean": 0.022566905048567735
  },
  "conv1.weight": {
    "max": 0.8624559640884399,
    "mean": 0.10801659235664245
  },
  "fc.bias": {
    "max": 0.08668307214975357,
    "mean": 0.012431352225207125
  },
  "fc.weight": {
    "max": 1.0202418565750122,
    "mean": 0.15220091018992077
  },
  "layer1.0.bn1.bias": {
    "max": 0.043192148208618164,
    "mean": 0.005216909992471171
  },
  "layer1.0.bn1.weight": {
    "max": 0.06444471329450607,
    "mean": 0.007053390209018419
  },
  "layer1.0.bn2.bias": {
    "max": 0.06554458290338516,
    "mean": 0.006491279707063638
  },
  "layer1.0.bn2.weight": {
    "max": 0.079974465072155,
    "mean": 0.01086099764592031
  },
  "layer1.0.bn3.bias": {
    "max": 0.10509476065635681,
    "mean": 0.012739373696344305
  },
  "layer1.0.bn3.weight": {
    "max": 0.3428441286087036,
    "mean": 0.0307757490889136
  },
  "layer1.0.conv1.weight": {
    "max": 0.23920397460460663,
    "mean": 0.029087136216902374
  },
  "layer1.0.conv2.weight": {
    "max": 0.5873138308525085,
    "mean": 0.04761718020732847
  },
  "layer1.0.conv3.weight": {
    "max": 0.3765619397163391,
    "mean": 0.04309679952466727
  },
  "layer1.0.downsample.0.weight": {
    "max": 0.787519633769989,
    "mean": 0.08546665517280677
  },
  "layer1.0.downsample.1.bias": {
    "max": 0.10509476065635681,
    "mean": 0.012739373696344305
  },
  "layer1.0.downsample.1.weight": {
    "max": 0.30751341581344604,
    "mean": 0.02860340405725375
  },
  "layer1.1.bn1.bias": {
    "max": 0.055189818143844604,
    "mean": 0.0073448515480309395
  },
  "layer1.1.bn1.weight": {
    "max": 0.07075168192386627,
    "mean": 0.009704514436141056
  },
  "layer1.1.bn2.bias": {
    "max": 0.022875482216477394,
    "mean": 0.0033090908938590603
  },
  "layer1.1.bn2.weight": {
    "max": 0.04025238752365112,
    "mean": 0.006158150555087819
  },
  "layer1.1.bn3.bias": {
    "max": 0.06962711364030838,
    "mean": 0.008722065242493825
  },
  "layer1.1.bn3.weight": {
    "max": 0.18624255061149597,
    "mean": 0.021379830084749432
  },
  "layer1.1.conv1.weight": {
    "max": 0.11638348549604416,
    "mean": 0.01619966023543384
  },
  "layer1.1.conv2.weight": {
    "max": 0.149052694439888,
    "mean": 0.021807808665076405
  },
  "layer1.1.conv3.weight": {
    "max": 0.17814359068870544,
    "mean": 0.0238401396509393
  },
  "layer1.2.bn1.bias": {
    "max": 0.016658086329698563,
    "mean": 0.0026652634001168604
  },
  "layer1.2.bn1.weight": {
    "max": 0.02714555338025093,
    "mean": 0.004000342480825826
  },
  "layer1.2.bn2.bias": {
    "max": 0.014265503734350204,
    "mean": 0.002221998262944648
  },
  "layer1.2.bn2.weight": {
    "max": 0.030390093103051186,
    "mean": 0.004154462306183372
  },
  "layer1.2.bn3.bias": {
    "max": 0.04686892777681351,
    "mean": 0.006015001738009492
  },
  "layer1.2.bn3.weight": {
    "max": 0.07278754562139511,
    "mean": 0.010631625693411998
  },
  "layer1.2.conv1.weight": {
    "max": 0.11059316992759705,
    "mean": 0.017138862310093827
  },
  "layer1.2.conv2.weight": {
    "max": 0.13401076197624207,
    "mean": 0.019926021360276665
  },
  "layer1.2.conv3.weight": {
    "max": 0.12909656763076782,
    "mean": 0.01969557243923191
  },
  "layer2.0.bn1.bias": {
    "max": 0.0326232947409153,
    "mean": 0.004635082883427718
  },
  "layer2.0.bn1.weight": {
    "max": 0.04514344036579132,
    "mean": 0.006577417333901394
  },
  "layer2.0.bn2.bias": {
    "max": 0.01817627064883709,
    "mean": 0.0025503489416847254
  },
  "layer2.0.bn2.weight": {
    "max": 0.03856765106320381,
    "mean": 0.005430189656149846
  },
  "layer2.0.bn3.bias": {
    "max": 0.029637884348630905,
    "mean": 0.004369283994559997
  },
  "layer2.0.bn3.weight": {
    "max": 0.04522305727005005,
    "mean": 0.00682099896064236
  },
  "layer2.0.conv1.weight": {
    "max": 0.19868646562099457,
    "mean": 0.030651189481847852
  },
  "layer2.0.conv2.weight": {
    "max": 0.1451624482870102,
    "mean": 0.02186776953973874
  },
  "layer2.0.conv3.weight": {
    "max": 0.20228399336338043,
    "mean": 0.030911475906572637
  },
  "layer2.0.downsample.0.weight": {
    "max": 0.18640181422233582,
    "mean": 0.02899469966925348
  },
  "layer2.0.downsample.1.bias": {
    "max": 0.029637884348630905,
    "mean": 0.004369283994559997
  },
  "layer2.0.downsample.1.weight": {
    "max": 0.04422910511493683,
    "mean": 0.0066539907687651325
  },
  "layer2.1.bn1.bias": {
    "max": 0.024018365889787674,
    "mean": 0.003910327470642057
  },
  "layer2.1.bn1.weight": {
    "max": 0.03805966675281525,
    "mean": 0.006042179728808281
  },
  "layer2.1.bn2.bias": {
    "max": 0.02743651159107685,
    "mean": 0.004382224125874927
  },
  "layer2.1.bn2.weight": {
    "max": 0.03548048064112663,
    "mean": 0.005930752628015138
  },
  "layer2.1.bn3.bias": {
    "max": 0.025611910969018936,
    "mean": 0.003902787343208079
  },
  "layer2.1.bn3.weight": {
    "max": 0.03744126111268997,
    "mean": 0.005456051548649806
  },
  "layer2.1.conv1.weight": {
    "max": 0.10254967212677002,
    "mean": 0.015742724407443478
  },
  "layer2.1.conv2.weight": {
    "max": 0.14755316078662872,
    "mean": 0.028002782405944473
  },
  "layer2.1.conv3.weight": {
    "max": 0.15815341472625732,
    "mean": 0.02560096839929299
  },
  "layer2.2.bn1.bias": {
    "max": 0.03711754083633423,
    "mean": 0.004519343295968221
  },
  "layer2.2.bn1.weight": {
    "max": 0.060762904584407806,
    "mean": 0.006684828768619419
  },
  "layer2.2.bn2.bias": {
    "max": 0.033759281039237976,
    "mean": 0.0032926276169226703
  },
  "layer2.2.bn2.weight": {
    "max": 0.057806357741355896,
    "mean": 0.0055930687205545835
  },
  "layer2.2.bn3.bias": {
    "max": 0.024852000176906586,
    "mean": 0.003587558086593552
  },
  "layer2.2.bn3.weight": {
    "max": 0.039934635162353516,
    "mean": 0.006032148317088805
  },
  "layer2.2.conv1.weight": {
    "max": 0.10134024918079376,
    "mean": 0.015746505206708596
  },
  "layer2.2.conv2.weight": {
    "max": 0.17116600275039673,
    "mean": 0.0223697633295004
  },
  "layer2.2.conv3.weight": {
    "max": 0.20989708602428436,
    "mean": 0.02522306016521595
  },
  "layer2.3.bn1.bias": {
    "max": 0.026715852320194244,
    "mean": 0.0031931101107693393
  },
  "layer2.3.bn1.weight": {
    "max": 0.048352375626564026,
    "mean": 0.005090907213535892
  },
  "layer2.3.bn2.bias": {
    "max": 0.030493516474962234,
    "mean": 0.003378711856499389
  },
  "layer2.3.bn2.weight": {
    "max": 0.045077886432409286,
    "mean": 0.0054757576285503875
  },
  "layer2.3.bn3.bias": {
    "max": 0.020008627325296402,
    "mean": 0.003117286488164349
  },
  "layer2.3.bn3.weight": {
    "max": 0.029167138040065765,
    "mean": 0.004485957970277273
  },
  "layer2.3.conv1.weight": {
    "max": 0.11259260773658752,
    "mean": 0.01645892723135018
  },
  "layer2.3.conv2.weight": {
    "max": 0.1628246009349823,
    "mean": 0.017734042540333967
  },
  "layer2.3.conv3.weight": {
    "max": 0.12309665977954865,
    "mean": 0.01870826636000337
  },
  "layer3.0.bn1.bias": {
    "max": 0.034383226186037064,
    "mean": 0.0061129521632288485
  },
  "layer3.0.bn1.weight": {
    "max": 0.055009566247463226,
    "mean": 0.009627008213719819
  },
  "layer3.0.bn2.bias": {
    "max": 0.017055287957191467,
    "mean": 0.002778356098507564
  },
  "layer3.0.bn2.weight": {
    "max": 0.03056017868220806,
    "mean": 0.005092113742773238
  },
  "layer3.0.bn3.bias": {
    "max": 0.025193102657794952,
    "mean": 0.004474290577491047
  },
  "layer3.0.bn3.weight": {
    "max": 0.04698188975453377,
    "mean": 0.007135854160265548
  },
  "layer3.0.conv1.weight": {
    "max": 0.22682683169841766,
    "mean": 0.03454114142888492
  },
  "layer3.0.conv2.weight": {
    "max": 0.1406833678483963,
    "mean": 0.021312270935865983
  },