{
  "bn1.bias": {
    "max": 0.08253966271877289,
    "mean": 0.008242922754444798
  },
  "bn1.weight": {
    "max": 0.17590869963169098,
    "mean": 0.030431044162749978
  },
  "conv1.weight": {
    "max": 1.0715423822402954,
    "mean": 0.15254390685952135
  },
  "fc.bias": {
    "max": 0.08518223464488983,
    "mean": 0.015295595485201504
  },
  "fc.weight": {
    "max": 1.0457990169525146,
    "mean": 0.1971065876812541
  },
  "layer1.0.bn1.bias": {
    "max": 0.07037138938903809,
    "mean": 0.007075419281671722
  },
  "layer1.0.bn1.weight": {
    "max": 0.08242864161729813,
    "mean": 0.009793390764181302
  },
  "layer1.0.bn2.bias": {
    "max": 0.060164302587509155,
    "mean": 0.0071787766547225015
  },
  "layer1.0.bn2.weight": {
    "max": 0.10726767033338547,
    "mean": 0.01365730138221157
  },
  "layer1.0.bn3.bias": {
    "max": 0.13586123287677765,
    "mean": 0.016099124742197872
  },
  "layer1.0.bn3.weight": {
    "max": 0.34137049317359924,
    "mean": 0.042102922061957156
  },
  "layer1.0.conv1.weight": {
    "max": 0.3022902011871338,
    "mean": 0.043009624464071486
  },
  "layer1.0.conv2.weight": {
    "max": 0.5148240327835083,
    "mean": 0.06608004377223552
  },
  "layer1.0.conv3.weight": {
    "max": 0.45131564140319824,
    "mean": 0.05941439066215285
  },
  "layer1.0.downsample.0.weight": {
    "max": 0.7203201651573181,
    "mean": 0.10815420344538454
  },
  "layer1.0.downsample.1.bias": {
    "max": 0.13586123287677765,
    "mean": 0.016099124742197872
  },
  "layer1.0.downsample.1.weight": {
    "max": 0.33128154277801514,
    "mean": 0.03969043139634388
  },
  "layer1.1.bn1.bias": {
    "max": 0.0839841365814209,
    "mean": 0.009940768892951642
  },
  "layer1.1.bn1.weight": {
    "max": 0.08210749179124832,
    "mean": 0.01289381713797671
  },
  "layer1.1.bn2.bias": {
    "max": 0.03740549832582474,
    "mean": 0.004449040779717117
  },
  "layer1.1.bn2.weight": {
    "max": 0.060378868132829666,
    "mean": 0.007966336092878399
  },
  "layer1.1.bn3.bias": {
    "max": 0.08469679951667786,
    "mean": 0.011057319625521943
  },
  "layer1.1.bn3.weight": {
    "max": 0.16799187660217285,
    "mean": 0.02635897470197441
  },
  "layer1.1.conv1.weight": {
    "max": 0.16525541245937347,
    "mean": 0.022397701197104262
  },
  "layer1.1.conv2.weight": {
    "max": 0.20510298013687134,
    "mean": 0.028870775746098455
  },
  "layer1.1.conv3.weight": {
    "max": 0.22404223680496216,
    "mean": 0.03192216076929721
  },
  "layer1.2.bn1.bias": {
    "max": 0.026385094970464706,
    "mean": 0.0031522806931544825
  },
  "layer1.2.bn1.weight": {
    "max": 0.03332754224538803,
    "mean": 0.004887353084975205
  },
  "layer1.2.bn2.bias": {
    "max": 0.025247100740671158,
    "mean": 0.0028271759256936744
  },
  "layer1.2.bn2.weight": {
    "max": 0.042622338980436325,
    "mean": 0.005250619797776121
  },
  "layer1.2.bn3.bias": {
    "max": 0.06210769712924957,
    "mean": 0.007648488418573314
  },
  "layer1.2.bn3.weight": {
    "max": 0.0892195925116539,
    "mean": 0.013551076955793958
  },
  "layer1.2.conv1.weight": {
    "max": 0.1549225151538849,
    "mean": 0.022717418888766716
  },
  "layer1.2.conv2.weight": {
    "max": 0.1894545555114746,
    "mean": 0.025113442408453143
  },
  "layer1.2.conv3.weight": {
    "max": 0.19933126866817474,
    "mean": 0.02512134724354837
  },
  "layer2.0.bn1.bias": {
    "max": 0.03915724530816078,
    "mean": 0.005724486032746167
  },
  "layer2.0.bn1.weight": {
    "max": 0.05157890543341637,
    "mean": 0.00802282559255088
  },
  "layer2.0.bn2.bias": {
    "max": 0.026224076747894287,
    "mean": 0.0032457641953286447
  },
  "layer2.0.bn2.weight": {
    "max": 0.05586826428771019,
    "mean": 0.006977745096456991
  },
  "layer2.0.bn3.bias": {
    "max": 0.03945795074105263,
    "mean": 0.005544086893912338
  },
  "layer2.0.bn3.weight": {
    "max": 0.05482921004295349,
    "mean": 0.008534175979730208
  },
  "layer2.0.conv1.weight": {
    "max": 0.29216527938842773,
    "mean": 0.03976851225248538
  },
  "layer2.0.conv2.weight": {
    "max": 0.2079620361328125,
    "mean": 0.028509915950541784
  },
  "layer2.0.conv3.weight": {
    "max": 0.29007378220558167,
    "mean": 0.040646586491160895
  },
  "layer2.0.downsample.0.weight": {
    "max": 0.3079206645488739,
    "mean": 0.03725217511844156
  },
  "layer2.0.downsample.1.bias": {
    "max": 0.03945795074105263,
    "mean": 0.005544086893912338
  },
  "layer2.0.downsample.1.weight": {
    "max": 0.058548640459775925,
    "mean": 0.008282027730414743
  },
  "layer2.1.bn1.bias": {
    "max": 0.03527747467160225,
    "mean": 0.0047934434862898865
  },
  "layer2.1.bn1.weight": {
    "max": 0.058041125535964966,
    "mean": 0.007644683619645158
  },
  "layer2.1.bn2.bias": {
    "max": 0.049223288893699646,
    "mean": 0.005481306955230789
  },
  "layer2.1.bn2.weight": {
    "max": 0.05358916521072388,
    "mean": 0.007328755479663544
  },
  "layer2.1.bn3.bias": {
    "max": 0.03594229742884636,
    "mean": 0.004971063263385856
  },
  "layer2.1.bn3.weight": {
    "max": 0.05415695160627365,
    "mean": 0.006811307467183464
  },
  "layer2.1.conv1.weight": {
    "max": 0.17136548459529877,
    "mean": 0.02032472641631362
  },
  "layer2.1.conv2.weight": {
    "max": 0.31956854462623596,
    "mean": 0.0368881507325984
  },
  "layer2.1.conv3.weight": {
    "max": 0.2523118257522583,
    "mean": 0.03227738184430304
  },
  "layer2.2.bn1.bias": {
    "max": 0.05058468133211136,
    "mean": 0.006262578922989113
  },
  "layer2.2.bn1.weight": {
    "max": 0.07043963670730591,
    "mean": 0.009017480323236668
  },
  "layer2.2.bn2.bias": {
    "max": 0.03715015575289726,
    "mean": 0.004385474463384266
  },
  "layer2.2.bn2.weight": {
    "max": 0.06374595314264297,
    "mean": 0.007240919133723114
  },
  "layer2.2.bn3.bias": {
    "max": 0.03265593200922012,
    "mean": 0.0045459067883452265
  },
  "layer2.2.bn3.weight": {
    "max": 0.05914459750056267,
    "mean": 0.007538834739700958
  },
  "layer2.2.conv1.weight": {
    "max": 0.17751917243003845,
    "mean": 0.022179802144694675
  },
  "layer2.2.conv2.weight": {
    "max": 0.25232675671577454,
    "mean": 0.030450142383425763
  },
  "layer2.2.conv3.weight": {
    "max": 0.2751632034778595,
    "mean": 0.0337644049012202
  },
  "layer2.3.bn1.bias": {
    "max": 0.042232442647218704,
    "mean": 0.004422854851062376
  },
  "layer2.3.bn1.weight": {
    "max": 0.06895246356725693,
    "mean": 0.007281384167394467
  },
  "layer2.3.bn2.bias": {
    "max": 0.04632292315363884,
    "mean": 0.004269657680041356
  },
  "layer2.3.bn2.weight": {
    "max": 0.07185990363359451,
    "mean": 0.007291600017238774
  },
  "layer2.3.bn3.bias": {
    "max": 0.026550574228167534,
    "mean": 0.003957220933734788
  },
  "layer2.3.bn3.weight": {
    "max": 0.042264603078365326,
    "mean": 0.005973304878633436
  },
  "layer2.3.conv1.weight": {
    "max": 0.19295212626457214,
    "mean": 0.023629728693049402
  },
  "layer2.3.conv2.weight": {
    "max": 0.22275003790855408,
    "mean": 0.024321348039998806
  },
  "layer2.3.conv3.weight": {
    "max": 0.20826517045497894,
    "mean": 0.025703542918948056
  },
  "layer3.0.bn1.bias": {
    "max": 0.05233822390437126,
    "mean": 0.007813884821932463
  },
  "layer3.0.bn1.weight": {
    "max": 0.0757611095905304,
    "mean": 0.012297033859358635
  },
  "layer3.0.bn2.bias": {
    "max": 0.027048639953136444,
    "mean": 0.0034447847218689277
  },
  "layer3.0.bn2.weight": {
    "max": 0.048976074904203415,
    "mean": 0.006472627176990499
  },
  "layer3.0.bn3.bias": {
    "max": 0.04239191859960556,
    "mean": 0.005718621774805277
  },
  "layer3.0.bn3.weight": {
    "max": 0.06017064303159714,
    "mean": 0.008940157578825684
  },
  "layer3.0.conv1.weight": {
    "max": 0.30188077688217163,
    "mean": 0.0449980068728993
  },
  "layer3.0.conv2.weight": {
    "max": 0.19370366632938385,
    "mean": 0.02759437170586482
  },
  "layer3.0.conv3.weight": {
    "max": 0.23891344666481018,