{
  "bn1.bias": {
    "max": 0.07412023097276688,
    "mean": 0.005021221896209421
  },
  "bn1.weight": {
    "max": 0.16964031755924225,
    "mean": 0.017423018403101845
  },
  "conv1.weight": {
    "max": 0.8934354782104492,
    "mean": 0.09000438506116293
  },
  "fc.bias": {
    "max": 0.05729510262608528,
    "mean": 0.010235099199427557
  },
  "fc.weight": {
    "max": 0.7492106556892395,
    "mean": 0.11607234868686646
  },
  "layer1.0.bn1.bias": {
    "max": 0.03410787507891655,
    "mean": 0.0039379525109792925
  },
  "layer1.0.bn1.weight": {
    "max": 0.05626987665891647,
    "mean": 0.0057374147544032895
  },
  "layer1.0.bn2.bias": {
    "max": 0.05715993419289589,
    "mean": 0.004490483704991805
  },
  "layer1.0.bn2.weight": {
    "max": 0.0951932743191719,
    "mean": 0.008575228518706613
  },
  "layer1.0.bn3.bias": {
    "max": 0.0870368555188179,
    "mean": 0.009728361167944968
  },
  "layer1.0.bn3.weight": {
    "max": 0.5177435278892517,
    "mean": 0.025671626439600782
  },
  "layer1.0.conv1.weight": {
    "max": 0.23705995082855225,
    "mean": 0.023062544886654775
  },
  "layer1.0.conv2.weight": {
    "max": 0.5547303557395935,
    "mean": 0.03684682542108931
  },
  "layer1.0.conv3.weight": {
    "max": 0.529836118221283,
    "mean": 0.03276627624274365
  },
  "layer1.0.downsample.0.weight": {
    "max": 0.7188706398010254,
    "mean": 0.06595985537960328
  },
  "layer1.0.downsample.1.bias": {
    "max": 0.0870368555188179,
    "mean": 0.009728361167944968
  },
  "layer1.0.downsample.1.weight": {
    "max": 0.4865853786468506,
    "mean": 0.02387283241775419
  },
  "layer1.1.bn1.bias": {
    "max": 0.06808657944202423,
    "mean": 0.006028259650504748
  },
  "layer1.1.bn1.weight": {
    "max": 0.07667482644319534,
    "mean": 0.007877412468244855
  },
  "layer1.1.bn2.bias": {
    "max": 0.018524833023548126,
    "mean": 0.002730822255377591
  },
  "layer1.1.bn2.weight": {
    "max": 0.039572399109601974,
    "mean": 0.0051171610919118395
  },
  "layer1.1.bn3.bias": {
    "max": 0.06316746026277542,
    "mean": 0.006677731847531894
  },
  "layer1.1.bn3.weight": {
    "max": 0.21773190796375275,
    "mean": 0.016599475274477818
  },
  "layer1.1.conv1.weight": {
    "max": 0.12191587686538696,
    "mean": 0.013257040825556033
  },
  "layer1.1.conv2.weight": {
    "max": 0.1490582525730133,
    "mean": 0.018246960975063432
  },
  "layer1.1.conv3.weight": {
    "max": 0.1896866261959076,
    "mean": 0.018756033955890285
  },
  "layer1.2.bn1.bias": {
    "max": 0.020049771293997765,
    "mean": 0.0021205729580209922
  },
  "layer1.2.bn1.weight": {
    "max": 0.025437096133828163,
    "mean": 0.0032209280977050572
  },
  "layer1.2.bn2.bias": {
    "max": 0.015262966975569725,
    "mean": 0.0018741962287250706
  },
  "layer1.2.bn2.weight": {
    "max": 0.032875895500183105,
    "mean": 0.003564082362863701
  },
  "layer1.2.bn3.bias": {
    "max": 0.04007091373205185,
    "mean": 0.004635918079750679
  },
  "layer1.2.bn3.weight": {
    "max": 0.07855711877346039,
    "mean": 0.008569830981141422
  },
  "layer1.2.conv1.weight": {
    "max": 0.1306663304567337,
    "mean": 0.013464293923378655
  },
  "layer1.2.conv2.weight": {
    "max": 0.1482694149017334,
    "mean": 0.016862448977023763
  },
  "layer1.2.conv3.weight": {
    "max": 0.1446985900402069,
    "mean": 0.016572955346200614
  },
  "layer2.0.bn1.bias": {
    "max": 0.03065185807645321,
    "mean": 0.0034913951907115655
  },
  "layer2.0.bn1.weight": {
    "max": 0.047000858932733536,
    "mean": 0.005156668744145593
  },
  "layer2.0.bn2.bias": {
    "max": 0.019477790221571922,
    "mean": 0.002095577283512934
  },
  "layer2.0.bn2.weight": {
    "max": 0.037745554000139236,
    "mean": 0.004638363429798379
  },
  "layer2.0.bn3.bias": {
    "max": 0.030621936544775963,
    "mean": 0.003458090349408199
  },
  "layer2.0.bn3.weight": {
    "max": 0.04451040178537369,
    "mean": 0.005455600782796474
  },
  "layer2.0.conv1.weight": {
    "max": 0.2599124312400818,
    "mean": 0.024337044733776046
  },
  "layer2.0.conv2.weight": {
    "max": 0.17493818700313568,
    "mean": 0.01834457841735067
  },
  "layer2.0.conv3.weight": {
    "max": 0.22908920049667358,
    "mean": 0.02559650222072378
  },
  "layer2.0.downsample.0.weight": {
    "max": 0.2362232804298401,
    "mean": 0.023919436428862226
  },
  "layer2.0.downsample.1.bias": {
    "max": 0.030621936544775963,
    "mean": 0.003458090349408199
  },
  "layer2.0.downsample.1.weight": {
    "max": 0.048613324761390686,
    "mean": 0.005380088228578513
  },
  "layer2.1.bn1.bias": {
    "max": 0.034525636583566666,
    "mean": 0.003005087475758046
  },
  "layer2.1.bn1.weight": {
    "max": 0.06133235618472099,
    "mean": 0.004828764098804511
  },
  "layer2.1.bn2.bias": {
    "max": 0.04333918169140816,
    "mean": 0.003412449616194603
  },
  "layer2.1.bn2.weight": {
    "max": 0.04482748359441757,
    "mean": 0.004572581220272696
  },
  "layer2.1.bn3.bias": {
    "max": 0.02976989932358265,
    "mean": 0.0031522960734894565
  },
  "layer2.1.bn3.weight": {
    "max": 0.03250526264309883,
    "mean": 0.003955920891187686
  },
  "layer2.1.conv1.weight": {
    "max": 0.123982273042202,
    "mean": 0.01242535964635733
  },
  "layer2.1.conv2.weight": {
    "max": 0.29247626662254333,
    "mean": 0.022223151558012303
  },
  "layer2.1.conv3.weight": {
    "max": 0.17668621242046356,
    "mean": 0.018927692406744297
  },
  "layer2.2.bn1.bias": {
    "max": 0.035612866282463074,
    "mean": 0.0038622033469229273
  },
  "layer2.2.bn1.weight": {
    "max": 0.045069657266139984,
    "mean": 0.006016348909303945
  },
  "layer2.2.bn2.bias": {
    "max": 0.021772192791104317,
    "mean": 0.0028130287013482303
  },
  "layer2.2.bn2.weight": {
    "max": 0.042503371834754944,
    "mean": 0.0048963253508970545
  },
  "layer2.2.bn3.bias": {
    "max": 0.02712511084973812,
    "mean": 0.002917745039947996
  },
  "layer2.2.bn3.weight": {
    "max": 0.04049063101410866,
    "mean": 0.005053551951464864
  },
  "layer2.2.conv1.weight": {
    "max": 0.12230461835861206,
    "mean": 0.013401257270015777
  },
  "layer2.2.conv2.weight": {
    "max": 0.1470859944820404,
    "mean": 0.019707043911663016
  },
  "layer2.2.conv3.weight": {
    "max": 0.1686439961194992,
    "mean": 0.02202350705928568
  },
  "layer2.3.bn1.bias": {
    "max": 0.02273576147854328,
    "mean": 0.00256052467759998
  },
  "layer2.3.bn1.weight": {
    "max": 0.031006895005702972,
    "mean": 0.004174951510192061
  },
  "layer2.3.bn2.bias": {
    "max": 0.025322094559669495,
    "mean": 0.002863617618360357
  },
  "layer2.3.bn2.weight": {
    "max": 0.03840593248605728,
    "mean": 0.004754372560834911
  },
  "layer2.3.bn3.bias": {
    "max": 0.024914270266890526,
    "mean": 0.0025950049837203033
  },
  "layer2.3.bn3.weight": {
    "max": 0.03265253081917763,
    "mean": 0.003518123460546901
  },
  "layer2.3.conv1.weight": {
    "max": 0.12502890825271606,
    "mean": 0.013201847888163424
  },
  "layer2.3.conv2.weight": {
    "max": 0.10906784981489182,
    "mean": 0.015068035614177851
  },
  "layer2.3.conv3.weight": {
    "max": 0.12188014388084412,
    "mean": 0.015642367062059098
  },
  "layer3.0.bn1.bias": {
    "max": 0.05013563856482506,
    "mean": 0.005025795269217009
  },
  "layer3.0.bn1.weight": {
    "max": 0.07637214660644531,
    "mean": 0.008217333543081103
  },
  "layer3.0.bn2.bias": {
    "max": 0.022631580010056496,
    "mean": 0.0022568190797963845
  },
  "layer3.0.bn2.weight": {
    "max": 0.040919966995716095,
    "mean": 0.004375464649721315
  },
  "layer3.0.bn3.bias": {
    "max": 0.03584359213709831,
    "mean": 0.0037465896991696872
  },
  "layer3.0.bn3.weight": {
    "max": 0.05087649077177048,
    "mean": 0.006105927577549924
  },
  "layer3.0.conv1.weight": {
    "max": 0.30244672298431396,
    "mean": 0.02927393180733946
  },
  "layer3.0.conv2.weight": {
    "max": 0.1697755753993988,
    "mean": 0.018354650478909856
  },