{
  "fc.bias": {
    "max": 0.08093810826539993,
    "mean": 0.018885047221556307
  },
  "fc.weight": {
    "max": 1.1176096200942993,
    "mean": 0.23434173277446202
  },
  "layer4.1.bn3.bias": {
    "max": 0.11974530667066574,
    "mean": 0.027562197597830424
  },
  "layer4.1.bn3.weight": {
    "max": 0.21389752626419067,
    "mean": 0.04597443533196513
  },
  "layer4.1.conv3.weight": {
    "max": 0.5159194469451904,
    "mean": 0.10580065058544279
  },
  "layer4.2.bn1.bias": {
    "max": 0.1355590522289276,
    "mean": 0.02730995485958244
  },
  "layer4.2.bn1.weight": {
    "max": 0.18934114277362823,
    "mean": 0.03699595009109804
  },
  "layer4.2.bn2.bias": {
    "max": 0.06087958812713623,
    "mean": 0.014763832695981754
  },
  "layer4.2.bn2.weight": {
    "max": 0.1224418580532074,
    "mean": 0.02369321837356048
  },
  "layer4.2.bn3.bias": {
    "max": 0.046861134469509125,
    "mean": 0.010547706643618378
  },
  "layer4.2.bn3.weight": {
    "max": 0.08341405540704727,
    "mean": 0.01793861019924017
  },
  "layer4.2.conv1.weight": {
    "max": 0.6411792635917664,
    "mean": 0.12491432276953544
  },
  "layer4.2.conv2.weight": {
    "max": 0.20929428935050964,
    "mean": 0.04236934082649116
  },
  "layer4.2.conv3.weight": {
    "max": 0.1190972775220871,
    "mean": 0.02844637077567833
  }
}