{
  "fc.bias": {
    "max": 0.11624732613563538,
    "mean": 0.03972698614001274
  },
  "fc.weight": {
    "max": 1.3088566064834595,
    "mean": 0.47702788548810143
  },
  "layer4.1.bn3.bias": {
    "max": 0.10282816737890244,
    "mean": 0.040809405906391996
  },
  "layer4.1.bn3.weight": {
    "max": 0.15471825003623962,
    "mean": 0.06814490342246635
  },
  "layer4.1.conv3.weight": {
    "max": 0.34665268659591675,
    "mean": 0.15783877127936907
  },
  "layer4.2.bn1.bias": {
    "max": 0.11396005749702454,
    "mean": 0.041530760356358117
  },
  "layer4.2.bn1.weight": {
    "max": 0.12892968952655792,
    "mean": 0.056338475490255016
  },
  "layer4.2.bn2.bias": {
    "max": 0.05564297363162041,
    "mean": 0.02300664586946368
  },
  "layer4.2.bn2.weight": {
    "max": 0.09543422609567642,
    "mean": 0.03697105266952089
  },
  "layer4.2.bn3.bias": {
    "max": 0.047110963612794876,
    "mean": 0.017990422276780008
  },
  "layer4.2.bn3.weight": {
    "max": 0.08105824142694473,
    "mean": 0.031340964271553924
  },
  "layer4.2.conv1.weight": {
    "max": 0.4235060513019562,
    "mean": 0.18826515878949845
  },
  "layer4.2.conv2.weight": {
    "max": 0.15762270987033844,
    "mean": 0.0691394073090383
  },
  "layer4.2.conv3.weight": {
    "max": 0.11195328831672668,
    "mean": 0.04854854007384607
  }
}