{
  "fc.bias": {
    "max": 0.12033072113990784,
    "mean": 0.06212138134453978
  },
  "fc.weight": {
    "max": 1.3452198505401611,
    "mean": 0.7316754844358989
  },
  "layer4.1.bn3.bias": {
    "max": 0.07930638641119003,
    "mean": 0.044741274565458296
  },
  "layer4.1.bn3.weight": {
    "max": 0.1343921720981598,
    "mean": 0.07501365828726973
  },
  "layer4.1.conv3.weight": {
    "max": 0.2992611825466156,
    "mean": 0.17803079126136642
  },
  "layer4.2.bn1.bias": {
    "max": 0.10156791657209396,
    "mean": 0.04738747823983431
  },
  "layer4.2.bn1.weight": {
    "max": 0.12271714955568314,
    "mean": 0.06474404261580535
  },
  "layer4.2.bn2.bias": {
    "max": 0.05002189055085182,
    "mean": 0.02761899330254112
  },
  "layer4.2.bn2.weight": {
    "max": 0.07937634736299515,
    "mean": 0.04444379942757743
  },
  "layer4.2.bn3.bias": {
    "max": 0.04373794049024582,
    "mean": 0.023316270629210132
  },
  "layer4.2.bn3.weight": {
    "max": 0.07798533141613007,
    "mean": 0.04138797994703054
  },
  "layer4.2.conv1.weight": {
    "max": 0.36137622594833374,
    "mean": 0.21179361590317317
  },
  "layer4.2.conv2.weight": {
    "max": 0.13771623373031616,
    "mean": 0.08512279293366841
  },
  "layer4.2.conv3.weight": {
    "max": 0.10648512840270996,
    "mean": 0.06209106465535504
  }
}