{
  "fc.bias": {
    "max": 0.12376221269369125,
    "mean": 0.04912758609013898
  },
  "fc.weight": {
    "max": 1.1937774419784546,
    "mean": 0.5927303357635225
  },
  "layer4.1.bn3.bias": {
    "max": 0.09253713488578796,
    "mean": 0.0419617737191064
  },
  "layer4.1.bn3.weight": {
    "max": 0.15416985750198364,
    "mean": 0.07136285472129072
  },
  "layer4.1.conv3.weight": {
    "max": 0.35281306505203247,
    "mean": 0.16724930211901665
  },
  "layer4.2.bn1.bias": {
    "max": 0.10074397176504135,
    "mean": 0.04290236877011401
  },
  "layer4.2.bn1.weight": {
    "max": 0.12639851868152618,
    "mean": 0.059598004897790297
  },
  "layer4.2.bn2.bias": {
    "max": 0.052055858075618744,
    "mean": 0.02460638272442988
  },
  "layer4.2.bn2.weight": {
    "max": 0.08748804032802582,
    "mean": 0.04059048742588077
  },
  "layer4.2.bn3.bias": {
    "max": 0.046310245990753174,
    "mean": 0.020108332708477974
  },
  "layer4.2.bn3.weight": {
    "max": 0.07877033948898315,
    "mean": 0.03557412569544145
  },
  "layer4.2.conv1.weight": {
    "max": 0.38559097051620483,
    "mean": 0.20069987509931836
  },
  "layer4.2.conv2.weight": {
    "max": 0.14545360207557678,
    "mean": 0.076224134181227
  },
  "layer4.2.conv3.weight": {
    "max": 0.10537410527467728,
    "mean": 0.054159907294171195
  }
}