{
  "fc.bias": {
    "max": 0.12897753715515137,
    "mean": 0.025697009785633003
  },
  "fc.weight": {
    "max": 1.1881197690963745,
    "mean": 0.3159950390564544
  },
  "layer4.1.bn3.bias": {
    "max": 0.08739955723285675,
    "mean": 0.03101151919125446
  },
  "layer4.1.bn3.weight": {
    "max": 0.14701814949512482,
    "mean": 0.0521678777039051
  },
  "layer4.1.conv3.weight": {
    "max": 0.3360246419906616,
    "mean": 0.12158242070249149
  },
  "layer4.2.bn1.bias": {
    "max": 0.09624149650335312,
    "mean": 0.03109467186432864
  },
  "layer4.2.bn1.weight": {
    "max": 0.1357566863298416,
    "mean": 0.042956719202920796
  },
  "layer4.2.bn2.bias": {
    "max": 0.05070111155509949,
    "mean": 0.016551164510393783
  },
  "layer4.2.bn2.weight": {
    "max": 0.08928555995225906,
    "mean": 0.02694061585568956
  },
  "layer4.2.bn3.bias": {
    "max": 0.059226155281066895,
    "mean": 0.012856199788594884
  },
  "layer4.2.bn3.weight": {
    "max": 0.08627495914697647,
    "mean": 0.022018789523946387
  },
  "layer4.2.conv1.weight": {
    "max": 0.4749835133552551,
    "mean": 0.14703789149011884
  },
  "layer4.2.conv2.weight": {
    "max": 0.14448052644729614,
    "mean": 0.0514975650289229
  },
  "layer4.2.conv3.weight": {
    "max": 0.11134007573127747,
    "mean": 0.034347717688818065
  }
}