{
  "fc.bias": {
    "max": 0.08731046319007874,
    "mean": 0.017583754798979497
  },
  "fc.weight": {
    "max": 1.072016954421997,
    "mean": 0.22581213822189186
  },
  "layer4.1.bn3.bias": {
    "max": 0.10908021032810211,
    "mean": 0.027964387380384974
  },
  "layer4.1.bn3.weight": {
    "max": 0.1837654858827591,
    "mean": 0.04759208175021091
  },
  "layer4.1.conv3.weight": {
    "max": 0.41566190123558044,
    "mean": 0.10959975440321224
  },
  "layer4.2.bn1.bias": {
    "max": 0.11425403505563736,
    "mean": 0.02714560591648998
  },
  "layer4.2.bn1.weight": {
    "max": 0.1660998910665512,
    "mean": 0.03758023678923824
  },
  "layer4.2.bn2.bias": {
    "max": 0.060550253838300705,
    "mean": 0.014476174013522853
  },
  "layer4.2.bn2.weight": {
    "max": 0.10249835252761841,
    "mean": 0.023581110810295545
  },
  "layer4.2.bn3.bias": {
    "max": 0.0525595098733902,
    "mean": 0.0105094521249079
  },
  "layer4.2.bn3.weight": {
    "max": 0.08308982849121094,
    "mean": 0.017750519853018756
  },
  "layer4.2.conv1.weight": {
    "max": 0.5182873606681824,
    "mean": 0.13019472814165056
  },
  "layer4.2.conv2.weight": {
    "max": 0.16708894073963165,
    "mean": 0.04300685400442619
  },
  "layer4.2.conv3.weight": {
    "max": 0.1228063777089119,
    "mean": 0.02835839882493019
  }
}