{
  "fc.bias": {
    "max": 0.13505366444587708,
    "mean": 0.016444316486075486
  },
  "fc.weight": {
    "max": 1.4446018934249878,
    "mean": 0.19629193277630422
  },
  "layer4.1.bn3.bias": {
    "max": 0.16576232016086578,
    "mean": 0.028028967598178755
  },
  "layer4.1.bn3.weight": {
    "max": 0.2624218165874481,
    "mean": 0.04564785374652794
  },
  "layer4.1.conv3.weight": {
    "max": 0.605647623538971,
    "mean": 0.09869805935986473
  },
  "layer4.2.bn1.bias": {
    "max": 0.1759289652109146,
    "mean": 0.027366418357373083
  },
  "layer4.2.bn1.weight": {
    "max": 0.22240278124809265,
    "mean": 0.03612737281954781
  },
  "layer4.2.bn2.bias": {
    "max": 0.10143867880105972,
    "mean": 0.015008715852122155
  },
  "layer4.2.bn2.weight": {
    "max": 0.14243486523628235,
    "mean": 0.022102236928767525
  },
  "layer4.2.bn3.bias": {
    "max": 0.10677805542945862,
    "mean": 0.011043216957228392
  },
  "layer4.2.bn3.weight": {
    "max": 0.16354364156723022,
    "mean": 0.017650134351071236
  },
  "layer4.2.conv1.weight": {
    "max": 0.6669477820396423,
    "mean": 0.11617995203688873
  },
  "layer4.2.conv2.weight": {
    "max": 0.22599627077579498,
    "mean": 0.03851926946255844
  },
  "layer4.2.conv3.weight": {
    "max": 0.15973623096942902,
    "mean": 0.026427645271469374
  }
}