{
  "fc.bias": {
    "max": 0.0720282644033432,
    "mean": 0.023417323019821197
  },
  "fc.weight": {
    "max": 0.878724217414856,
    "mean": 0.2966493626258203
  },
  "layer4.1.bn3.bias": {
    "max": 0.10666540265083313,
    "mean": 0.03288464238700856
  },
  "layer4.1.bn3.weight": {
    "max": 0.1870594620704651,
    "mean": 0.05468253371638379
  },
  "layer4.1.conv3.weight": {
    "max": 0.4266562759876251,
    "mean": 0.12567934049692536
  },
  "layer4.2.bn1.bias": {
    "max": 0.11452711373567581,
    "mean": 0.03201540342066437
  },
  "layer4.2.bn1.weight": {
    "max": 0.15864217281341553,
    "mean": 0.04410871427173593
  },
  "layer4.2.bn2.bias": {
    "max": 0.05704347789287567,
    "mean": 0.017439615213910915
  },
  "layer4.2.bn2.weight": {
    "max": 0.09940113872289658,
    "mean": 0.02785179551956909
  },
  "layer4.2.bn3.bias": {
    "max": 0.040787212550640106,
    "mean": 0.012947114884154872
  },
  "layer4.2.bn3.weight": {
    "max": 0.07207729667425156,
    "mean": 0.02197888241016439
  },
  "layer4.2.conv1.weight": {
    "max": 0.5088010430335999,
    "mean": 0.1524638795719615
  },
  "layer4.2.conv2.weight": {
    "max": 0.17092002928256989,
    "mean": 0.05288478912852172
  },
  "layer4.2.conv3.weight": {
    "max": 0.1047094315290451,
    "mean": 0.03492102119672511
  }
}