{
  "fc.bias": {
    "max": 0.08221859484910965,
    "mean": 0.01741838451499851
  },
  "fc.weight": {
    "max": 0.9919201731681824,
    "mean": 0.22532619029283524
  },
  "layer4.1.bn3.bias": {
    "max": 0.14280658960342407,
    "mean": 0.029080527746284914
  },
  "layer4.1.bn3.weight": {
    "max": 0.29007676243782043,
    "mean": 0.049990626735546224
  },
  "layer4.1.conv3.weight": {
    "max": 0.6217852234840393,
    "mean": 0.11311849147081375
  },
  "layer4.2.bn1.bias": {
    "max": 0.15087993443012238,
    "mean": 0.028288249299761706
  },
  "layer4.2.bn1.weight": {
    "max": 0.20685020089149475,
    "mean": 0.03890413206852307
  },
  "layer4.2.bn2.bias": {
    "max": 0.06723273545503616,
    "mean": 0.01478705148678273
  },
  "layer4.2.bn2.weight": {
    "max": 0.11415103077888489,
    "mean": 0.023807251351619405
  },
  "layer4.2.bn3.bias": {
    "max": 0.04672204330563545,
    "mean": 0.010613052376138512
  },
  "layer4.2.bn3.weight": {
    "max": 0.07966666668653488,
    "mean": 0.018024654099551427
  },
  "layer4.2.conv1.weight": {
    "max": 0.6155837178230286,
    "mean": 0.13214072515788888
  },
  "layer4.2.conv2.weight": {
    "max": 0.18727074563503265,
    "mean": 0.043458084226087004
  },
  "layer4.2.conv3.weight": {
    "max": 0.12451918423175812,
    "mean": 0.028740374894613133
  }
}