{
  "fc.bias": {
    "max": 0.09210903942584991,
    "mean": 0.022422261250737523
  },
  "fc.weight": {
    "max": 0.9089860916137695,
    "mean": 0.28284577222807067
  },
  "layer4.1.bn3.bias": {
    "max": 0.09952337294816971,
    "mean": 0.030411194044032266
  },
  "layer4.1.bn3.weight": {
    "max": 0.15412023663520813,
    "mean": 0.05140644107080464
  },
  "layer4.1.conv3.weight": {
    "max": 0.3490195572376251,
    "mean": 0.11951922944347773
  },
  "layer4.2.bn1.bias": {
    "max": 0.12164555490016937,
    "mean": 0.030494034016904023
  },
  "layer4.2.bn1.weight": {
    "max": 0.14295639097690582,
    "mean": 0.04160177119941052
  },
  "layer4.2.bn2.bias": {
    "max": 0.05935059115290642,
    "mean": 0.01600380548974499
  },
  "layer4.2.bn2.weight": {
    "max": 0.10951684415340424,
    "mean": 0.026377557843391384
  },
  "layer4.2.bn3.bias": {
    "max": 0.049852561205625534,
    "mean": 0.011756507006606885
  },
  "layer4.2.bn3.weight": {
    "max": 0.07713732123374939,
    "mean": 0.020446686281689577
  },
  "layer4.2.conv1.weight": {
    "max": 0.4209950864315033,
    "mean": 0.14205816852194922
  },
  "layer4.2.conv2.weight": {
    "max": 0.15681785345077515,
    "mean": 0.04880410925086055
  },
  "layer4.2.conv3.weight": {
    "max": 0.11461346596479416,
    "mean": 0.03244766040572098
  }
}