{
  "fc.bias": {
    "max": 0.061066288501024246,
    "mean": 0.015521107320756917
  },
  "fc.weight": {
    "max": 0.817699134349823,
    "mean": 0.19995464376639574
  },
  "layer4.1.bn3.bias": {
    "max": 0.16008710861206055,
    "mean": 0.02804397846064863
  },
  "layer4.1.bn3.weight": {
    "max": 0.22507795691490173,
    "mean": 0.048064003105807517
  },
  "layer4.1.conv3.weight": {
    "max": 0.5094426274299622,
    "mean": 0.10714478479432209
  },
  "layer4.2.bn1.bias": {
    "max": 0.1668003648519516,
    "mean": 0.02714350102735417
  },
  "layer4.2.bn1.weight": {
    "max": 0.18331283330917358,
    "mean": 0.037385303090891935
  },
  "layer4.2.bn2.bias": {
    "max": 0.0640878900885582,
    "mean": 0.014679685125218904
  },
  "layer4.2.bn2.weight": {
    "max": 0.11352722346782684,
    "mean": 0.023368814055741365
  },
  "layer4.2.bn3.bias": {
    "max": 0.043260976672172546,
    "mean": 0.010363521354406009
  },
  "layer4.2.bn3.weight": {
    "max": 0.07481110841035843,
    "mean": 0.01729700062374052
  },
  "layer4.2.conv1.weight": {
    "max": 0.5583446621894836,
    "mean": 0.12624480539866323
  },
  "layer4.2.conv2.weight": {
    "max": 0.17874713242053986,
    "mean": 0.04098076684949254
  },
  "layer4.2.conv3.weight": {
    "max": 0.1259639412164688,
    "mean": 0.027074519847436543
  }
}