{
  "fc.bias": {
    "max": 0.07107612490653992,
    "mean": 0.014872526523707035
  },
  "fc.weight": {
    "max": 0.9748464822769165,
    "mean": 0.18799609524996153
  },
  "layer4.1.bn3.bias": {
    "max": 0.16078443825244904,
    "mean": 0.027346814308964115
  },
  "layer4.1.bn3.weight": {
    "max": 0.2876181900501251,
    "mean": 0.04750036137544417
  },
  "layer4.1.conv3.weight": {
    "max": 0.5896653532981873,
    "mean": 0.10747565368855638
  },
  "layer4.2.bn1.bias": {
    "max": 0.13827992975711823,
    "mean": 0.02552437501443949
  },
  "layer4.2.bn1.weight": {
    "max": 0.18716494739055634,
    "mean": 0.03521466187367748
  },
  "layer4.2.bn2.bias": {
    "max": 0.06624242663383484,
    "mean": 0.014084497675939929
  },
  "layer4.2.bn2.weight": {
    "max": 0.11018536984920502,
    "mean": 0.022041158162589582
  },
  "layer4.2.bn3.bias": {
    "max": 0.04593135416507721,
    "mean": 0.009875294938018279
  },
  "layer4.2.bn3.weight": {
    "max": 0.07792145013809204,
    "mean": 0.016275907824082034
  },
  "layer4.2.conv1.weight": {
    "max": 0.5906896591186523,
    "mean": 0.12143057914750119
  },
  "layer4.2.conv2.weight": {
    "max": 0.19888263940811157,
    "mean": 0.03867633955869158
  },
  "layer4.2.conv3.weight": {
    "max": 0.11551810055971146,
    "mean": 0.025035310641895715
  }
}