{
  "fc.bias": {
    "max": 0.1326695680618286,
    "mean": 0.08183494447597435
  },
  "fc.weight": {
    "max": 1.5860517024993896,
    "mean": 0.9341505130699702
  },
  "layer4.1.bn3.bias": {
    "max": 0.0752716138958931,
    "mean": 0.04437848753162793
  },
  "layer4.1.bn3.weight": {
    "max": 0.13009124994277954,
    "mean": 0.07449635770704065
  },
  "layer4.1.conv3.weight": {
    "max": 0.2903934121131897,
    "mean": 0.1786492611042091
  },
  "layer4.2.bn1.bias": {
    "max": 0.07679962366819382,
    "mean": 0.04707944654460464
  },
  "layer4.2.bn1.weight": {
    "max": 0.1131170243024826,
    "mean": 0.06513956181704998
  },
  "layer4.2.bn2.bias": {
    "max": 0.05142887309193611,
    "mean": 0.029241459454808917
  },
  "layer4.2.bn2.weight": {
    "max": 0.08394922316074371,
    "mean": 0.04704579212303672
  },
  "layer4.2.bn3.bias": {
    "max": 0.04473847150802612,
    "mean": 0.026045070216059684
  },
  "layer4.2.bn3.weight": {
    "max": 0.07808815687894821,
    "mean": 0.046907622580017364
  },
  "layer4.2.conv1.weight": {
    "max": 0.34658244252204895,
    "mean": 0.20941247361046927
  },
  "layer4.2.conv2.weight": {
    "max": 0.15549913048744202,
    "mean": 0.09003531810428415
  },
  "layer4.2.conv3.weight": {
    "max": 0.10855355858802795,
    "mean": 0.06764246260481221
  }
}