{
  "fc.bias": {
    "max": 0.07308267802000046,
    "mean": 0.0144804387183519
  },
  "fc.weight": {
    "max": 0.7626500129699707,
    "mean": 0.18041022684824254
  },
  "layer4.1.bn3.bias": {
    "max": 0.12135227769613266,
    "mean": 0.024671229413673116
  },
  "layer4.1.bn3.weight": {
    "max": 0.19699062407016754,
    "mean": 0.04091712041462805
  },
  "layer4.1.conv3.weight": {
    "max": 0.44697991013526917,
    "mean": 0.09241591335777359
  },
  "layer4.2.bn1.bias": {
    "max": 0.11783109605312347,
    "mean": 0.02423909438108759
  },
  "layer4.2.bn1.weight": {
    "max": 0.15681114792823792,
    "mean": 0.032269135416260857
  },
  "layer4.2.bn2.bias": {
    "max": 0.05391518771648407,
    "mean": 0.013039829759509302
  },
  "layer4.2.bn2.weight": {
    "max": 0.0963851734995842,
    "mean": 0.020125561784911303
  },
  "layer4.2.bn3.bias": {
    "max": 0.04219265282154083,
    "mean": 0.009453709351031908
  },
  "layer4.2.bn3.weight": {
    "max": 0.07463009655475616,
    "mean": 0.015555020012813786
  },
  "layer4.2.conv1.weight": {
    "max": 0.5509936809539795,
    "mean": 0.10914441952465236
  },
  "layer4.2.conv2.weight": {
    "max": 0.16910122334957123,
    "mean": 0.0358613995059568
  },
  "layer4.2.conv3.weight": {
    "max": 0.10729578882455826,
    "mean": 0.024187449777340848
  }
}