{
  "fc.bias": {
    "max": 0.2709476351737976,
    "mean": 0.14060627618006297
  },
  "fc.weight": {
    "max": 1.7728886604309082,
    "mean": 1.2032619207245963
  },
  "layer4.1.bn3.bias": {
    "max": 0.06359608471393585,
    "mean": 0.03133072326758078
  },
  "layer4.1.bn3.weight": {
    "max": 0.10155484825372696,
    "mean": 0.05038769824696439
  },
  "layer4.1.conv3.weight": {
    "max": 0.2351735383272171,
    "mean": 0.12875141432242734
  },
  "layer4.2.bn1.bias": {
    "max": 0.0670057088136673,
    "mean": 0.032897062062152795
  },
  "layer4.2.bn1.weight": {
    "max": 0.0844646617770195,
    "mean": 0.04464748527588589
  },
  "layer4.2.bn2.bias": {
    "max": 0.04176541417837143,
    "mean": 0.02435822004452348
  },
  "layer4.2.bn2.weight": {
    "max": 0.06462093442678452,
    "mean": 0.03597286579864366
  },
  "layer4.2.bn3.bias": {
    "max": 0.0379096120595932,
    "mean": 0.025344861426523754
  },
  "layer4.2.bn3.weight": {
    "max": 0.06514112651348114,
    "mean": 0.04402864686612572
  },
  "layer4.2.conv1.weight": {
    "max": 0.2710496187210083,
    "mean": 0.13898193603115422
  },
  "layer4.2.conv2.weight": {
    "max": 0.12286325544118881,
    "mean": 0.07239550228629793
  },
  "layer4.2.conv3.weight": {
    "max": 0.09347402304410934,
    "mean": 0.05741386601967471
  }
}