{
  "fc.bias": {
    "max": 0.07440179586410522,
    "mean": 0.016251047810323403
  },
  "fc.weight": {
    "max": 0.9250414967536926,
    "mean": 0.19664415077971562
  },
  "layer4.1.bn3.bias": {
    "max": 0.1298423856496811,
    "mean": 0.029921621673690554
  },
  "layer4.1.bn3.weight": {
    "max": 0.22433055937290192,
    "mean": 0.05037355583892869
  },
  "layer4.1.conv3.weight": {
    "max": 0.46828392148017883,
    "mean": 0.11207920480619318
  },
  "layer4.2.bn1.bias": {
    "max": 0.14346115291118622,
    "mean": 0.028949879974659
  },
  "layer4.2.bn1.weight": {
    "max": 0.1718708872795105,
    "mean": 0.03879061056841497
  },
  "layer4.2.bn2.bias": {
    "max": 0.06642492860555649,
    "mean": 0.01525438964404332
  },
  "layer4.2.bn2.weight": {
    "max": 0.1087431088089943,
    "mean": 0.02394037122505584
  },
  "layer4.2.bn3.bias": {
    "max": 0.043970249593257904,
    "mean": 0.011251456866822471
  },
  "layer4.2.bn3.weight": {
    "max": 0.07462331652641296,
    "mean": 0.018182969740841406
  },
  "layer4.2.conv1.weight": {
    "max": 0.5218398571014404,
    "mean": 0.12980354127440868
  },
  "layer4.2.conv2.weight": {
    "max": 0.19262634217739105,
    "mean": 0.04144734202859191
  },
  "layer4.2.conv3.weight": {
    "max": 0.11155662685632706,
    "mean": 0.02757095038001093
  }
}