{
  "fc.bias": {
    "max": 0.10339082777500153,
    "mean": 0.031414219761001214
  },
  "fc.weight": {
    "max": 1.1082470417022705,
    "mean": 0.37928702288440297
  },
  "layer4.1.bn3.bias": {
    "max": 0.1050092801451683,
    "mean": 0.034576270004202214
  },
  "layer4.1.bn3.weight": {
    "max": 0.178757444024086,
    "mean": 0.05889733093391572
  },
  "layer4.1.conv3.weight": {
    "max": 0.41110286116600037,
    "mean": 0.13860602507101638
  },
  "layer4.2.bn1.bias": {
    "max": 0.11503225564956665,
    "mean": 0.03501674209056156
  },
  "layer4.2.bn1.weight": {
    "max": 0.1566680371761322,
    "mean": 0.04774182765345488
  },
  "layer4.2.bn2.bias": {
    "max": 0.05296747386455536,
    "mean": 0.018974925304896067
  },
  "layer4.2.bn2.weight": {
    "max": 0.10600938647985458,
    "mean": 0.031037290238642268
  },
  "layer4.2.bn3.bias": {
    "max": 0.04562823474407196,
    "mean": 0.014835056198228683
  },
  "layer4.2.bn3.weight": {
    "max": 0.07595663517713547,
    "mean": 0.025733427413340126
  },
  "layer4.2.conv1.weight": {
    "max": 0.5093647837638855,
    "mean": 0.16399674376206738
  },
  "layer4.2.conv2.weight": {
    "max": 0.17542298138141632,
    "mean": 0.05812609396874904
  },
  "layer4.2.conv3.weight": {
    "max": 0.13213391602039337,
    "mean": 0.03942119581890958
  }
}