{
  "fc.bias": {
    "max": 0.08104325085878372,
    "mean": 0.020112342560397727
  },
  "fc.weight": {
    "max": 1.0208218097686768,
    "mean": 0.25266316836167657
  },
  "layer4.1.bn3.bias": {
    "max": 0.12690548598766327,
    "mean": 0.03033257822007207
  },
  "layer4.1.bn3.weight": {
    "max": 0.21410208940505981,
    "mean": 0.05123191219089287
  },
  "layer4.1.conv3.weight": {
    "max": 0.4451700747013092,
    "mean": 0.11785313487052917
  },
  "layer4.2.bn1.bias": {
    "max": 0.12669560313224792,
    "mean": 0.029714179309417627
  },
  "layer4.2.bn1.weight": {
    "max": 0.1777457445859909,
    "mean": 0.0405459135185395
  },
  "layer4.2.bn2.bias": {
    "max": 0.06504089385271072,
    "mean": 0.015947749123775532
  },
  "layer4.2.bn2.weight": {
    "max": 0.09094133973121643,
    "mean": 0.025080923049577646
  },
  "layer4.2.bn3.bias": {
    "max": 0.048205580562353134,
    "mean": 0.011651323524170688
  },
  "layer4.2.bn3.weight": {
    "max": 0.0808505192399025,
    "mean": 0.019677593696729414
  },
  "layer4.2.conv1.weight": {
    "max": 0.5234981179237366,
    "mean": 0.13983436073708747
  },
  "layer4.2.conv2.weight": {
    "max": 0.17453092336654663,
    "mean": 0.04657603882452739
  },
  "layer4.2.conv3.weight": {
    "max": 0.11639276891946793,
    "mean": 0.030808178868943027
  }
}