{
  "fc.bias": {
    "max": 0.05473591014742851,
    "mean": 0.011848655618752153
  },
  "fc.weight": {
    "max": 0.7485968470573425,
    "mean": 0.15082625823561102
  },
  "layer4.1.bn3.bias": {
    "max": 0.1252269744873047,
    "mean": 0.020777354797215333
  },
  "layer4.1.bn3.weight": {
    "max": 0.21685868501663208,
    "mean": 0.03526874850687039
  },
  "layer4.1.conv3.weight": {
    "max": 0.476522833108902,
    "mean": 0.07916333758804416
  },
  "layer4.2.bn1.bias": {
    "max": 0.1352778524160385,
    "mean": 0.020015323105534274
  },
  "layer4.2.bn1.weight": {
    "max": 0.1458727866411209,
    "mean": 0.027153427890069515
  },
  "layer4.2.bn2.bias": {
    "max": 0.05358658730983734,
    "mean": 0.0104565834047805
  },
  "layer4.2.bn2.weight": {
    "max": 0.09216789156198502,
    "mean": 0.016869831742868494
  },
  "layer4.2.bn3.bias": {
    "max": 0.034021276980638504,
    "mean": 0.007499632614614841
  },
  "layer4.2.bn3.weight": {
    "max": 0.0580240897834301,
    "mean": 0.012551421107117286
  },
  "layer4.2.conv1.weight": {
    "max": 0.515516459941864,
    "mean": 0.09353608332341537
  },
  "layer4.2.conv2.weight": {
    "max": 0.17203211784362793,
    "mean": 0.03017020618875644
  },
  "layer4.2.conv3.weight": {
    "max": 0.10523182898759842,
    "mean": 0.019786013885999897
  }
}