{
  "fc.bias": {
    "max": 0.11607029289007187,
    "mean": 0.01683691885887778
  },
  "fc.weight": {
    "max": 1.3215492963790894,
    "mean": 0.21110808055581792
  },
  "layer4.1.bn3.bias": {
    "max": 0.15135295689105988,
    "mean": 0.027657925107050688
  },
  "layer4.1.bn3.weight": {
    "max": 0.2654081881046295,
    "mean": 0.04756154608580151
  },
  "layer4.1.conv3.weight": {
    "max": 0.5801111459732056,
    "mean": 0.1086684458928981
  },
  "layer4.2.bn1.bias": {
    "max": 0.1373370736837387,
    "mean": 0.026909156659551497
  },
  "layer4.2.bn1.weight": {
    "max": 0.20165304839611053,
    "mean": 0.037299692484417134
  },
  "layer4.2.bn2.bias": {
    "max": 0.08472582697868347,
    "mean": 0.014357162667771003
  },
  "layer4.2.bn2.weight": {
    "max": 0.13609735667705536,
    "mean": 0.022821068258157797
  },
  "layer4.2.bn3.bias": {
    "max": 0.06490849703550339,
    "mean": 0.010385203992482274
  },
  "layer4.2.bn3.weight": {
    "max": 0.10845942795276642,
    "mean": 0.017409538665919433
  },
  "layer4.2.conv1.weight": {
    "max": 0.6407426595687866,
    "mean": 0.12739284347742796
  },
  "layer4.2.conv2.weight": {
    "max": 0.23112717270851135,
    "mean": 0.04150690951118512
  },
  "layer4.2.conv3.weight": {
    "max": 0.14769022166728973,
    "mean": 0.027276821000767604
  }
}