{
  "fc.bias": {
    "max": 0.21181108057498932,
    "mean": 0.1725926978720559
  },
  "fc.weight": {
    "max": 1.0955758094787598,
    "mean": 0.9942467742496066
  },
  "layer4.1.bn3.bias": {
    "max": 0.012239310890436172,
    "mean": 0.008781013906829886
  },
  "layer4.1.bn3.weight": {
    "max": 0.016824819147586823,
    "mean": 0.012798086326155398
  },
  "layer4.1.conv3.weight": {
    "max": 0.046045903116464615,
    "mean": 0.033324913018279605
  },
  "layer4.2.bn1.bias": {
    "max": 0.01313620712608099,
    "mean": 0.007232218152946896
  },
  "layer4.2.bn1.weight": {
    "max": 0.017255308106541634,
    "mean": 0.01072769658640027
  },
  "layer4.2.bn2.bias": {
    "max": 0.01283812802284956,
    "mean": 0.007127013937052753
  },
  "layer4.2.bn2.weight": {
    "max": 0.01733245700597763,
    "mean": 0.009545238999029001
  },
  "layer4.2.bn3.bias": {
    "max": 0.014245990663766861,
    "mean": 0.011581125462220775
  },
  "layer4.2.bn3.weight": {
    "max": 0.020229725167155266,
    "mean": 0.016680529134141073
  },
  "layer4.2.conv1.weight": {
    "max": 0.05652637779712677,
    "mean": 0.03767595522933536
  },
  "layer4.2.conv2.weight": {
    "max": 0.04375617578625679,
    "mean": 0.028245047976573307
  },
  "layer4.2.conv3.weight": {
    "max": 0.03415318951010704,
    "mean": 0.02808795538213518
  }
}