{
  "fc.bias": {
    "max": 0.15364576876163483,
    "mean": 0.12680347512165704
  },
  "fc.weight": {
    "max": 1.2669093608856201,
    "mean": 1.1097034215927124
  },
  "layer4.1.bn3.bias": {
    "max": 0.03080623969435692,
    "mean": 0.026188209445940122
  },
  "layer4.1.bn3.weight": {
    "max": 0.04960567131638527,
    "mean": 0.041753040005763374
  },
  "layer4.1.conv3.weight": {
    "max": 0.11181546002626419,
    "mean": 0.1006919468442599
  },
  "layer4.2.bn1.bias": {
    "max": 0.02930322103202343,
    "mean": 0.025583810897337064
  },
  "layer4.2.bn1.weight": {
    "max": 0.042535316199064255,
    "mean": 0.03526996158891254
  },
  "layer4.2.bn2.bias": {
    "max": 0.028141524642705917,
    "mean": 0.022827342566516664
  },
  "layer4.2.bn2.weight": {
    "max": 0.04326089099049568,
    "mean": 0.03256009519100189
  },
  "layer4.2.bn3.bias": {
    "max": 0.03366054221987724,
    "mean": 0.02869461414714654
  },
  "layer4.2.bn3.weight": {
    "max": 0.05546687915921211,
    "mean": 0.05003392199675242
  },
  "layer4.2.conv1.weight": {
    "max": 0.12780031561851501,
    "mean": 0.10871682398849064
  },
  "layer4.2.conv2.weight": {
    "max": 0.07036805152893066,
    "mean": 0.06156905243794123
  },
  "layer4.2.conv3.weight": {
    "max": 0.05928356200456619,
    "mean": 0.05094090518024233
  }
}