{
  "fc.bias": {
    "max": 0.03585412725806236,
    "mean": 0.02344432742231422
  },
  "fc.weight": {
    "max": 0.3733403980731964,
    "mean": 0.26487479441695744
  },
  "layer4.1.bn3.bias": {
    "max": 0.013615399599075317,
    "mean": 0.008898206158644624
  },
  "layer4.1.bn3.weight": {
    "max": 0.023040546104311943,
    "mean": 0.014711480794681443
  },
  "layer4.1.conv3.weight": {
    "max": 0.05592113733291626,
    "mean": 0.03411211508015791
  },
  "layer4.2.bn1.bias": {
    "max": 0.01367270853370428,
    "mean": 0.009858978498313162
  },
  "layer4.2.bn1.weight": {
    "max": 0.02053431048989296,
    "mean": 0.013844737886554666
  },
  "layer4.2.bn2.bias": {
    "max": 0.009871947579085827,
    "mean": 0.006990411784499884
  },
  "layer4.2.bn2.weight": {
    "max": 0.01569502055644989,
    "mean": 0.011076410921911398
  },
  "layer4.2.bn3.bias": {
    "max": 0.010916726663708687,
    "mean": 0.007416425065861808
  },
  "layer4.2.bn3.weight": {
    "max": 0.019674155861139297,
    "mean": 0.013836163406570753
  },
  "layer4.2.conv1.weight": {
    "max": 0.06621577590703964,
    "mean": 0.040670662083559565
  },
  "layer4.2.conv2.weight": {
    "max": 0.02991875633597374,
    "mean": 0.020396114533974066
  },
  "layer4.2.conv3.weight": {
    "max": 0.023855222389101982,
    "mean": 0.017686478276219633
  }
}