{
  "fc.bias": {
    "max": 0.048185933381319046,
    "mean": 0.03861770427061452
  },
  "fc.weight": {
    "max": 0.625912070274353,
    "mean": 0.44269375337494743
  },
  "layer4.1.bn3.bias": {
    "max": 0.018076494336128235,
    "mean": 0.011156955940855874
  },
  "layer4.1.bn3.weight": {
    "max": 0.03121272288262844,
    "mean": 0.018505119615130954
  },
  "layer4.1.conv3.weight": {
    "max": 0.07046818733215332,
    "mean": 0.04247812202407254
  },
  "layer4.2.bn1.bias": {
    "max": 0.020587336272001266,
    "mean": 0.011910734077294668
  },
  "layer4.2.bn1.weight": {
    "max": 0.029872242361307144,
    "mean": 0.016748060265349016
  },
  "layer4.2.bn2.bias": {
    "max": 0.013940918259322643,
    "mean": 0.009184144696013795
  },
  "layer4.2.bn2.weight": {
    "max": 0.022666210308670998,
    "mean": 0.014423086928824583
  },
  "layer4.2.bn3.bias": {
    "max": 0.01330406591296196,
    "mean": 0.010752600100305345
  },
  "layer4.2.bn3.weight": {
    "max": 0.025671683251857758,
    "mean": 0.02019625881479846
  },
  "layer4.2.conv1.weight": {
    "max": 0.07884039729833603,
    "mean": 0.048994591666592494
  },
  "layer4.2.conv2.weight": {
    "max": 0.03880329430103302,
    "mean": 0.026037731311387487
  },
  "layer4.2.conv3.weight": {
    "max": 0.031168637797236443,
    "mean": 0.024004478421476152
  }
}