{
  "fc.bias": {
    "max": 0.05562959238886833,
    "mean": 0.02864193647272057
  },
  "fc.weight": {
    "max": 0.723156750202179,
    "mean": 0.35796508689721424
  },
  "layer4.1.bn3.bias": {
    "max": 0.019200200214982033,
    "mean": 0.011195577991505464
  },
  "layer4.1.bn3.weight": {
    "max": 0.02858349308371544,
    "mean": 0.017645618464383814
  },
  "layer4.1.conv3.weight": {
    "max": 0.06243646517395973,
    "mean": 0.03819161053333017
  },
  "layer4.2.bn1.bias": {
    "max": 0.020657408982515335,
    "mean": 0.012381494200477997
  },
  "layer4.2.bn1.weight": {
    "max": 0.03124878741800785,
    "mean": 0.017920475349658065
  },
  "layer4.2.bn2.bias": {
    "max": 0.014037922024726868,
    "mean": 0.008283663541078568
  },
  "layer4.2.bn2.weight": {
    "max": 0.02158527448773384,
    "mean": 0.012793709161794849
  },
  "layer4.2.bn3.bias": {
    "max": 0.015776388347148895,
    "mean": 0.009226338316996893
  },
  "layer4.2.bn3.weight": {
    "max": 0.028373129665851593,
    "mean": 0.01710668992665079
  },
  "layer4.2.conv1.weight": {
    "max": 0.07351277023553848,
    "mean": 0.046862973728113703
  },
  "layer4.2.conv2.weight": {
    "max": 0.041344575583934784,
    "mean": 0.02506292735536893
  },
  "layer4.2.conv3.weight": {
    "max": 0.04054339602589607,
    "mean": 0.021839381919966802
  }
}