{
  "fc.bias": {
    "max": 0.02620280720293522,
    "mean": 0.01580095508446296
  },
  "fc.weight": {
    "max": 0.3115827739238739,
    "mean": 0.18365027921067345
  },
  "layer4.1.bn3.bias": {
    "max": 0.009946783073246479,
    "mean": 0.0065222975746211075
  },
  "layer4.1.bn3.weight": {
    "max": 0.016908446326851845,
    "mean": 0.010347697935584519
  },
  "layer4.1.conv3.weight": {
    "max": 0.041695017367601395,
    "mean": 0.02324734017666843
  },
  "layer4.2.bn1.bias": {
    "max": 0.01051758136600256,
    "mean": 0.006987330891812841
  },
  "layer4.2.bn1.weight": {
    "max": 0.0158669576048851,
    "mean": 0.009497109024475018
  },
  "layer4.2.bn2.bias": {
    "max": 0.007665421813726425,
    "mean": 0.004861563444137573
  },
  "layer4.2.bn2.weight": {
    "max": 0.013424750417470932,
    "mean": 0.007655485274477137
  },
  "layer4.2.bn3.bias": {
    "max": 0.008201729506254196,
    "mean": 0.005211386182862852
  },
  "layer4.2.bn3.weight": {
    "max": 0.014878042042255402,
    "mean": 0.009815728550569879
  },
  "layer4.2.conv1.weight": {
    "max": 0.052606720477342606,
    "mean": 0.028266101454695065
  },
  "layer4.2.conv2.weight": {
    "max": 0.0260723065584898,
    "mean": 0.013980661984533072
  },
  "layer4.2.conv3.weight": {
    "max": 0.01962273381650448,
    "mean": 0.011763054722299179
  }
}