{
  "fc.bias": {
    "max": 0.2483820766210556,
    "mean": 0.17107113699118295
  },
  "fc.weight": {
    "max": 1.4675815105438232,
    "mean": 1.0183209247059293
  },
  "layer4.1.bn3.bias": {
    "max": 0.017638031393289566,
    "mean": 0.013042437119616402
  },
  "layer4.1.bn3.weight": {
    "max": 0.026215720921754837,
    "mean": 0.01991072731713454
  },
  "layer4.1.conv3.weight": {
    "max": 0.08416283875703812,
    "mean": 0.06578887667920855
  },
  "layer4.2.bn1.bias": {
    "max": 0.01619734615087509,
    "mean": 0.0128110120486882
  },
  "layer4.2.bn1.weight": {
    "max": 0.023941989988088608,
    "mean": 0.01851751996825139
  },
  "layer4.2.bn2.bias": {
    "max": 0.016788849607110023,
    "mean": 0.014168367928100957
  },
  "layer4.2.bn2.weight": {
    "max": 0.02268236130475998,
    "mean": 0.018109216251307063
  },
  "layer4.2.bn3.bias": {
    "max": 0.020561106503009796,
    "mean": 0.014561349008646276
  },
  "layer4.2.bn3.weight": {
    "max": 0.03214690834283829,
    "mean": 0.02168255630466673
  },
  "layer4.2.conv1.weight": {
    "max": 0.07752123475074768,
    "mean": 0.058917556371953755
  },
  "layer4.2.conv2.weight": {
    "max": 0.05889985337853432,
    "mean": 0.04539866414335039
  },
  "layer4.2.conv3.weight": {
    "max": 0.03888324648141861,
    "mean": 0.031490008243256144
  }
}