{
  "fc.bias": {
    "max": 0.020282620564103127,
    "mean": 0.010889958538528945
  },
  "fc.weight": {
    "max": 0.23779894411563873,
    "mean": 0.13286694718731773
  },
  "layer4.1.bn3.bias": {
    "max": 0.009623100981116295,
    "mean": 0.004985726503137913
  },
  "layer4.1.bn3.weight": {
    "max": 0.0150736840441823,
    "mean": 0.00824795187347465
  },
  "layer4.1.conv3.weight": {
    "max": 0.04177215322852135,
    "mean": 0.01929233642295003
  },
  "layer4.2.bn1.bias": {
    "max": 0.00994030386209488,
    "mean": 0.005653472048126989
  },
  "layer4.2.bn1.weight": {
    "max": 0.013818496838212013,
    "mean": 0.007910400551433364
  },
  "layer4.2.bn2.bias": {
    "max": 0.008124342188239098,
    "mean": 0.003916424453361995
  },
  "layer4.2.bn2.weight": {
    "max": 0.012661050073802471,
    "mean": 0.006375453590104978
  },
  "layer4.2.bn3.bias": {
    "max": 0.006505909375846386,
    "mean": 0.0038850754499435425
  },
  "layer4.2.bn3.weight": {
    "max": 0.012408503331243992,
    "mean": 0.007416985618571441
  },
  "layer4.2.conv1.weight": {
    "max": 0.04483696445822716,
    "mean": 0.022954428620222542
  },
  "layer4.2.conv2.weight": {
    "max": 0.02429887466132641,
    "mean": 0.011169928928009339
  },
  "layer4.2.conv3.weight": {
    "max": 0.01787601411342621,
    "mean": 0.009282994109930264
  }
}