{
  "fc.bias": {
    "max": 0.051289595663547516,
    "mean": 0.03684993233117792
  },
  "fc.weight": {
    "max": 0.5839313864707947,
    "mean": 0.421750095155504
  },
  "layer4.1.bn3.bias": {
    "max": 0.021945981308817863,
    "mean": 0.013739883227066861
  },
  "layer4.1.bn3.weight": {
    "max": 0.03766090050339699,
    "mean": 0.022963548493054178
  },
  "layer4.1.conv3.weight": {
    "max": 0.08512506633996964,
    "mean": 0.05373090443511804
  },
  "layer4.2.bn1.bias": {
    "max": 0.022502684965729713,
    "mean": 0.014501078313009607
  },
  "layer4.2.bn1.weight": {
    "max": 0.03222120925784111,
    "mean": 0.02107346896082163
  },
  "layer4.2.bn2.bias": {
    "max": 0.014985490590333939,
    "mean": 0.011015679583781295
  },
  "layer4.2.bn2.weight": {
    "max": 0.0249836053699255,
    "mean": 0.017330202067063913
  },
  "layer4.2.bn3.bias": {
    "max": 0.016604674980044365,
    "mean": 0.011802679238220056
  },
  "layer4.2.bn3.weight": {
    "max": 0.03000236488878727,
    "mean": 0.021880845746232405
  },
  "layer4.2.conv1.weight": {
    "max": 0.10032333433628082,
    "mean": 0.06160096079111099
  },
  "layer4.2.conv2.weight": {
    "max": 0.047423627227544785,
    "mean": 0.03132960697015127
  },
  "layer4.2.conv3.weight": {
    "max": 0.03760836645960808,
    "mean": 0.025871825197504625
  }
}