{
  "fc.bias": {
    "max": 0.07134181261062622,
    "mean": 0.04435743826131026
  },
  "fc.weight": {
    "max": 0.7913263440132141,
    "mean": 0.46906301379203796
  },
  "layer4.1.bn3.bias": {
    "max": 0.01653686724603176,
    "mean": 0.012086911851333247
  },
  "layer4.1.bn3.weight": {
    "max": 0.025691358372569084,
    "mean": 0.019511571050518088
  },
  "layer4.1.conv3.weight": {
    "max": 0.055459603667259216,
    "mean": 0.0460002865228388
  },
  "layer4.2.bn1.bias": {
    "max": 0.02166699431836605,
    "mean": 0.012965931867559751
  },
  "layer4.2.bn1.weight": {
    "max": 0.029047366231679916,
    "mean": 0.01787635249396165
  },
  "layer4.2.bn2.bias": {
    "max": 0.013921135105192661,
    "mean": 0.010284352116286755
  },
  "layer4.2.bn2.weight": {
    "max": 0.021319033578038216,
    "mean": 0.015636613075104024
  },
  "layer4.2.bn3.bias": {
    "max": 0.019021859392523766,
    "mean": 0.012600947378410233
  },
  "layer4.2.bn3.weight": {
    "max": 0.03455003723502159,
    "mean": 0.02366802054974768
  },
  "layer4.2.conv1.weight": {
    "max": 0.06730098277330399,
    "mean": 0.05279310875468784
  },
  "layer4.2.conv2.weight": {
    "max": 0.03767260164022446,
    "mean": 0.02895864223440488
  },
  "layer4.2.conv3.weight": {
    "max": 0.03898555040359497,
    "mean": 0.02551489012936751
  }
}