{
  "fc.bias": {
    "max": 0.19640612602233887,
    "mean": 0.17567366361618042
  },
  "fc.weight": {
    "max": 1.285051941871643,
    "mean": 1.1296549240748088
  },
  "layer4.1.bn3.bias": {
    "max": 0.022822421044111252,
    "mean": 0.018476904576851264
  },
  "layer4.1.bn3.weight": {
    "max": 0.03533755987882614,
    "mean": 0.028835430534349546
  },
  "layer4.1.conv3.weight": {
    "max": 0.15400435030460358,
    "mean": 0.1036689318716526
  },
  "layer4.2.bn1.bias": {
    "max": 0.02432313561439514,
    "mean": 0.01841691777937942
  },
  "layer4.2.bn1.weight": {
    "max": 0.035889819264411926,
    "mean": 0.02470877890785535
  },
  "layer4.2.bn2.bias": {
    "max": 0.026704581454396248,
    "mean": 0.02038125279876921
  },
  "layer4.2.bn2.weight": {
    "max": 0.03445637598633766,
    "mean": 0.02588917873799801
  },
  "layer4.2.bn3.bias": {
    "max": 0.025324884802103043,
    "mean": 0.019752815779712465
  },
  "layer4.2.bn3.weight": {
    "max": 0.03793215751647949,
    "mean": 0.030715874292784266
  },
  "layer4.2.conv1.weight": {
    "max": 0.09939149022102356,
    "mean": 0.07725446381502682
  },
  "layer4.2.conv2.weight": {
    "max": 0.06730873882770538,
    "mean": 0.052236735406849116
  },
  "layer4.2.conv3.weight": {
    "max": 0.05072677880525589,
    "mean": 0.037974512204527855
  }
}