{
  "fc.bias": {
    "max": 0.13167117536067963,
    "mean": 0.10281963066922294
  },
  "fc.weight": {
    "max": 1.2099429368972778,
    "mean": 0.9390541315078735
  },
  "layer4.1.bn3.bias": {
    "max": 0.02909432351589203,
    "mean": 0.02355833537876606
  },
  "layer4.1.bn3.weight": {
    "max": 0.0483686663210392,
    "mean": 0.036885515269305974
  },
  "layer4.1.conv3.weight": {
    "max": 0.10888581722974777,
    "mean": 0.08928937630520926
  },
  "layer4.2.bn1.bias": {
    "max": 0.03028995357453823,
    "mean": 0.02329298709001806
  },
  "layer4.2.bn1.weight": {
    "max": 0.0449725016951561,
    "mean": 0.032036308406127825
  },
  "layer4.2.bn2.bias": {
    "max": 0.031196504831314087,
    "mean": 0.020683254218763776
  },
  "layer4.2.bn2.weight": {
    "max": 0.046074192970991135,
    "mean": 0.029602602538135316
  },
  "layer4.2.bn3.bias": {
    "max": 0.03252888843417168,
    "mean": 0.025581636362605624
  },
  "layer4.2.bn3.weight": {
    "max": 0.05339120700955391,
    "mean": 0.044953982449240155
  },
  "layer4.2.conv1.weight": {
    "max": 0.1223892793059349,
    "mean": 0.09693238221936756
  },
  "layer4.2.conv2.weight": {
    "max": 0.06976425647735596,
    "mean": 0.054606177740626864
  },
  "layer4.2.conv3.weight": {
    "max": 0.05799775943160057,
    "mean": 0.04595137511690458
  }
}