{
  "fc.bias": {
    "max": 0.19753675162792206,
    "mean": 0.1614766154024336
  },
  "fc.weight": {
    "max": 1.419238805770874,
    "mean": 1.1664754417207506
  },
  "layer4.1.bn3.bias": {
    "max": 0.02419366128742695,
    "mean": 0.02180654017461671
  },
  "layer4.1.bn3.weight": {
    "max": 0.03685856983065605,
    "mean": 0.03386422743399938
  },
  "layer4.1.conv3.weight": {
    "max": 0.11715468019247055,
    "mean": 0.09578510208262338
  },
  "layer4.2.bn1.bias": {
    "max": 0.026268964633345604,
    "mean": 0.022397633641958237
  },
  "layer4.2.bn1.weight": {
    "max": 0.042005594819784164,
    "mean": 0.03345473710861471
  },
  "layer4.2.bn2.bias": {
    "max": 0.025013050064444542,
    "mean": 0.02336182424591647
  },
  "layer4.2.bn2.weight": {
    "max": 0.031285207718610764,
    "mean": 0.029676126316189766
  },
  "layer4.2.bn3.bias": {
    "max": 0.025753332301974297,
    "mean": 0.02384321101837688
  },
  "layer4.2.bn3.weight": {
    "max": 0.04509454220533371,
    "mean": 0.039146157602469124
  },
  "layer4.2.conv1.weight": {
    "max": 0.09790699928998947,
    "mean": 0.08912387904193667
  },
  "layer4.2.conv2.weight": {
    "max": 0.06525908410549164,
    "mean": 0.058198533952236176
  },
  "layer4.2.conv3.weight": {
    "max": 0.04787575453519821,
    "mean": 0.04374979395005438
  }
}