{
  "fc.bias": {
    "max": 0.024363122880458832,
    "mean": 0.01157261555393537
  },
  "fc.weight": {
    "max": 0.24500499665737152,
    "mean": 0.13423644544349778
  },
  "layer4.1.bn3.bias": {
    "max": 0.010797553695738316,
    "mean": 0.005110415125576158
  },
  "layer4.1.bn3.weight": {
    "max": 0.01664961874485016,
    "mean": 0.008191960061796837
  },
  "layer4.1.conv3.weight": {
    "max": 0.036588579416275024,
    "mean": 0.01772226206958294
  },
  "layer4.2.bn1.bias": {
    "max": 0.011270144954323769,
    "mean": 0.0054720837959191864
  },
  "layer4.2.bn1.weight": {
    "max": 0.01380961574614048,
    "mean": 0.007616312993276451
  },
  "layer4.2.bn2.bias": {
    "max": 0.00852932408452034,
    "mean": 0.003924534940678213
  },
  "layer4.2.bn2.weight": {
    "max": 0.011745106428861618,
    "mean": 0.00596671530769931
  },
  "layer4.2.bn3.bias": {
    "max": 0.007535490207374096,
    "mean": 0.003974877996370196
  },
  "layer4.2.bn3.weight": {
    "max": 0.01376243308186531,
    "mean": 0.007588651471046938
  },
  "layer4.2.conv1.weight": {
    "max": 0.04486574977636337,
    "mean": 0.02152249827567074
  },
  "layer4.2.conv2.weight": {
    "max": 0.02334539033472538,
    "mean": 0.011019544210284948
  },
  "layer4.2.conv3.weight": {
    "max": 0.015868496149778366,
    "mean": 0.008878904084364573
  }
}