{
  "fc.bias": {
    "max": 0.02580910176038742,
    "mean": 0.015056889711154832
  },
  "fc.weight": {
    "max": 0.3499765694141388,
    "mean": 0.18440776897801292
  },
  "layer4.1.bn3.bias": {
    "max": 0.012104404158890247,
    "mean": 0.006676478544250131
  },
  "layer4.1.bn3.weight": {
    "max": 0.01924087479710579,
    "mean": 0.010786405247118738
  },
  "layer4.1.conv3.weight": {
    "max": 0.039175476878881454,
    "mean": 0.02444060126112567
  },
  "layer4.2.bn1.bias": {
    "max": 0.01335703395307064,
    "mean": 0.00754921759168307
  },
  "layer4.2.bn1.weight": {
    "max": 0.01744103990495205,
    "mean": 0.010357733867648575
  },
  "layer4.2.bn2.bias": {
    "max": 0.008520558476448059,
    "mean": 0.005089352398903834
  },
  "layer4.2.bn2.weight": {
    "max": 0.012098484672605991,
    "mean": 0.007812103722244501
  },
  "layer4.2.bn3.bias": {
    "max": 0.008051874116063118,
    "mean": 0.005083977348274655
  },
  "layer4.2.bn3.weight": {
    "max": 0.015033282339572906,
    "mean": 0.009606122453179624
  },
  "layer4.2.conv1.weight": {
    "max": 0.04355238005518913,
    "mean": 0.02873132408907016
  },
  "layer4.2.conv2.weight": {
    "max": 0.021793004125356674,
    "mean": 0.014451463913751973
  },
  "layer4.2.conv3.weight": {
    "max": 0.02239193022251129,
    "mean": 0.012134886915898986
  }
}