{
  "fc.bias": {
    "max": 0.20442289113998413,
    "mean": 0.17480340600013733
  },
  "fc.weight": {
    "max": 1.4539133310317993,
    "mean": 1.2454688019222684
  },
  "layer4.1.bn3.bias": {
    "max": 0.02668941020965576,
    "mean": 0.02406111711429225
  },
  "layer4.1.bn3.weight": {
    "max": 0.04107847809791565,
    "mean": 0.03732639509770605
  },
  "layer4.1.conv3.weight": {
    "max": 0.17125341296195984,
    "mean": 0.10356464733680089
  },
  "layer4.2.bn1.bias": {
    "max": 0.025530532002449036,
    "mean": 0.022623977727360196
  },
  "layer4.2.bn1.weight": {
    "max": 0.03574686869978905,
    "mean": 0.03118311075700654
  },
  "layer4.2.bn2.bias": {
    "max": 0.02712593600153923,
    "mean": 0.02419750371740924
  },
  "layer4.2.bn2.weight": {
    "max": 0.035547077655792236,
    "mean": 0.03259577333099312
  },
  "layer4.2.bn3.bias": {
    "max": 0.031988341361284256,
    "mean": 0.028017243577374354
  },
  "layer4.2.bn3.weight": {
    "max": 0.050227127969264984,
    "mean": 0.046158116310834885
  },
  "layer4.2.conv1.weight": {
    "max": 0.11293799430131912,
    "mean": 0.0973358733786477
  },
  "layer4.2.conv2.weight": {
    "max": 0.07067368924617767,
    "mean": 0.0621521414981948
  },
  "layer4.2.conv3.weight": {
    "max": 0.056945525109767914,
    "mean": 0.048232059511873454
  }
}