{
  "fc.bias": {
    "max": 0.08286823332309723,
    "mean": 0.06370577630069521
  },
  "fc.weight": {
    "max": 0.8280676603317261,
    "mean": 0.6463608609305488
  },
  "layer4.1.bn3.bias": {
    "max": 0.02782299369573593,
    "mean": 0.017061035355759993
  },
  "layer4.1.bn3.weight": {
    "max": 0.04207552596926689,
    "mean": 0.02701455954876211
  },
  "layer4.1.conv3.weight": {
    "max": 0.09615901112556458,
    "mean": 0.06272003344363636
  },
  "layer4.2.bn1.bias": {
    "max": 0.02459116280078888,
    "mean": 0.017149760180877313
  },
  "layer4.2.bn1.weight": {
    "max": 0.03303667902946472,
    "mean": 0.023855830025341775
  },
  "layer4.2.bn2.bias": {
    "max": 0.021486494690179825,
    "mean": 0.014387240840329064
  },
  "layer4.2.bn2.weight": {
    "max": 0.03067527897655964,
    "mean": 0.02093369648274448
  },
  "layer4.2.bn3.bias": {
    "max": 0.02044820785522461,
    "mean": 0.017171730390853353
  },
  "layer4.2.bn3.weight": {
    "max": 0.03905598819255829,
    "mean": 0.03164462207092179
  },
  "layer4.2.conv1.weight": {
    "max": 0.1082884818315506,
    "mean": 0.07189565814203686
  },
  "layer4.2.conv2.weight": {
    "max": 0.0559903159737587,
    "mean": 0.03898042792247401
  },
  "layer4.2.conv3.weight": {
    "max": 0.043272700160741806,
    "mean": 0.033693698338336416
  }
}