{
  "fc.bias": {
    "max": 0.01857762038707733,
    "mean": 0.01156906426573793
  },
  "fc.weight": {
    "max": 0.20227587223052979,
    "mean": 0.13337334079874885
  },
  "layer4.1.bn3.bias": {
    "max": 0.009007211774587631,
    "mean": 0.00522663710742361
  },
  "layer4.1.bn3.weight": {
    "max": 0.014653431251645088,
    "mean": 0.008845161905305253
  },
  "layer4.1.conv3.weight": {
    "max": 0.03492168337106705,
    "mean": 0.02076188712898228
  },
  "layer4.2.bn1.bias": {
    "max": 0.010689852759242058,
    "mean": 0.0056767520856940085
  },
  "layer4.2.bn1.weight": {
    "max": 0.015244614332914352,
    "mean": 0.008572854049917724
  },
  "layer4.2.bn2.bias": {
    "max": 0.006154497619718313,
    "mean": 0.0038639954032583367
  },
  "layer4.2.bn2.weight": {
    "max": 0.010067196562886238,
    "mean": 0.006596120203741723
  },
  "layer4.2.bn3.bias": {
    "max": 0.005964009091258049,
    "mean": 0.0040826759456346435
  },
  "layer4.2.bn3.weight": {
    "max": 0.011003997176885605,
    "mean": 0.007843832537117932
  },
  "layer4.2.conv1.weight": {
    "max": 0.043675605207681656,
    "mean": 0.024912350811064243
  },
  "layer4.2.conv2.weight": {
    "max": 0.018891094252467155,
    "mean": 0.011203181464225054
  },
  "layer4.2.conv3.weight": {
    "max": 0.01554446667432785,
    "mean": 0.009324603093167147
  }
}