{
  "fc.bias": {
    "max": 0.11613648384809494,
    "mean": 0.0891289355026351
  },
  "fc.weight": {
    "max": 1.029337763786316,
    "mean": 0.8340989285045199
  },
  "layer4.1.bn3.bias": {
    "max": 0.027337804436683655,
    "mean": 0.021133715493811503
  },
  "layer4.1.bn3.weight": {
    "max": 0.04456760361790657,
    "mean": 0.03362273445559873
  },
  "layer4.1.conv3.weight": {
    "max": 0.11030913889408112,
    "mean": 0.07926037948992518
  },
  "layer4.2.bn1.bias": {
    "max": 0.028090720996260643,
    "mean": 0.022267906202210322
  },
  "layer4.2.bn1.weight": {
    "max": 0.038241494446992874,
    "mean": 0.030562147705091372
  },
  "layer4.2.bn2.bias": {
    "max": 0.02257557399570942,
    "mean": 0.017844298130108252
  },
  "layer4.2.bn2.weight": {
    "max": 0.031935688108205795,
    "mean": 0.025671113696363237
  },
  "layer4.2.bn3.bias": {
    "max": 0.026375623419880867,
    "mean": 0.021709686766068142
  },
  "layer4.2.bn3.weight": {
    "max": 0.04845382273197174,
    "mean": 0.039049286395311356
  },
  "layer4.2.conv1.weight": {
    "max": 0.12615260481834412,
    "mean": 0.08895942899915907
  },
  "layer4.2.conv2.weight": {
    "max": 0.0626019537448883,
    "mean": 0.04798213061359194
  },
  "layer4.2.conv3.weight": {
    "max": 0.054704587906599045,
    "mean": 0.041561567741963595
  }
}